task_id,0,arriving_time,1119.4550778288658
task_id,0,gpu_num,256
task_id,1,arriving_time,1805.8993078999251
task_id,1,gpu_num,256
task_id,2,arriving_time,3193.2235947500494
task_id,2,gpu_num,512
task_id,3,arriving_time,3420.353034680458
task_id,3,gpu_num,512
task_id,4,arriving_time,4677.410462253336
task_id,4,gpu_num,512
task_id,5,arriving_time,4944.74874579683
task_id,5,gpu_num,32
task_id,6,arriving_time,5619.546622636699
task_id,6,gpu_num,32
task_id,7,arriving_time,7602.325138035703
task_id,7,gpu_num,256
task_id,8,arriving_time,8362.664667026802
task_id,8,gpu_num,256
task_id,9,arriving_time,9221.297206849904
task_id,9,gpu_num,256
task_id,10,arriving_time,11593.803636243469
task_id,10,gpu_num,256
task_id,11,arriving_time,12530.408504989224
task_id,11,gpu_num,32
task_id,12,arriving_time,13053.03401954039
task_id,12,gpu_num,256
task_id,13,arriving_time,15102.727829143301
task_id,13,gpu_num,256
task_id,14,arriving_time,15510.384495011514
task_id,14,gpu_num,32
task_id,15,arriving_time,15914.792057151179
task_id,15,gpu_num,256
task_id,16,arriving_time,16038.862118094235
task_id,16,gpu_num,256
task_id,17,arriving_time,17826.1859494193
task_id,17,gpu_num,256
task_id,18,arriving_time,18322.909938234563
task_id,18,gpu_num,32
task_id,19,arriving_time,18947.74194428163
task_id,19,gpu_num,256
task_id,20,arriving_time,19916.761868971782
task_id,20,gpu_num,256
task_id,21,arriving_time,20106.85821455749
task_id,21,gpu_num,32
task_id,22,arriving_time,20170.621798925506
task_id,22,gpu_num,32
task_id,23,arriving_time,20175.812818106766
task_id,23,gpu_num,256
task_id,24,arriving_time,20304.74104923949
task_id,24,gpu_num,32
task_id,25,arriving_time,20486.10807987576
task_id,25,gpu_num,128
task_id,26,arriving_time,20869.83886269107
task_id,26,gpu_num,32
task_id,27,arriving_time,21842.313467584994
task_id,27,gpu_num,256
task_id,28,arriving_time,22600.623157346243
task_id,28,gpu_num,32
task_id,29,arriving_time,22648.2520649259
task_id,29,gpu_num,32
task_id,30,arriving_time,23649.17659274883
task_id,30,gpu_num,256
task_id,31,arriving_time,24044.144984985618
task_id,31,gpu_num,32
task_id,32,arriving_time,24285.21563809676
task_id,32,gpu_num,256
task_id,33,arriving_time,24335.89824887914
task_id,33,gpu_num,32
task_id,34,arriving_time,24660.29899346212
task_id,34,gpu_num,32
task_id,35,arriving_time,25081.924967330484
task_id,35,gpu_num,32
task_id,36,arriving_time,29065.271955458556
task_id,36,gpu_num,32
task_id,37,arriving_time,29072.68636963513
task_id,37,gpu_num,256
task_id,38,arriving_time,29848.429099727637
task_id,38,gpu_num,32
task_id,39,arriving_time,30654.24606731991
task_id,39,gpu_num,32
task_id,40,arriving_time,30659.592178251507
task_id,40,gpu_num,32
task_id,41,arriving_time,30877.8437142259
task_id,41,gpu_num,32
task_id,42,arriving_time,31007.84551348278
task_id,42,gpu_num,32
task_id,43,arriving_time,31176.105903237494
task_id,43,gpu_num,32
task_id,44,arriving_time,33975.25499162069
task_id,44,gpu_num,32
task_id,45,arriving_time,34288.03810039723
task_id,45,gpu_num,32
task_id,46,arriving_time,35678.31396832354
task_id,46,gpu_num,32
task_id,47,arriving_time,36786.94280345862
task_id,47,gpu_num,32
task_id,48,arriving_time,36955.13353535297
task_id,48,gpu_num,32
task_id,49,arriving_time,38403.79593785754
task_id,49,gpu_num,32
task_id,50,arriving_time,39231.79359183718
task_id,50,gpu_num,32
task_id,51,arriving_time,41743.198150245684
task_id,51,gpu_num,32
task_id,52,arriving_time,42472.26909162507
task_id,52,gpu_num,32
task_id,53,arriving_time,43668.70732913698
task_id,53,gpu_num,32
task_id,54,arriving_time,43923.756886941504
task_id,54,gpu_num,32
task_id,55,arriving_time,44770.32388032546
task_id,55,gpu_num,32
task_id,56,arriving_time,45869.7511420118
task_id,56,gpu_num,32
task_id,57,arriving_time,46054.90295673308
task_id,57,gpu_num,256
task_id,58,arriving_time,46278.1730569395
task_id,58,gpu_num,256
task_id,59,arriving_time,46392.4948598117
task_id,59,gpu_num,256
task_id,60,arriving_time,47849.75818927552
task_id,60,gpu_num,1024
task_id,61,arriving_time,48049.05888654562
task_id,61,gpu_num,32
task_id,62,arriving_time,48868.06149128496
task_id,62,gpu_num,32
task_id,63,arriving_time,49139.56273344975
task_id,63,gpu_num,32
task_id,64,arriving_time,51035.685646160826
task_id,64,gpu_num,32
task_id,65,arriving_time,51371.29761841889
task_id,65,gpu_num,256
task_id,66,arriving_time,52210.521873615726
task_id,66,gpu_num,32
task_id,67,arriving_time,52600.21805805737
task_id,67,gpu_num,32
task_id,68,arriving_time,53215.30833047306
task_id,68,gpu_num,32
task_id,69,arriving_time,55184.97940844462
task_id,69,gpu_num,32
task_id,70,arriving_time,56811.64309413972
task_id,70,gpu_num,256
task_id,71,arriving_time,56894.311318927575
task_id,71,gpu_num,1024
task_id,72,arriving_time,57085.01753922438
task_id,72,gpu_num,32
task_id,73,arriving_time,57156.75919066897
task_id,73,gpu_num,32
task_id,74,arriving_time,57833.84252740072
task_id,74,gpu_num,32
task_id,75,arriving_time,59194.05456299182
task_id,75,gpu_num,256
task_id,76,arriving_time,61254.050066449716
task_id,76,gpu_num,512
task_id,77,arriving_time,62949.31274792588
task_id,77,gpu_num,256
task_id,78,arriving_time,63169.44681881929
task_id,78,gpu_num,256
task_id,79,arriving_time,63857.52022355815
task_id,79,gpu_num,32
task_id,80,arriving_time,64951.2935920149
task_id,80,gpu_num,256
task_id,81,arriving_time,65277.80939690491
task_id,81,gpu_num,32
task_id,82,arriving_time,65501.14811112421
task_id,82,gpu_num,512
task_id,83,arriving_time,68270.60489197154
task_id,83,gpu_num,32
task_id,84,arriving_time,73377.93903251179
task_id,84,gpu_num,32
task_id,85,arriving_time,73791.81465710446
task_id,85,gpu_num,256
task_id,86,arriving_time,74533.35557303828
task_id,86,gpu_num,128
task_id,87,arriving_time,74821.61883735273
task_id,87,gpu_num,512
task_id,88,arriving_time,76758.48290324262
task_id,88,gpu_num,512
task_id,89,arriving_time,79593.78143348274
task_id,89,gpu_num,128
task_id,90,arriving_time,80223.52214434571
task_id,90,gpu_num,32
task_id,91,arriving_time,80293.38556210627
task_id,91,gpu_num,32
task_id,92,arriving_time,80968.95569393302
task_id,92,gpu_num,128
task_id,93,arriving_time,82316.74645500397
task_id,93,gpu_num,32
task_id,94,arriving_time,83926.36542534608
task_id,94,gpu_num,256
task_id,95,arriving_time,85709.30384189945
task_id,95,gpu_num,512
task_id,96,arriving_time,85863.28768394236
task_id,96,gpu_num,256
task_id,97,arriving_time,86112.84639766901
task_id,97,gpu_num,512
task_id,98,arriving_time,87437.28326047819
task_id,98,gpu_num,512
task_id,99,arriving_time,87514.36861707542
task_id,99,gpu_num,256
task_id,100,arriving_time,88704.34642037218
task_id,100,gpu_num,512
task_id,101,arriving_time,88869.01262753391
task_id,101,gpu_num,32
task_id,102,arriving_time,90918.17669564826
task_id,102,gpu_num,256
task_id,103,arriving_time,95435.4045693166
task_id,103,gpu_num,256
task_id,104,arriving_time,96126.48293992219
task_id,104,gpu_num,128
task_id,105,arriving_time,96720.35403806696
task_id,105,gpu_num,256
task_id,106,arriving_time,96924.38640086957
task_id,106,gpu_num,256
task_id,107,arriving_time,98987.25605731903
task_id,107,gpu_num,256
task_id,108,arriving_time,99705.56835976616
task_id,108,gpu_num,256
task_id,109,arriving_time,99832.794624314
task_id,109,gpu_num,128
task_id,110,arriving_time,99959.91330415828
task_id,110,gpu_num,256
task_id,111,arriving_time,100228.28156897676
task_id,111,gpu_num,512
task_id,112,arriving_time,100394.76725801773
task_id,112,gpu_num,128
task_id,113,arriving_time,101098.42834884982
task_id,113,gpu_num,256
task_id,114,arriving_time,102250.25971846186
task_id,114,gpu_num,256
task_id,115,arriving_time,104085.08056817205
task_id,115,gpu_num,256
task_id,116,arriving_time,105394.83684434312
task_id,116,gpu_num,32
task_id,117,arriving_time,106869.29613009507
task_id,117,gpu_num,32
task_id,118,arriving_time,106930.92789509035
task_id,118,gpu_num,32
task_id,119,arriving_time,109932.5447683394
task_id,119,gpu_num,32
task_id,120,arriving_time,109991.65677878394
task_id,120,gpu_num,32
task_id,121,arriving_time,110218.03838324368
task_id,121,gpu_num,32
task_id,122,arriving_time,110470.29253914763
task_id,122,gpu_num,32
task_id,123,arriving_time,112227.74097498943
task_id,123,gpu_num,32
task_id,124,arriving_time,113203.86410996903
task_id,124,gpu_num,256
task_id,125,arriving_time,113233.29496847703
task_id,125,gpu_num,32
task_id,126,arriving_time,113273.13185592207
task_id,126,gpu_num,32
task_id,127,arriving_time,113440.19562646707
task_id,127,gpu_num,32
task_id,128,arriving_time,113673.81825141067
task_id,128,gpu_num,32
task_id,129,arriving_time,116473.642962876
task_id,129,gpu_num,32
task_id,130,arriving_time,117719.68545620091
task_id,130,gpu_num,32
task_id,131,arriving_time,117952.47988550784
task_id,131,gpu_num,256
task_id,132,arriving_time,118079.17723805271
task_id,132,gpu_num,256
task_id,133,arriving_time,119607.90976420447
task_id,133,gpu_num,256
task_id,134,arriving_time,119755.30137235094
task_id,134,gpu_num,256
task_id,135,arriving_time,122175.81812433699
task_id,135,gpu_num,256
task_id,136,arriving_time,122436.39174379752
task_id,136,gpu_num,256
task_id,137,arriving_time,122789.58894593902
task_id,137,gpu_num,256
task_id,138,arriving_time,124750.67583438309
task_id,138,gpu_num,32
task_id,139,arriving_time,125723.21863868294
task_id,139,gpu_num,256
task_id,140,arriving_time,125862.4436412883
task_id,140,gpu_num,32
task_id,141,arriving_time,126431.38933373624
task_id,141,gpu_num,512
task_id,142,arriving_time,127594.6117572696
task_id,142,gpu_num,256
task_id,143,arriving_time,128230.53545931065
task_id,143,gpu_num,512
task_id,144,arriving_time,128704.79259135552
task_id,144,gpu_num,32
task_id,145,arriving_time,128916.46551871022
task_id,145,gpu_num,256
task_id,146,arriving_time,130198.03330217765
task_id,146,gpu_num,32
task_id,147,arriving_time,131254.22791500695
task_id,147,gpu_num,256
task_id,148,arriving_time,135029.68195388676
task_id,148,gpu_num,32
task_id,149,arriving_time,135862.72372853427
task_id,149,gpu_num,256
task_id,150,arriving_time,136027.85917790516
task_id,150,gpu_num,256
task_id,151,arriving_time,136764.56153781456
task_id,151,gpu_num,32
task_id,152,arriving_time,137497.8707218797
task_id,152,gpu_num,512
task_id,153,arriving_time,137628.65452284963
task_id,153,gpu_num,256
task_id,154,arriving_time,138033.50575975375
task_id,154,gpu_num,256
task_id,155,arriving_time,139664.7563776769
task_id,155,gpu_num,256
task_id,156,arriving_time,139982.05355244825
task_id,156,gpu_num,256
task_id,157,arriving_time,141757.59554208667
task_id,157,gpu_num,256
task_id,158,arriving_time,142173.74012865813
task_id,158,gpu_num,32
task_id,159,arriving_time,143467.06667483624
task_id,159,gpu_num,32
task_id,160,arriving_time,143575.98377248505
task_id,160,gpu_num,256
task_id,161,arriving_time,144449.34813978287
task_id,161,gpu_num,32
task_id,162,arriving_time,144797.71799421826
task_id,162,gpu_num,32
task_id,163,arriving_time,145149.35292339776
task_id,163,gpu_num,32
task_id,164,arriving_time,146864.01061203802
task_id,164,gpu_num,32
task_id,165,arriving_time,148027.5367986681
task_id,165,gpu_num,512
task_id,166,arriving_time,148248.01503629252
task_id,166,gpu_num,32
task_id,167,arriving_time,148341.5565265038
task_id,167,gpu_num,32
task_id,168,arriving_time,148731.51536428422
task_id,168,gpu_num,256
task_id,169,arriving_time,149681.8106645827
task_id,169,gpu_num,256
task_id,170,arriving_time,151357.28286814218
task_id,170,gpu_num,256
task_id,171,arriving_time,151926.40118361538
task_id,171,gpu_num,32
task_id,172,arriving_time,154685.29352890782
task_id,172,gpu_num,32
task_id,173,arriving_time,154814.68704639445
task_id,173,gpu_num,256
task_id,174,arriving_time,155234.8473731768
task_id,174,gpu_num,256
task_id,175,arriving_time,156063.69597474494
task_id,175,gpu_num,32
task_id,176,arriving_time,156578.48884640465
task_id,176,gpu_num,32
task_id,177,arriving_time,160047.2799362107
task_id,177,gpu_num,32
task_id,178,arriving_time,160309.17277809227
task_id,178,gpu_num,256
task_id,179,arriving_time,161947.42366336787
task_id,179,gpu_num,256
task_id,180,arriving_time,162262.3471999911
task_id,180,gpu_num,256
task_id,181,arriving_time,162593.5311526372
task_id,181,gpu_num,512
task_id,182,arriving_time,163931.4400933384
task_id,182,gpu_num,512
task_id,183,arriving_time,164362.9668370108
task_id,183,gpu_num,256
task_id,184,arriving_time,164894.6139596557
task_id,184,gpu_num,256
task_id,185,arriving_time,166160.64556571533
task_id,185,gpu_num,32
task_id,186,arriving_time,166254.22371852363
task_id,186,gpu_num,256
task_id,187,arriving_time,166816.39557108664
task_id,187,gpu_num,32
task_id,188,arriving_time,167638.5789477153
task_id,188,gpu_num,32
task_id,189,arriving_time,168744.66137769877
task_id,189,gpu_num,32
task_id,190,arriving_time,168923.39165940162
task_id,190,gpu_num,32
task_id,191,arriving_time,170788.1406639084
task_id,191,gpu_num,32
task_id,192,arriving_time,170975.02830574135
task_id,192,gpu_num,32
task_id,193,arriving_time,171111.77321024204
task_id,193,gpu_num,256
task_id,194,arriving_time,171882.30670177532
task_id,194,gpu_num,256
task_id,195,arriving_time,173729.00478034388
task_id,195,gpu_num,512
task_id,196,arriving_time,173741.62793360354
task_id,196,gpu_num,256
task_id,197,arriving_time,174200.5563548435
task_id,197,gpu_num,256
task_id,198,arriving_time,174610.06225331526
task_id,198,gpu_num,256
task_id,199,arriving_time,176782.07751441642
task_id,199,gpu_num,256
task_id,200,arriving_time,177336.36044208956
task_id,200,gpu_num,256
task_id,201,arriving_time,177558.98958893793
task_id,201,gpu_num,128
task_id,202,arriving_time,178567.5515067036
task_id,202,gpu_num,256
task_id,203,arriving_time,180008.7958138574
task_id,203,gpu_num,128
task_id,204,arriving_time,182199.90651552178
task_id,204,gpu_num,256
task_id,205,arriving_time,184671.66324629926
task_id,205,gpu_num,256
task_id,206,arriving_time,185767.58790964668
task_id,206,gpu_num,512
task_id,207,arriving_time,185785.9434755722
task_id,207,gpu_num,256
task_id,208,arriving_time,187413.54564178395
task_id,208,gpu_num,512
task_id,209,arriving_time,188760.40266700383
task_id,209,gpu_num,256
task_id,210,arriving_time,188960.0383245597
task_id,210,gpu_num,256
task_id,211,arriving_time,189570.42001677718
task_id,211,gpu_num,32
task_id,212,arriving_time,191491.7030276361
task_id,212,gpu_num,512
task_id,213,arriving_time,191931.75731331905
task_id,213,gpu_num,32
task_id,214,arriving_time,191948.32408086525
task_id,214,gpu_num,256
task_id,215,arriving_time,192981.5832620904
task_id,215,gpu_num,256
task_id,216,arriving_time,193622.53426423695
task_id,216,gpu_num,32
task_id,217,arriving_time,193819.0753191584
task_id,217,gpu_num,512
task_id,218,arriving_time,197405.01158576383
task_id,218,gpu_num,512
task_id,219,arriving_time,197435.9415873787
task_id,219,gpu_num,32
task_id,220,arriving_time,197935.83808999916
task_id,220,gpu_num,1024
task_id,221,arriving_time,199263.52672383975
task_id,221,gpu_num,32
task_id,222,arriving_time,201107.15280294005
task_id,222,gpu_num,32
task_id,223,arriving_time,203575.83002019464
task_id,223,gpu_num,256
task_id,224,arriving_time,205774.7050264562
task_id,224,gpu_num,256
task_id,225,arriving_time,207655.04362823797
task_id,225,gpu_num,256
task_id,226,arriving_time,210017.76499908083
task_id,226,gpu_num,256
task_id,227,arriving_time,211426.70721789935
task_id,227,gpu_num,128
task_id,228,arriving_time,212458.74546913579
task_id,228,gpu_num,32
task_id,229,arriving_time,213743.75404313888
task_id,229,gpu_num,32
task_id,230,arriving_time,214301.92457162385
task_id,230,gpu_num,32
task_id,231,arriving_time,214808.58316342774
task_id,231,gpu_num,32
task_id,232,arriving_time,215736.43001116998
task_id,232,gpu_num,32
task_id,233,arriving_time,215752.29477582892
task_id,233,gpu_num,128
task_id,234,arriving_time,216197.44148843008
task_id,234,gpu_num,128
task_id,235,arriving_time,217110.00907441752
task_id,235,gpu_num,32
task_id,236,arriving_time,217504.44214730844
task_id,236,gpu_num,32
task_id,237,arriving_time,218713.04318637864
task_id,237,gpu_num,32
task_id,238,arriving_time,218772.8118720545
task_id,238,gpu_num,32
task_id,239,arriving_time,219048.6453994459
task_id,239,gpu_num,32
task_id,240,arriving_time,220745.08495756192
task_id,240,gpu_num,32
task_id,241,arriving_time,220866.1033480987
task_id,241,gpu_num,128
task_id,242,arriving_time,222186.5404276212
task_id,242,gpu_num,32
task_id,243,arriving_time,222589.7716651932
task_id,243,gpu_num,32
task_id,244,arriving_time,223558.60046678653
task_id,244,gpu_num,32
task_id,245,arriving_time,223780.90048405618
task_id,245,gpu_num,32
task_id,246,arriving_time,223882.1544260157
task_id,246,gpu_num,128
task_id,247,arriving_time,224582.88359734483
task_id,247,gpu_num,32
task_id,248,arriving_time,224700.75951700337
task_id,248,gpu_num,128
task_id,249,arriving_time,224812.3595749499
task_id,249,gpu_num,32
task_id,250,arriving_time,225710.65817374978
task_id,250,gpu_num,32
task_id,251,arriving_time,226250.2437849824
task_id,251,gpu_num,32
task_id,252,arriving_time,229688.0108593019
task_id,252,gpu_num,32
task_id,253,arriving_time,229787.5783694219
task_id,253,gpu_num,32
task_id,254,arriving_time,229913.91527678884
task_id,254,gpu_num,128
task_id,255,arriving_time,229924.75705783314
task_id,255,gpu_num,32
task_id,256,arriving_time,230446.71451362938
task_id,256,gpu_num,32
task_id,257,arriving_time,230576.42351161042
task_id,257,gpu_num,32
task_id,258,arriving_time,230869.2847268268
task_id,258,gpu_num,32
task_id,259,arriving_time,231511.91331283987
task_id,259,gpu_num,32
task_id,260,arriving_time,231597.45968596824
task_id,260,gpu_num,32
task_id,261,arriving_time,232367.71027207098
task_id,261,gpu_num,32
task_id,262,arriving_time,232831.08833337392
task_id,262,gpu_num,256
task_id,263,arriving_time,233784.799580067
task_id,263,gpu_num,32
task_id,264,arriving_time,234483.60482172607
task_id,264,gpu_num,32
task_id,265,arriving_time,234744.11499549382
task_id,265,gpu_num,32
task_id,266,arriving_time,236732.7340173881
task_id,266,gpu_num,32
task_id,267,arriving_time,236786.19046573353
task_id,267,gpu_num,32
task_id,268,arriving_time,236858.37466743804
task_id,268,gpu_num,256
task_id,269,arriving_time,237028.85115472527
task_id,269,gpu_num,256
task_id,270,arriving_time,237346.8376461876
task_id,270,gpu_num,32
task_id,271,arriving_time,237475.55237091295
task_id,271,gpu_num,32
task_id,272,arriving_time,237687.88978609146
task_id,272,gpu_num,32
task_id,273,arriving_time,237838.0810643865
task_id,273,gpu_num,32
task_id,274,arriving_time,240110.0302794135
task_id,274,gpu_num,32
task_id,275,arriving_time,241254.44116744766
task_id,275,gpu_num,32
task_id,276,arriving_time,241661.06378082835
task_id,276,gpu_num,32
task_id,277,arriving_time,245554.82433943788
task_id,277,gpu_num,32
task_id,278,arriving_time,249092.30412585987
task_id,278,gpu_num,256
task_id,279,arriving_time,249920.54388760062
task_id,279,gpu_num,32
task_id,280,arriving_time,251384.5350742448
task_id,280,gpu_num,32
task_id,281,arriving_time,251513.67786991078
task_id,281,gpu_num,1024
task_id,282,arriving_time,251966.81976166804
task_id,282,gpu_num,256
task_id,283,arriving_time,253634.07176467488
task_id,283,gpu_num,256
task_id,284,arriving_time,253635.64776404045
task_id,284,gpu_num,32
task_id,285,arriving_time,253698.56103158364
task_id,285,gpu_num,1024
task_id,286,arriving_time,254160.438982236
task_id,286,gpu_num,32
task_id,287,arriving_time,254516.37897669658
task_id,287,gpu_num,256
task_id,288,arriving_time,254648.26147668195
task_id,288,gpu_num,32
task_id,289,arriving_time,255703.41946439492
task_id,289,gpu_num,32
task_id,290,arriving_time,255809.01048639102
task_id,290,gpu_num,32
task_id,291,arriving_time,257940.35421646805
task_id,291,gpu_num,32
task_id,292,arriving_time,257989.47583648833
task_id,292,gpu_num,32
task_id,293,arriving_time,259005.9588837224
task_id,293,gpu_num,32
task_id,294,arriving_time,261256.02383213595
task_id,294,gpu_num,32
task_id,295,arriving_time,261583.8172131726
task_id,295,gpu_num,512
task_id,296,arriving_time,262022.49096970112
task_id,296,gpu_num,256
task_id,297,arriving_time,262046.19653473375
task_id,297,gpu_num,256
task_id,298,arriving_time,262175.92825729796
task_id,298,gpu_num,32
task_id,299,arriving_time,263658.9532157613
task_id,299,gpu_num,512
task_id,300,arriving_time,263744.35534163384
task_id,300,gpu_num,256
task_id,301,arriving_time,264088.5200549238
task_id,301,gpu_num,512
task_id,302,arriving_time,264185.4990291615
task_id,302,gpu_num,512
task_id,303,arriving_time,265333.442327323
task_id,303,gpu_num,32
task_id,304,arriving_time,265703.1804705249
task_id,304,gpu_num,32
task_id,305,arriving_time,266416.41536986764
task_id,305,gpu_num,512
task_id,306,arriving_time,267167.08721640223
task_id,306,gpu_num,256
task_id,307,arriving_time,267360.22171224444
task_id,307,gpu_num,256
task_id,308,arriving_time,267456.1256452346
task_id,308,gpu_num,256
task_id,309,arriving_time,268769.5290115425
task_id,309,gpu_num,32
task_id,310,arriving_time,268880.87159063143
task_id,310,gpu_num,1024
task_id,311,arriving_time,269787.6677334699
task_id,311,gpu_num,32
task_id,312,arriving_time,271685.0768256985
task_id,312,gpu_num,32
task_id,313,arriving_time,272518.9250381579
task_id,313,gpu_num,32
task_id,314,arriving_time,273211.2675521161
task_id,314,gpu_num,32
task_id,315,arriving_time,273446.0087864839
task_id,315,gpu_num,32
task_id,316,arriving_time,274705.4792317203
task_id,316,gpu_num,256
task_id,317,arriving_time,275477.72454170557
task_id,317,gpu_num,256
task_id,318,arriving_time,275871.851858996
task_id,318,gpu_num,512
task_id,319,arriving_time,276294.20622827526
task_id,319,gpu_num,32
task_id,320,arriving_time,277772.345412014
task_id,320,gpu_num,32
task_id,321,arriving_time,277794.6630209964
task_id,321,gpu_num,32
task_id,322,arriving_time,278616.2538264346
task_id,322,gpu_num,32
task_id,323,arriving_time,278882.81734698516
task_id,323,gpu_num,256
task_id,324,arriving_time,280141.77562220587
task_id,324,gpu_num,32
task_id,325,arriving_time,281281.18987109937
task_id,325,gpu_num,32
task_id,326,arriving_time,281818.8789355628
task_id,326,gpu_num,32
task_id,327,arriving_time,282355.5971647783
task_id,327,gpu_num,32
task_id,328,arriving_time,282377.7050059585
task_id,328,gpu_num,32
task_id,329,arriving_time,282486.1378566788
task_id,329,gpu_num,32
task_id,330,arriving_time,282521.77679912554
task_id,330,gpu_num,32
task_id,331,arriving_time,285019.65718879545
task_id,331,gpu_num,32
task_id,332,arriving_time,285731.77182156994
task_id,332,gpu_num,32
task_id,333,arriving_time,286793.7472216473
task_id,333,gpu_num,32
task_id,334,arriving_time,287639.4920621665
task_id,334,gpu_num,256
task_id,335,arriving_time,288450.77491114655
task_id,335,gpu_num,256
task_id,336,arriving_time,289244.2731073553
task_id,336,gpu_num,512
task_id,337,arriving_time,290014.4873370843
task_id,337,gpu_num,32
task_id,338,arriving_time,290360.2609227294
task_id,338,gpu_num,32
task_id,339,arriving_time,290722.9553396348
task_id,339,gpu_num,32
task_id,340,arriving_time,291009.452989561
task_id,340,gpu_num,256
task_id,341,arriving_time,291938.9919406525
task_id,341,gpu_num,256
task_id,342,arriving_time,291970.5339112073
task_id,342,gpu_num,256
task_id,343,arriving_time,292096.7487335608
task_id,343,gpu_num,32
task_id,344,arriving_time,293068.0074275403
task_id,344,gpu_num,32
task_id,345,arriving_time,293334.8994633362
task_id,345,gpu_num,512
task_id,346,arriving_time,294375.2330134783
task_id,346,gpu_num,32
task_id,347,arriving_time,295514.3881100206
task_id,347,gpu_num,32
task_id,348,arriving_time,296334.1102463849
task_id,348,gpu_num,512
task_id,349,arriving_time,296376.8604116629
task_id,349,gpu_num,32
task_id,350,arriving_time,296733.39867463044
task_id,350,gpu_num,32
task_id,351,arriving_time,297008.09671594395
task_id,351,gpu_num,32
task_id,352,arriving_time,298882.8874120656
task_id,352,gpu_num,256
task_id,353,arriving_time,300731.4629345973
task_id,353,gpu_num,32
task_id,354,arriving_time,301409.58257624425
task_id,354,gpu_num,32
task_id,355,arriving_time,301693.9411613695
task_id,355,gpu_num,32
task_id,356,arriving_time,303130.2735412808
task_id,356,gpu_num,512
task_id,357,arriving_time,304063.78412863665
task_id,357,gpu_num,256
task_id,358,arriving_time,304419.57312527153
task_id,358,gpu_num,512
task_id,359,arriving_time,305321.34804524
task_id,359,gpu_num,512
task_id,360,arriving_time,305889.5630149055
task_id,360,gpu_num,32
task_id,361,arriving_time,306840.3310019849
task_id,361,gpu_num,256
task_id,362,arriving_time,307418.0875283845
task_id,362,gpu_num,32
task_id,363,arriving_time,307670.1181185731
task_id,363,gpu_num,32
task_id,364,arriving_time,308702.61277962313
task_id,364,gpu_num,32
task_id,365,arriving_time,311279.93847735977
task_id,365,gpu_num,32
task_id,366,arriving_time,312427.1230843386
task_id,366,gpu_num,32
task_id,367,arriving_time,312687.73139448225
task_id,367,gpu_num,32
task_id,368,arriving_time,312791.5984649276
task_id,368,gpu_num,32
task_id,369,arriving_time,313081.1110648994
task_id,369,gpu_num,32
task_id,370,arriving_time,313585.6488299461
task_id,370,gpu_num,32
task_id,371,arriving_time,313912.52217526216
task_id,371,gpu_num,32
task_id,372,arriving_time,314886.4909046002
task_id,372,gpu_num,32
task_id,373,arriving_time,314904.59577309276
task_id,373,gpu_num,32
task_id,374,arriving_time,314980.54443709436
task_id,374,gpu_num,32
task_id,375,arriving_time,316628.4106150144
task_id,375,gpu_num,32
task_id,376,arriving_time,317772.7436625833
task_id,376,gpu_num,256
task_id,377,arriving_time,319121.97464262054
task_id,377,gpu_num,32
task_id,378,arriving_time,319418.54436063935
task_id,378,gpu_num,32
task_id,379,arriving_time,319756.5209576626
task_id,379,gpu_num,32
task_id,380,arriving_time,324596.89447270415
task_id,380,gpu_num,32
task_id,381,arriving_time,324701.4242643354
task_id,381,gpu_num,32
task_id,382,arriving_time,325393.3289762638
task_id,382,gpu_num,32
task_id,383,arriving_time,326103.47753107466
task_id,383,gpu_num,32
task_id,384,arriving_time,326345.57694717543
task_id,384,gpu_num,32
task_id,385,arriving_time,326501.87719270913
task_id,385,gpu_num,32
task_id,386,arriving_time,326790.1496731108
task_id,386,gpu_num,32
task_id,387,arriving_time,326916.7494593352
task_id,387,gpu_num,32
task_id,388,arriving_time,327706.63255608524
task_id,388,gpu_num,32
task_id,389,arriving_time,328338.6225724435
task_id,389,gpu_num,32
task_id,390,arriving_time,329103.34012948914
task_id,390,gpu_num,32
task_id,391,arriving_time,329801.663956565
task_id,391,gpu_num,32
task_id,392,arriving_time,331622.3805731646
task_id,392,gpu_num,256
task_id,393,arriving_time,331735.37897754373
task_id,393,gpu_num,32
task_id,394,arriving_time,333242.62596902304
task_id,394,gpu_num,32
task_id,395,arriving_time,333505.56990871136
task_id,395,gpu_num,32
task_id,396,arriving_time,335453.4997163218
task_id,396,gpu_num,32
task_id,397,arriving_time,335851.0044750254
task_id,397,gpu_num,32
task_id,398,arriving_time,336362.13436297304
task_id,398,gpu_num,32
task_id,399,arriving_time,336477.254955996
task_id,399,gpu_num,32
task_id,400,arriving_time,337367.62039556896
task_id,400,gpu_num,32
task_id,401,arriving_time,338428.2185377944
task_id,401,gpu_num,32
task_id,402,arriving_time,338693.98386642424
task_id,402,gpu_num,256
task_id,403,arriving_time,339285.76293999824
task_id,403,gpu_num,32
task_id,404,arriving_time,340458.58257350954
task_id,404,gpu_num,32
task_id,405,arriving_time,340866.68722797453
task_id,405,gpu_num,256
task_id,406,arriving_time,340879.1815305769
task_id,406,gpu_num,32
task_id,407,arriving_time,341190.4667631954
task_id,407,gpu_num,32
task_id,408,arriving_time,341500.37635980564
task_id,408,gpu_num,32
task_id,409,arriving_time,341821.21660589194
task_id,409,gpu_num,32
task_id,410,arriving_time,342118.7628292049
task_id,410,gpu_num,32
task_id,411,arriving_time,342216.68288071797
task_id,411,gpu_num,32
task_id,412,arriving_time,342859.10933059134
task_id,412,gpu_num,32
task_id,413,arriving_time,346683.9799741945
task_id,413,gpu_num,32
task_id,414,arriving_time,347364.5930412894
task_id,414,gpu_num,32
task_id,415,arriving_time,347944.7367739479
task_id,415,gpu_num,32
task_id,416,arriving_time,348059.6490957841
task_id,416,gpu_num,512
task_id,417,arriving_time,350540.1890144343
task_id,417,gpu_num,512
task_id,418,arriving_time,350820.4066790801
task_id,418,gpu_num,32
task_id,419,arriving_time,351369.72078214836
task_id,419,gpu_num,32
task_id,420,arriving_time,352007.3205989874
task_id,420,gpu_num,32
task_id,421,arriving_time,352289.48646310286
task_id,421,gpu_num,256
task_id,422,arriving_time,353268.9098048856
task_id,422,gpu_num,32
task_id,423,arriving_time,354066.20838828303
task_id,423,gpu_num,32
task_id,424,arriving_time,354312.43560190254
task_id,424,gpu_num,32
task_id,425,arriving_time,354668.80543819215
task_id,425,gpu_num,32
task_id,426,arriving_time,355310.27191915223
task_id,426,gpu_num,32
task_id,427,arriving_time,357006.8982963407
task_id,427,gpu_num,32
task_id,428,arriving_time,358953.8616496814
task_id,428,gpu_num,32
task_id,429,arriving_time,359128.2658161507
task_id,429,gpu_num,32
task_id,430,arriving_time,359452.54475057893
task_id,430,gpu_num,32
task_id,431,arriving_time,360224.3874903025
task_id,431,gpu_num,512
task_id,432,arriving_time,360990.06525322946
task_id,432,gpu_num,256
task_id,433,arriving_time,362544.02589573833
task_id,433,gpu_num,32
task_id,434,arriving_time,362582.851125235
task_id,434,gpu_num,32
task_id,435,arriving_time,362592.1300555195
task_id,435,gpu_num,32
task_id,436,arriving_time,362698.5933870717
task_id,436,gpu_num,32
task_id,437,arriving_time,364016.121130835
task_id,437,gpu_num,32
task_id,438,arriving_time,365963.2461778978
task_id,438,gpu_num,32
task_id,439,arriving_time,366923.48461258836
task_id,439,gpu_num,32
task_id,440,arriving_time,368405.06358157215
task_id,440,gpu_num,32
task_id,441,arriving_time,368570.8043034666
task_id,441,gpu_num,32
task_id,442,arriving_time,369247.45749033574
task_id,442,gpu_num,32
task_id,443,arriving_time,371862.7361661736
task_id,443,gpu_num,32
task_id,444,arriving_time,372120.14002075227
task_id,444,gpu_num,32
task_id,445,arriving_time,372999.6327806808
task_id,445,gpu_num,32
task_id,446,arriving_time,373361.3900648114
task_id,446,gpu_num,1024
task_id,447,arriving_time,374280.0272373133
task_id,447,gpu_num,32
task_id,448,arriving_time,375126.14524239814
task_id,448,gpu_num,32
task_id,449,arriving_time,376703.0597644018
task_id,449,gpu_num,32
task_id,450,arriving_time,378054.15994688333
task_id,450,gpu_num,32
task_id,451,arriving_time,378690.54634861526
task_id,451,gpu_num,32
task_id,452,arriving_time,378879.3827167618
task_id,452,gpu_num,32
task_id,453,arriving_time,379339.9203565747
task_id,453,gpu_num,256
task_id,454,arriving_time,381606.8331211521
task_id,454,gpu_num,512
task_id,455,arriving_time,383094.6603531717
task_id,455,gpu_num,1024
task_id,456,arriving_time,385930.35812716704
task_id,456,gpu_num,512
task_id,457,arriving_time,386304.14050548105
task_id,457,gpu_num,256
task_id,458,arriving_time,386377.14490612556
task_id,458,gpu_num,512
task_id,459,arriving_time,388484.67193694407
task_id,459,gpu_num,32
task_id,460,arriving_time,388970.843093831
task_id,460,gpu_num,512
task_id,461,arriving_time,389103.1274830364
task_id,461,gpu_num,256
task_id,462,arriving_time,389134.8710336113
task_id,462,gpu_num,256
task_id,463,arriving_time,390242.28048358194
task_id,463,gpu_num,256
task_id,464,arriving_time,390916.12358395447
task_id,464,gpu_num,32
task_id,465,arriving_time,391974.7250470215
task_id,465,gpu_num,32
task_id,466,arriving_time,393160.05219556764
task_id,466,gpu_num,32
task_id,467,arriving_time,393486.45786126936
task_id,467,gpu_num,256
task_id,468,arriving_time,393895.3832795944
task_id,468,gpu_num,32
task_id,469,arriving_time,394151.5543639072
task_id,469,gpu_num,32
task_id,470,arriving_time,395182.2515098019
task_id,470,gpu_num,32
task_id,471,arriving_time,395837.1610086841
task_id,471,gpu_num,32
task_id,472,arriving_time,398644.1214173724
task_id,472,gpu_num,32
task_id,473,arriving_time,400618.21997767314
task_id,473,gpu_num,32
task_id,474,arriving_time,401500.2817550412
task_id,474,gpu_num,32
task_id,475,arriving_time,406643.27390394977
task_id,475,gpu_num,32
task_id,476,arriving_time,407155.2049616862
task_id,476,gpu_num,32
task_id,477,arriving_time,407281.5809685972
task_id,477,gpu_num,32
task_id,478,arriving_time,407519.0228974283
task_id,478,gpu_num,512
task_id,479,arriving_time,407994.93584252155
task_id,479,gpu_num,512
task_id,480,arriving_time,408275.7182701398
task_id,480,gpu_num,32
task_id,481,arriving_time,409579.951647542
task_id,481,gpu_num,32
task_id,482,arriving_time,410255.6956274241
task_id,482,gpu_num,32
task_id,483,arriving_time,411203.0926480746
task_id,483,gpu_num,32
task_id,484,arriving_time,411462.19333173585
task_id,484,gpu_num,32
task_id,485,arriving_time,413649.2695439586
task_id,485,gpu_num,32
task_id,486,arriving_time,414326.23666052317
task_id,486,gpu_num,32
task_id,487,arriving_time,414579.21207320894
task_id,487,gpu_num,32
task_id,488,arriving_time,416374.4236798637
task_id,488,gpu_num,32
task_id,489,arriving_time,416724.38275140215
task_id,489,gpu_num,32
task_id,490,arriving_time,416967.48970673874
task_id,490,gpu_num,32
task_id,491,arriving_time,417010.83615958743
task_id,491,gpu_num,512
task_id,492,arriving_time,417451.3685074585
task_id,492,gpu_num,32
task_id,493,arriving_time,417927.4322058329
task_id,493,gpu_num,32
task_id,494,arriving_time,418439.7311774721
task_id,494,gpu_num,512
task_id,495,arriving_time,418691.81550420984
task_id,495,gpu_num,32
task_id,496,arriving_time,419215.64634893596
task_id,496,gpu_num,32
task_id,497,arriving_time,419732.2777279994
task_id,497,gpu_num,32
task_id,498,arriving_time,420289.0690128316
task_id,498,gpu_num,32
task_id,499,arriving_time,420545.45992244966
task_id,499,gpu_num,32
task_id,500,arriving_time,420943.57764370186
task_id,500,gpu_num,32
task_id,501,arriving_time,421126.7945184963
task_id,501,gpu_num,32
task_id,502,arriving_time,421209.45380941976
task_id,502,gpu_num,32
task_id,503,arriving_time,421331.9955592879
task_id,503,gpu_num,32
task_id,504,arriving_time,422806.0440895327
task_id,504,gpu_num,32
task_id,505,arriving_time,423059.3227818618
task_id,505,gpu_num,32
task_id,506,arriving_time,423262.3866238859
task_id,506,gpu_num,32
task_id,507,arriving_time,424277.79415705934
task_id,507,gpu_num,32
task_id,508,arriving_time,427274.9095332476
task_id,508,gpu_num,32
task_id,509,arriving_time,427756.3755822001
task_id,509,gpu_num,32
task_id,510,arriving_time,428665.3450682423
task_id,510,gpu_num,32
task_id,511,arriving_time,429138.6743612807
task_id,511,gpu_num,32
task_id,512,arriving_time,429584.6239520071
task_id,512,gpu_num,256
task_id,513,arriving_time,429902.1747021123
task_id,513,gpu_num,32
task_id,514,arriving_time,430228.628041791
task_id,514,gpu_num,32
task_id,515,arriving_time,430578.9347651363
task_id,515,gpu_num,256
task_id,516,arriving_time,430805.5800927255
task_id,516,gpu_num,256
task_id,517,arriving_time,434190.0124457668
task_id,517,gpu_num,256
task_id,518,arriving_time,434904.65183851693
task_id,518,gpu_num,32
task_id,519,arriving_time,436384.6239837978
task_id,519,gpu_num,32
task_id,520,arriving_time,437791.390164821
task_id,520,gpu_num,32
task_id,521,arriving_time,438208.7763720314
task_id,521,gpu_num,32
task_id,522,arriving_time,438287.41077535384
task_id,522,gpu_num,32
task_id,523,arriving_time,438985.42036138574
task_id,523,gpu_num,32
task_id,524,arriving_time,443594.476381711
task_id,524,gpu_num,512
task_id,525,arriving_time,443714.7991624371
task_id,525,gpu_num,256
task_id,526,arriving_time,448701.13967597904
task_id,526,gpu_num,256
task_id,527,arriving_time,449598.2141194972
task_id,527,gpu_num,256
task_id,528,arriving_time,450343.27165542706
task_id,528,gpu_num,32
task_id,529,arriving_time,451667.91122990055
task_id,529,gpu_num,32
task_id,530,arriving_time,452534.25175296003
task_id,530,gpu_num,32
task_id,531,arriving_time,452956.6621893474
task_id,531,gpu_num,32
task_id,532,arriving_time,454563.8647686331
task_id,532,gpu_num,32
task_id,533,arriving_time,454605.64358150103
task_id,533,gpu_num,32
task_id,534,arriving_time,456967.6062246428
task_id,534,gpu_num,32
task_id,535,arriving_time,457673.9367335191
task_id,535,gpu_num,32
task_id,536,arriving_time,458161.3701206799
task_id,536,gpu_num,32
task_id,537,arriving_time,459279.1927511543
task_id,537,gpu_num,32
task_id,538,arriving_time,459593.26908985514
task_id,538,gpu_num,256
task_id,539,arriving_time,459640.57248267875
task_id,539,gpu_num,256
task_id,540,arriving_time,459892.784726966
task_id,540,gpu_num,32
task_id,541,arriving_time,460005.1775933233
task_id,541,gpu_num,32
task_id,542,arriving_time,461950.8526198057
task_id,542,gpu_num,32
task_id,543,arriving_time,462258.67695654155
task_id,543,gpu_num,32
task_id,544,arriving_time,462554.8734044918
task_id,544,gpu_num,32
task_id,545,arriving_time,462836.39034094266
task_id,545,gpu_num,512
task_id,546,arriving_time,463206.10891869006
task_id,546,gpu_num,512
task_id,547,arriving_time,464329.8801039271
task_id,547,gpu_num,32
task_id,548,arriving_time,466019.82583407767
task_id,548,gpu_num,32
task_id,549,arriving_time,466124.7827493003
task_id,549,gpu_num,1024
task_id,550,arriving_time,466534.77888321877
task_id,550,gpu_num,512
task_id,551,arriving_time,468868.44724443945
task_id,551,gpu_num,512
task_id,552,arriving_time,468963.0678480592
task_id,552,gpu_num,256
task_id,553,arriving_time,470277.44744752895
task_id,553,gpu_num,32
task_id,554,arriving_time,470451.98038782703
task_id,554,gpu_num,512
task_id,555,arriving_time,471412.4779282916
task_id,555,gpu_num,256
task_id,556,arriving_time,471548.2178038989
task_id,556,gpu_num,512
task_id,557,arriving_time,472703.55017545377
task_id,557,gpu_num,256
task_id,558,arriving_time,472978.5501232028
task_id,558,gpu_num,256
task_id,559,arriving_time,476176.6866893565
task_id,559,gpu_num,256
task_id,560,arriving_time,476378.6423534082
task_id,560,gpu_num,256
task_id,561,arriving_time,476608.7490882132
task_id,561,gpu_num,512
task_id,562,arriving_time,478439.8151660111
task_id,562,gpu_num,32
task_id,563,arriving_time,479053.72702883824
task_id,563,gpu_num,256
task_id,564,arriving_time,479998.1009761905
task_id,564,gpu_num,256
task_id,565,arriving_time,480128.5689269924
task_id,565,gpu_num,256
task_id,566,arriving_time,480234.02888028667
task_id,566,gpu_num,256
task_id,567,arriving_time,482951.10674190795
task_id,567,gpu_num,32
task_id,568,arriving_time,483599.7397662637
task_id,568,gpu_num,32
task_id,569,arriving_time,485041.72131862433
task_id,569,gpu_num,512
task_id,570,arriving_time,485958.72273895243
task_id,570,gpu_num,512
task_id,571,arriving_time,486315.17941571824
task_id,571,gpu_num,32
task_id,572,arriving_time,488473.01201920706
task_id,572,gpu_num,256
task_id,573,arriving_time,489076.2208241004
task_id,573,gpu_num,32
task_id,574,arriving_time,489869.4336618223
task_id,574,gpu_num,512
task_id,575,arriving_time,490971.9636803129
task_id,575,gpu_num,32
task_id,576,arriving_time,492447.1441239467
task_id,576,gpu_num,512
task_id,577,arriving_time,493197.8117256667
task_id,577,gpu_num,256
task_id,578,arriving_time,493776.0546161825
task_id,578,gpu_num,1024
task_id,579,arriving_time,494188.23404020467
task_id,579,gpu_num,32
task_id,580,arriving_time,494754.7716060629
task_id,580,gpu_num,512
task_id,581,arriving_time,494840.46367448155
task_id,581,gpu_num,32
task_id,582,arriving_time,495237.4571255782
task_id,582,gpu_num,512
task_id,583,arriving_time,495242.1009044086
task_id,583,gpu_num,32
task_id,584,arriving_time,496565.7494624591
task_id,584,gpu_num,256
task_id,585,arriving_time,498660.2667737573
task_id,585,gpu_num,32
task_id,586,arriving_time,499271.19012712844
task_id,586,gpu_num,512
task_id,587,arriving_time,499846.9055754371
task_id,587,gpu_num,256
task_id,588,arriving_time,500910.4754908559
task_id,588,gpu_num,32
task_id,589,arriving_time,500910.74159712135
task_id,589,gpu_num,32
task_id,590,arriving_time,501221.98758808576
task_id,590,gpu_num,32
task_id,591,arriving_time,501293.54318383476
task_id,591,gpu_num,32
task_id,592,arriving_time,501451.4662513561
task_id,592,gpu_num,32
task_id,593,arriving_time,501726.07692527806
task_id,593,gpu_num,32
task_id,594,arriving_time,502074.8759321843
task_id,594,gpu_num,256
task_id,595,arriving_time,502905.3602501989
task_id,595,gpu_num,32
task_id,596,arriving_time,502949.5325739154
task_id,596,gpu_num,32
task_id,597,arriving_time,503146.036803128
task_id,597,gpu_num,512
task_id,598,arriving_time,503302.0248951585
task_id,598,gpu_num,32
task_id,599,arriving_time,503342.360045832
task_id,599,gpu_num,32
task_id,600,arriving_time,504965.3578294994
task_id,600,gpu_num,32
task_id,601,arriving_time,506302.69367899897
task_id,601,gpu_num,32
task_id,602,arriving_time,508192.63906856003
task_id,602,gpu_num,32
task_id,603,arriving_time,508375.9162753192
task_id,603,gpu_num,32
task_id,604,arriving_time,508620.936274418
task_id,604,gpu_num,32
task_id,605,arriving_time,508935.98693216935
task_id,605,gpu_num,32
task_id,606,arriving_time,509799.6742989544
task_id,606,gpu_num,32
task_id,607,arriving_time,510287.1007262429
task_id,607,gpu_num,32
task_id,608,arriving_time,511789.75542822346
task_id,608,gpu_num,256
task_id,609,arriving_time,512899.6949551923
task_id,609,gpu_num,32
task_id,610,arriving_time,513257.0406668192
task_id,610,gpu_num,32
task_id,611,arriving_time,513285.75145035464
task_id,611,gpu_num,32
task_id,612,arriving_time,514533.5537563259
task_id,612,gpu_num,32
task_id,613,arriving_time,516853.93195809535
task_id,613,gpu_num,32
task_id,614,arriving_time,518692.55092831294
task_id,614,gpu_num,256
task_id,615,arriving_time,519364.480735727
task_id,615,gpu_num,32
task_id,616,arriving_time,519853.9096835408
task_id,616,gpu_num,32
task_id,617,arriving_time,520066.26666578965
task_id,617,gpu_num,32
task_id,618,arriving_time,520449.89170980616
task_id,618,gpu_num,32
task_id,619,arriving_time,520747.9494454853
task_id,619,gpu_num,32
task_id,620,arriving_time,521240.5602597992
task_id,620,gpu_num,32
task_id,621,arriving_time,521581.5971380768
task_id,621,gpu_num,32
task_id,622,arriving_time,523662.0259102419
task_id,622,gpu_num,256
task_id,623,arriving_time,523678.8551525191
task_id,623,gpu_num,256
task_id,624,arriving_time,523966.81480776815
task_id,624,gpu_num,32
task_id,625,arriving_time,524432.2869658789
task_id,625,gpu_num,32
task_id,626,arriving_time,524804.1900749343
task_id,626,gpu_num,32
task_id,627,arriving_time,524859.8339559281
task_id,627,gpu_num,32
task_id,628,arriving_time,525325.2388423381
task_id,628,gpu_num,32
task_id,629,arriving_time,527245.6087140801
task_id,629,gpu_num,32
task_id,630,arriving_time,528174.6249991618
task_id,630,gpu_num,32
task_id,631,arriving_time,528478.1151573127
task_id,631,gpu_num,32
task_id,632,arriving_time,530595.2450360723
task_id,632,gpu_num,32
task_id,633,arriving_time,530976.2077198153
task_id,633,gpu_num,32
task_id,634,arriving_time,531331.4634377897
task_id,634,gpu_num,32
task_id,635,arriving_time,531391.7955375416
task_id,635,gpu_num,32
task_id,636,arriving_time,531852.2765265206
task_id,636,gpu_num,32
task_id,637,arriving_time,532476.2661460666
task_id,637,gpu_num,32
task_id,638,arriving_time,532554.1859502142
task_id,638,gpu_num,32
task_id,639,arriving_time,533282.2860571838
task_id,639,gpu_num,32
task_id,640,arriving_time,534018.5782031723
task_id,640,gpu_num,32
task_id,641,arriving_time,534198.8035560604
task_id,641,gpu_num,32
task_id,642,arriving_time,534805.7311577089
task_id,642,gpu_num,32
task_id,643,arriving_time,535661.2119841308
task_id,643,gpu_num,32
task_id,644,arriving_time,535756.1172651085
task_id,644,gpu_num,32
task_id,645,arriving_time,536931.3863188708
task_id,645,gpu_num,32
task_id,646,arriving_time,537581.6510386923
task_id,646,gpu_num,32
task_id,647,arriving_time,539246.7126230516
task_id,647,gpu_num,32
task_id,648,arriving_time,540293.1948506488
task_id,648,gpu_num,32
task_id,649,arriving_time,543541.7051116008
task_id,649,gpu_num,32
task_id,650,arriving_time,544433.3115246559
task_id,650,gpu_num,32
task_id,651,arriving_time,544754.6707714617
task_id,651,gpu_num,32
task_id,652,arriving_time,544897.1755619085
task_id,652,gpu_num,32
task_id,653,arriving_time,544957.3849832959
task_id,653,gpu_num,32
task_id,654,arriving_time,545691.0914473475
task_id,654,gpu_num,32
task_id,655,arriving_time,546237.9808208961
task_id,655,gpu_num,32
task_id,656,arriving_time,548059.4408699062
task_id,656,gpu_num,32
task_id,657,arriving_time,550725.5490514317
task_id,657,gpu_num,32
task_id,658,arriving_time,550783.5638460149
task_id,658,gpu_num,32
task_id,659,arriving_time,551761.4088541421
task_id,659,gpu_num,32
task_id,660,arriving_time,553225.8310367155
task_id,660,gpu_num,32
task_id,661,arriving_time,555094.0577221188
task_id,661,gpu_num,32
task_id,662,arriving_time,556414.5523901586
task_id,662,gpu_num,32
task_id,663,arriving_time,556473.2851040271
task_id,663,gpu_num,32
task_id,664,arriving_time,556804.3474258978
task_id,664,gpu_num,32
task_id,665,arriving_time,556963.807358315
task_id,665,gpu_num,32
task_id,666,arriving_time,558840.0562401416
task_id,666,gpu_num,32
task_id,667,arriving_time,559784.8665961445
task_id,667,gpu_num,32
task_id,668,arriving_time,560799.2195222654
task_id,668,gpu_num,32
task_id,669,arriving_time,561062.7867067611
task_id,669,gpu_num,32
task_id,670,arriving_time,562090.0484423024
task_id,670,gpu_num,32
task_id,671,arriving_time,562488.1053830076
task_id,671,gpu_num,32
task_id,672,arriving_time,563664.146342297
task_id,672,gpu_num,32
task_id,673,arriving_time,563938.9502983332
task_id,673,gpu_num,32
task_id,674,arriving_time,564304.2534314318
task_id,674,gpu_num,32
task_id,675,arriving_time,564592.1099818993
task_id,675,gpu_num,32
task_id,676,arriving_time,565325.4593914913
task_id,676,gpu_num,32
task_id,677,arriving_time,565380.1540080006
task_id,677,gpu_num,32
task_id,678,arriving_time,565918.0907192632
task_id,678,gpu_num,32
task_id,679,arriving_time,566256.0694230285
task_id,679,gpu_num,32
task_id,680,arriving_time,567513.8345850727
task_id,680,gpu_num,32
task_id,681,arriving_time,568765.4794369552
task_id,681,gpu_num,32
task_id,682,arriving_time,570943.8535561688
task_id,682,gpu_num,32
task_id,683,arriving_time,571259.1134330663
task_id,683,gpu_num,32
task_id,684,arriving_time,571493.2236600332
task_id,684,gpu_num,32
task_id,685,arriving_time,571514.2959765411
task_id,685,gpu_num,32
task_id,686,arriving_time,571947.5964452033
task_id,686,gpu_num,32
task_id,687,arriving_time,572232.0128756033
task_id,687,gpu_num,32
task_id,688,arriving_time,572594.690781855
task_id,688,gpu_num,256
task_id,689,arriving_time,573035.770723679
task_id,689,gpu_num,32
task_id,690,arriving_time,574170.0456620371
task_id,690,gpu_num,32
task_id,691,arriving_time,575413.2974862804
task_id,691,gpu_num,512
task_id,692,arriving_time,575710.4864614661
task_id,692,gpu_num,512
task_id,693,arriving_time,575903.6016724126
task_id,693,gpu_num,512
task_id,694,arriving_time,577709.4876242711
task_id,694,gpu_num,32
task_id,695,arriving_time,578339.0754784702
task_id,695,gpu_num,32
task_id,696,arriving_time,579160.0747185935
task_id,696,gpu_num,32
task_id,697,arriving_time,582817.9940455791
task_id,697,gpu_num,32
task_id,698,arriving_time,582893.6536347417
task_id,698,gpu_num,256
task_id,699,arriving_time,583518.5164465279
task_id,699,gpu_num,256
task_id,700,arriving_time,585542.0504213036
task_id,700,gpu_num,256
task_id,701,arriving_time,585861.607045618
task_id,701,gpu_num,32
task_id,702,arriving_time,586172.4036759621
task_id,702,gpu_num,32
task_id,703,arriving_time,586315.8756842335
task_id,703,gpu_num,256
task_id,704,arriving_time,587293.2025625274
task_id,704,gpu_num,32
task_id,705,arriving_time,589743.1880063444
task_id,705,gpu_num,32
task_id,706,arriving_time,591510.4808338382
task_id,706,gpu_num,512
task_id,707,arriving_time,593001.7777062142
task_id,707,gpu_num,512
task_id,708,arriving_time,593030.8596112855
task_id,708,gpu_num,32
task_id,709,arriving_time,595068.8778008956
task_id,709,gpu_num,512
task_id,710,arriving_time,598521.7832760316
task_id,710,gpu_num,32
task_id,711,arriving_time,599009.9437172244
task_id,711,gpu_num,256
task_id,712,arriving_time,601791.3676124652
task_id,712,gpu_num,32
task_id,713,arriving_time,602524.8759271704
task_id,713,gpu_num,32
task_id,714,arriving_time,602832.2956799258
task_id,714,gpu_num,32
task_id,715,arriving_time,602891.6761381439
task_id,715,gpu_num,512
task_id,716,arriving_time,603034.1011810532
task_id,716,gpu_num,512
task_id,717,arriving_time,603698.2410418172
task_id,717,gpu_num,32
task_id,718,arriving_time,605497.549223532
task_id,718,gpu_num,256
task_id,719,arriving_time,605741.3767779139
task_id,719,gpu_num,32
task_id,720,arriving_time,606498.3475069517
task_id,720,gpu_num,32
task_id,721,arriving_time,606905.1273629986
task_id,721,gpu_num,32
task_id,722,arriving_time,607364.8318101992
task_id,722,gpu_num,32
task_id,723,arriving_time,609055.336433092
task_id,723,gpu_num,256
task_id,724,arriving_time,609579.3015211462
task_id,724,gpu_num,32
task_id,725,arriving_time,609819.130781638
task_id,725,gpu_num,32
task_id,726,arriving_time,610436.4145993856
task_id,726,gpu_num,32
task_id,727,arriving_time,610950.5479086647
task_id,727,gpu_num,32
task_id,728,arriving_time,612722.6056629255
task_id,728,gpu_num,32
task_id,729,arriving_time,612838.93602957
task_id,729,gpu_num,32
task_id,730,arriving_time,614780.7761022738
task_id,730,gpu_num,512
task_id,731,arriving_time,615220.876339227
task_id,731,gpu_num,512
task_id,732,arriving_time,615655.199846287
task_id,732,gpu_num,512
task_id,733,arriving_time,616284.831709285
task_id,733,gpu_num,256
task_id,734,arriving_time,616940.0367182265
task_id,734,gpu_num,512
task_id,735,arriving_time,620553.9940065988
task_id,735,gpu_num,32
task_id,736,arriving_time,620787.07662805
task_id,736,gpu_num,32
task_id,737,arriving_time,620887.2719421008
task_id,737,gpu_num,32
task_id,738,arriving_time,621364.8058030744
task_id,738,gpu_num,32
task_id,739,arriving_time,621425.1367882587
task_id,739,gpu_num,32
task_id,740,arriving_time,621466.4825802862
task_id,740,gpu_num,32
task_id,741,arriving_time,622142.5845474271
task_id,741,gpu_num,256
task_id,742,arriving_time,624884.1949950696
task_id,742,gpu_num,256
task_id,743,arriving_time,628320.4046812999
task_id,743,gpu_num,256
task_id,744,arriving_time,628440.8350477526
task_id,744,gpu_num,256
task_id,745,arriving_time,629700.6075396491
task_id,745,gpu_num,32
task_id,746,arriving_time,629899.4017401142
task_id,746,gpu_num,32
task_id,747,arriving_time,630089.077585936
task_id,747,gpu_num,256
task_id,748,arriving_time,630713.3255341775
task_id,748,gpu_num,32
task_id,749,arriving_time,630733.5679134225
task_id,749,gpu_num,32
task_id,750,arriving_time,631255.5759131486
task_id,750,gpu_num,32
task_id,751,arriving_time,631312.0486532678
task_id,751,gpu_num,32
task_id,752,arriving_time,634189.9697584788
task_id,752,gpu_num,32
task_id,753,arriving_time,634380.2123607295
task_id,753,gpu_num,32
task_id,754,arriving_time,635565.5084031841
task_id,754,gpu_num,32
task_id,755,arriving_time,636558.9433269505
task_id,755,gpu_num,32
task_id,756,arriving_time,637882.2088968941
task_id,756,gpu_num,32
task_id,757,arriving_time,638017.2539971112
task_id,757,gpu_num,32
task_id,758,arriving_time,639334.0998283724
task_id,758,gpu_num,32
task_id,759,arriving_time,640514.5067920039
task_id,759,gpu_num,32
task_id,760,arriving_time,640587.3820797888
task_id,760,gpu_num,32
task_id,761,arriving_time,640642.5550304604
task_id,761,gpu_num,32
task_id,762,arriving_time,640693.5328612047
task_id,762,gpu_num,32
task_id,763,arriving_time,642260.0329517473
task_id,763,gpu_num,32
task_id,764,arriving_time,642269.6010945672
task_id,764,gpu_num,32
task_id,765,arriving_time,642700.9712625147
task_id,765,gpu_num,32
task_id,766,arriving_time,643189.2930945976
task_id,766,gpu_num,2048
task_id,767,arriving_time,643445.9481005911
task_id,767,gpu_num,512
task_id,768,arriving_time,644902.0125224702
task_id,768,gpu_num,512
task_id,769,arriving_time,644912.5416560298
task_id,769,gpu_num,32
task_id,770,arriving_time,645129.0012891919
task_id,770,gpu_num,32
task_id,771,arriving_time,645511.0290393891
task_id,771,gpu_num,32
task_id,772,arriving_time,647177.5520825767
task_id,772,gpu_num,256
task_id,773,arriving_time,647281.3332587421
task_id,773,gpu_num,512
task_id,774,arriving_time,647467.2141616289
task_id,774,gpu_num,32
task_id,775,arriving_time,647480.6601928561
task_id,775,gpu_num,32
task_id,776,arriving_time,648980.2128666946
task_id,776,gpu_num,32
task_id,777,arriving_time,652123.4005680092
task_id,777,gpu_num,512
task_id,778,arriving_time,653646.2521438169
task_id,778,gpu_num,512
task_id,779,arriving_time,654909.2177649478
task_id,779,gpu_num,32
task_id,780,arriving_time,655212.7109938196
task_id,780,gpu_num,32
task_id,781,arriving_time,656849.0973891929
task_id,781,gpu_num,32
task_id,782,arriving_time,657425.1771911327
task_id,782,gpu_num,256
task_id,783,arriving_time,658013.8770267502
task_id,783,gpu_num,32
task_id,784,arriving_time,659498.4943806758
task_id,784,gpu_num,32
task_id,785,arriving_time,660329.9359590007
task_id,785,gpu_num,512
task_id,786,arriving_time,660369.5557688643
task_id,786,gpu_num,512
task_id,787,arriving_time,661088.2513589434
task_id,787,gpu_num,32
task_id,788,arriving_time,661575.5821341063
task_id,788,gpu_num,32
task_id,789,arriving_time,664723.0582377487
task_id,789,gpu_num,32
task_id,790,arriving_time,665192.3058630301
task_id,790,gpu_num,32
task_id,791,arriving_time,666306.9076164637
task_id,791,gpu_num,32
task_id,792,arriving_time,666381.1651022175
task_id,792,gpu_num,32
task_id,793,arriving_time,666935.2055721353
task_id,793,gpu_num,32
task_id,794,arriving_time,667057.8600486518
task_id,794,gpu_num,32
task_id,795,arriving_time,667453.824932908
task_id,795,gpu_num,256
task_id,796,arriving_time,668125.3938660142
task_id,796,gpu_num,32
task_id,797,arriving_time,668651.0113675538
task_id,797,gpu_num,32
task_id,798,arriving_time,668982.3078142722
task_id,798,gpu_num,512
task_id,799,arriving_time,669372.7358887217
task_id,799,gpu_num,32
task_id,800,arriving_time,669496.2268861217
task_id,800,gpu_num,32
task_id,801,arriving_time,671672.1144207771
task_id,801,gpu_num,32
task_id,802,arriving_time,672104.1735988915
task_id,802,gpu_num,32
task_id,803,arriving_time,674459.0889269428
task_id,803,gpu_num,512
task_id,804,arriving_time,674622.1991883494
task_id,804,gpu_num,512
task_id,805,arriving_time,675031.1144198206
task_id,805,gpu_num,32
task_id,806,arriving_time,677851.582616188
task_id,806,gpu_num,32
task_id,807,arriving_time,678569.1864775
task_id,807,gpu_num,32
task_id,808,arriving_time,680107.1282049713
task_id,808,gpu_num,32
task_id,809,arriving_time,684483.0548332913
task_id,809,gpu_num,32
task_id,810,arriving_time,686412.8065894463
task_id,810,gpu_num,256
task_id,811,arriving_time,686855.0768703813
task_id,811,gpu_num,32
task_id,812,arriving_time,687915.2660276075
task_id,812,gpu_num,32
task_id,813,arriving_time,688209.1550760627
task_id,813,gpu_num,32
task_id,814,arriving_time,689738.603546803
task_id,814,gpu_num,512
task_id,815,arriving_time,690080.220022238
task_id,815,gpu_num,128
task_id,816,arriving_time,690634.5256757239
task_id,816,gpu_num,32
task_id,817,arriving_time,690880.7248435047
task_id,817,gpu_num,32
task_id,818,arriving_time,690980.6449971048
task_id,818,gpu_num,32
task_id,819,arriving_time,691043.4685176741
task_id,819,gpu_num,32
task_id,820,arriving_time,691807.5595079181
task_id,820,gpu_num,256
task_id,821,arriving_time,692387.6854279252
task_id,821,gpu_num,256
task_id,822,arriving_time,692649.2262830425
task_id,822,gpu_num,256
task_id,823,arriving_time,693352.0735757814
task_id,823,gpu_num,32
task_id,824,arriving_time,693488.4513171159
task_id,824,gpu_num,256
task_id,825,arriving_time,695325.762184549
task_id,825,gpu_num,32
task_id,826,arriving_time,695760.9515196418
task_id,826,gpu_num,32
task_id,827,arriving_time,697924.336228103
task_id,827,gpu_num,32
task_id,828,arriving_time,698575.0816577433
task_id,828,gpu_num,32
task_id,829,arriving_time,698584.7939542495
task_id,829,gpu_num,256
task_id,830,arriving_time,698645.2097425432
task_id,830,gpu_num,32
task_id,831,arriving_time,699144.6493947195
task_id,831,gpu_num,32
task_id,832,arriving_time,701063.4600117432
task_id,832,gpu_num,256
task_id,833,arriving_time,701425.7383754868
task_id,833,gpu_num,32
task_id,834,arriving_time,702291.0371441846
task_id,834,gpu_num,32
task_id,835,arriving_time,702796.4771205644
task_id,835,gpu_num,256
task_id,836,arriving_time,703781.3929767804
task_id,836,gpu_num,256
task_id,837,arriving_time,703935.2166285735
task_id,837,gpu_num,256
task_id,838,arriving_time,705762.6916318701
task_id,838,gpu_num,32
task_id,839,arriving_time,705909.0723573918
task_id,839,gpu_num,32
task_id,840,arriving_time,706245.8213232388
task_id,840,gpu_num,256
task_id,841,arriving_time,707802.4821644833
task_id,841,gpu_num,256
task_id,842,arriving_time,708031.6928606983
task_id,842,gpu_num,32
task_id,843,arriving_time,708654.3311058896
task_id,843,gpu_num,256
task_id,844,arriving_time,709990.7315438851
task_id,844,gpu_num,256
task_id,845,arriving_time,711817.0939660487
task_id,845,gpu_num,32
task_id,846,arriving_time,712211.4369121441
task_id,846,gpu_num,256
task_id,847,arriving_time,712723.7310418794
task_id,847,gpu_num,32
task_id,848,arriving_time,713574.4991128178
task_id,848,gpu_num,32
task_id,849,arriving_time,713892.7849454631
task_id,849,gpu_num,32
task_id,850,arriving_time,714185.1467871743
task_id,850,gpu_num,256
task_id,851,arriving_time,714293.7117285081
task_id,851,gpu_num,256
task_id,852,arriving_time,714528.7853349582
task_id,852,gpu_num,256
task_id,853,arriving_time,716432.2998552563
task_id,853,gpu_num,256
task_id,854,arriving_time,716605.2360013381
task_id,854,gpu_num,32
task_id,855,arriving_time,716694.2040230103
task_id,855,gpu_num,256
task_id,856,arriving_time,716848.9215724787
task_id,856,gpu_num,32
task_id,857,arriving_time,718236.2210031768
task_id,857,gpu_num,32
task_id,858,arriving_time,719606.3990986502
task_id,858,gpu_num,32
task_id,859,arriving_time,720786.5285975805
task_id,859,gpu_num,32
task_id,860,arriving_time,722044.1515323148
task_id,860,gpu_num,32
task_id,861,arriving_time,722430.539683645
task_id,861,gpu_num,32
task_id,862,arriving_time,722589.5550402782
task_id,862,gpu_num,32
task_id,863,arriving_time,722718.1205275216
task_id,863,gpu_num,32
task_id,864,arriving_time,722778.1135404916
task_id,864,gpu_num,32
task_id,865,arriving_time,722874.5223119669
task_id,865,gpu_num,32
task_id,866,arriving_time,723496.4356513052
task_id,866,gpu_num,32
task_id,867,arriving_time,723675.2578767018
task_id,867,gpu_num,32
task_id,868,arriving_time,723689.7561493377
task_id,868,gpu_num,32
task_id,869,arriving_time,723921.112016077
task_id,869,gpu_num,32
task_id,870,arriving_time,724952.6728726352
task_id,870,gpu_num,32
task_id,871,arriving_time,724975.4355400975
task_id,871,gpu_num,32
task_id,872,arriving_time,725045.4784199913
task_id,872,gpu_num,32
task_id,873,arriving_time,725774.4183123104
task_id,873,gpu_num,32
task_id,874,arriving_time,727385.5735123209
task_id,874,gpu_num,32
task_id,875,arriving_time,731120.1131987604
task_id,875,gpu_num,32
task_id,876,arriving_time,732137.6461158007
task_id,876,gpu_num,32
task_id,877,arriving_time,732669.6511577135
task_id,877,gpu_num,32
task_id,878,arriving_time,732963.454113028
task_id,878,gpu_num,32
task_id,879,arriving_time,733259.0684533636
task_id,879,gpu_num,32
task_id,880,arriving_time,733969.225571674
task_id,880,gpu_num,32
task_id,881,arriving_time,735030.1336610791
task_id,881,gpu_num,32
task_id,882,arriving_time,736503.3213525907
task_id,882,gpu_num,32
task_id,883,arriving_time,736743.289611061
task_id,883,gpu_num,32
task_id,884,arriving_time,737325.6615662497
task_id,884,gpu_num,32
task_id,885,arriving_time,737545.085764888
task_id,885,gpu_num,32
task_id,886,arriving_time,738133.2789767812
task_id,886,gpu_num,32
task_id,887,arriving_time,739661.4665290803
task_id,887,gpu_num,32
task_id,888,arriving_time,742968.410131333
task_id,888,gpu_num,256
task_id,889,arriving_time,743270.1034654466
task_id,889,gpu_num,32
task_id,890,arriving_time,745728.2439982462
task_id,890,gpu_num,256
task_id,891,arriving_time,745744.6345108045
task_id,891,gpu_num,512
task_id,892,arriving_time,746343.1800532612
task_id,892,gpu_num,256
task_id,893,arriving_time,746722.3761701181
task_id,893,gpu_num,256
task_id,894,arriving_time,747637.6478367803
task_id,894,gpu_num,256
task_id,895,arriving_time,747764.0588301175
task_id,895,gpu_num,512
task_id,896,arriving_time,750470.4196643058
task_id,896,gpu_num,32
task_id,897,arriving_time,750928.6606697708
task_id,897,gpu_num,256
task_id,898,arriving_time,751263.8667043452
task_id,898,gpu_num,512
task_id,899,arriving_time,751271.9405957803
task_id,899,gpu_num,256
task_id,900,arriving_time,751912.8603770614
task_id,900,gpu_num,256
task_id,901,arriving_time,752382.5158287672
task_id,901,gpu_num,32
task_id,902,arriving_time,753240.6830943137
task_id,902,gpu_num,512
task_id,903,arriving_time,753627.1796190044
task_id,903,gpu_num,32
task_id,904,arriving_time,754093.1818383647
task_id,904,gpu_num,32
task_id,905,arriving_time,754850.9258510249
task_id,905,gpu_num,32
task_id,906,arriving_time,756405.6547754928
task_id,906,gpu_num,32
task_id,907,arriving_time,757158.5272955188
task_id,907,gpu_num,32
task_id,908,arriving_time,758253.3227199771
task_id,908,gpu_num,32
task_id,909,arriving_time,759801.5631973926
task_id,909,gpu_num,32
task_id,910,arriving_time,761214.2751877123
task_id,910,gpu_num,32
task_id,911,arriving_time,762547.1250923164
task_id,911,gpu_num,32
task_id,912,arriving_time,764608.1494351336
task_id,912,gpu_num,32
task_id,913,arriving_time,766229.757961951
task_id,913,gpu_num,32
task_id,914,arriving_time,766547.0449635941
task_id,914,gpu_num,32
task_id,915,arriving_time,766942.6326866221
task_id,915,gpu_num,32
task_id,916,arriving_time,767033.5134923845
task_id,916,gpu_num,32
task_id,917,arriving_time,768441.7360020878
task_id,917,gpu_num,32
task_id,918,arriving_time,768960.9983103593
task_id,918,gpu_num,32
task_id,919,arriving_time,769674.9686869762
task_id,919,gpu_num,32
task_id,920,arriving_time,772216.7494649359
task_id,920,gpu_num,32
task_id,921,arriving_time,772612.4393622683
task_id,921,gpu_num,32
task_id,922,arriving_time,774946.7921991419
task_id,922,gpu_num,32
task_id,923,arriving_time,775180.8520480433
task_id,923,gpu_num,32
task_id,924,arriving_time,775745.9475804676
task_id,924,gpu_num,32
task_id,925,arriving_time,776616.7174156413
task_id,925,gpu_num,32
task_id,926,arriving_time,778070.3132360256
task_id,926,gpu_num,32
task_id,927,arriving_time,779010.744364201
task_id,927,gpu_num,32
task_id,928,arriving_time,780467.0042837316
task_id,928,gpu_num,32
task_id,929,arriving_time,780524.3684909409
task_id,929,gpu_num,32
task_id,930,arriving_time,780787.6686715593
task_id,930,gpu_num,32
task_id,931,arriving_time,781051.0238831189
task_id,931,gpu_num,32
task_id,932,arriving_time,781430.3735472831
task_id,932,gpu_num,32
task_id,933,arriving_time,781641.3287415561
task_id,933,gpu_num,32
task_id,934,arriving_time,782135.106223618
task_id,934,gpu_num,32
task_id,935,arriving_time,782693.3278282547
task_id,935,gpu_num,32
task_id,936,arriving_time,783889.056664442
task_id,936,gpu_num,32
task_id,937,arriving_time,784671.3191189822
task_id,937,gpu_num,32
task_id,938,arriving_time,785592.6292326966
task_id,938,gpu_num,32
task_id,939,arriving_time,786684.07904548
task_id,939,gpu_num,32
task_id,940,arriving_time,786864.2515860667
task_id,940,gpu_num,32
task_id,941,arriving_time,786867.9977183418
task_id,941,gpu_num,32
task_id,942,arriving_time,787117.9615441439
task_id,942,gpu_num,32
task_id,943,arriving_time,787790.3373674225
task_id,943,gpu_num,32
task_id,944,arriving_time,788475.4280337767
task_id,944,gpu_num,32
task_id,945,arriving_time,788551.5624252696
task_id,945,gpu_num,32
task_id,946,arriving_time,789213.6869914021
task_id,946,gpu_num,32
task_id,947,arriving_time,789903.3721126287
task_id,947,gpu_num,32
task_id,948,arriving_time,790305.3234735428
task_id,948,gpu_num,32
task_id,949,arriving_time,791424.1131084838
task_id,949,gpu_num,32
task_id,950,arriving_time,793846.550573084
task_id,950,gpu_num,32
task_id,951,arriving_time,793934.5071718824
task_id,951,gpu_num,32
task_id,952,arriving_time,794054.2967596184
task_id,952,gpu_num,32
task_id,953,arriving_time,794226.6517749619
task_id,953,gpu_num,32
task_id,954,arriving_time,795830.8200277113
task_id,954,gpu_num,256
task_id,955,arriving_time,795987.1993967466
task_id,955,gpu_num,256
task_id,956,arriving_time,798087.4789134819
task_id,956,gpu_num,32
task_id,957,arriving_time,798813.647195275
task_id,957,gpu_num,32
task_id,958,arriving_time,799539.2435839789
task_id,958,gpu_num,32
task_id,959,arriving_time,800062.4890254951
task_id,959,gpu_num,32
task_id,960,arriving_time,802007.9131847945
task_id,960,gpu_num,32
task_id,961,arriving_time,803129.1927314898
task_id,961,gpu_num,32
task_id,962,arriving_time,803505.5796243437
task_id,962,gpu_num,32
task_id,963,arriving_time,803564.4676394307
task_id,963,gpu_num,32
task_id,964,arriving_time,803747.736810432
task_id,964,gpu_num,32
task_id,965,arriving_time,804446.6935550553
task_id,965,gpu_num,32
task_id,966,arriving_time,805395.744277257
task_id,966,gpu_num,256
task_id,967,arriving_time,805911.2270876798
task_id,967,gpu_num,32
task_id,968,arriving_time,806440.3185142669
task_id,968,gpu_num,1024
task_id,969,arriving_time,810423.4358819807
task_id,969,gpu_num,512
task_id,970,arriving_time,812217.1432068378
task_id,970,gpu_num,512
task_id,971,arriving_time,812664.7258758529
task_id,971,gpu_num,32
task_id,972,arriving_time,813994.4544063577
task_id,972,gpu_num,32
task_id,973,arriving_time,815233.3411556933
task_id,973,gpu_num,32
task_id,974,arriving_time,815750.8526817241
task_id,974,gpu_num,32
task_id,975,arriving_time,815834.8587043401
task_id,975,gpu_num,512
task_id,976,arriving_time,816778.1536543384
task_id,976,gpu_num,32
task_id,977,arriving_time,818412.6542734831
task_id,977,gpu_num,256
task_id,978,arriving_time,818653.6774108307
task_id,978,gpu_num,256
task_id,979,arriving_time,819716.5424307073
task_id,979,gpu_num,32
task_id,980,arriving_time,820152.9563894306
task_id,980,gpu_num,32
task_id,981,arriving_time,820317.4393890053
task_id,981,gpu_num,32
task_id,982,arriving_time,820477.7326471753
task_id,982,gpu_num,32
task_id,983,arriving_time,820624.8586883198
task_id,983,gpu_num,256
task_id,984,arriving_time,821339.7165829533
task_id,984,gpu_num,256
task_id,985,arriving_time,821774.9350001786
task_id,985,gpu_num,32
task_id,986,arriving_time,822563.4538501356
task_id,986,gpu_num,512
task_id,987,arriving_time,823244.2782434471
task_id,987,gpu_num,32
task_id,988,arriving_time,823334.8852018801
task_id,988,gpu_num,32
task_id,989,arriving_time,824431.7010595651
task_id,989,gpu_num,32
task_id,990,arriving_time,824703.4991037052
task_id,990,gpu_num,512
task_id,991,arriving_time,825246.6786281518
task_id,991,gpu_num,256
task_id,992,arriving_time,827354.7305148884
task_id,992,gpu_num,512
task_id,993,arriving_time,830392.793089821
task_id,993,gpu_num,256
task_id,994,arriving_time,830484.4124980179
task_id,994,gpu_num,256
task_id,995,arriving_time,833277.3293530731
task_id,995,gpu_num,32
task_id,996,arriving_time,834489.2427680683
task_id,996,gpu_num,256
task_id,997,arriving_time,836178.4157392227
task_id,997,gpu_num,32
task_id,998,arriving_time,836434.9976505011
task_id,998,gpu_num,32
task_id,999,arriving_time,836635.8674852941
task_id,999,gpu_num,32
taskid,0,start_time,1119.4550778288658
taskid,1,start_time,1805.8993078999251
taskid,2,start_time,3193.2235947500494
taskid,3,start_time,3420.353034680458
taskid,4,start_time,4677.410462253336
taskid,5,start_time,4944.74874579683
taskid,6,start_time,5619.546622636699
taskid,7,start_time,7602.325138035703
taskid,8,start_time,8362.664667026802
taskid,9,start_time,9221.297206849904
taskid,10,start_time,11593.803636243469
taskid,6,finish_time,12006.546622636688
taskid,11,start_time,12530.408504989224
taskid,12,start_time,13053.03401954039
taskid,11,finish_time,13535.40850498926
taskid,9,finish_time,14754.374291552294
taskid,13,start_time,15102.727829143301
taskid,14,start_time,15510.384495011514
taskid,15,start_time,15914.792057151179
taskid,16,start_time,16038.862118094235
taskid,14,finish_time,16244.222495011529
taskid,16,finish_time,16580.598114465203
taskid,17,start_time,17826.1859494193
taskid,18,start_time,18322.909938234563
taskid,17,finish_time,18875.233909419312
taskid,19,start_time,18947.74194428163
taskid,18,finish_time,19136.76493823471
taskid,5,finish_time,19428.748745796798
taskid,15,finish_time,19864.88970590116
taskid,20,start_time,19916.761868971782
taskid,21,start_time,20106.85821455749
taskid,22,start_time,20170.621798925506
taskid,23,start_time,20175.812818106766
taskid,24,start_time,20304.74104923949
taskid,25,start_time,20486.10807987576
taskid,26,start_time,20869.83886269107
taskid,24,finish_time,21060.901699239508
taskid,13,finish_time,21522.441829143347
taskid,27,start_time,21842.313467584994
taskid,26,finish_time,21904.838862690962
taskid,28,start_time,22600.623157346243
taskid,29,start_time,22648.2520649259
taskid,21,finish_time,23135.702214557517
taskid,29,finish_time,23348.899910759235
taskid,28,finish_time,23621.848844846216
taskid,30,start_time,23649.17659274883
taskid,31,start_time,24044.144984985618
taskid,32,start_time,24285.21563809676
taskid,33,start_time,24335.89824887914
taskid,34,start_time,24660.29899346212
taskid,22,finish_time,24789.01897392546
taskid,35,start_time,25081.924967330484
taskid,2,finish_time,25646.240384427598
taskid,34,finish_time,26365.725180962098
taskid,33,finish_time,26593.89824887906
taskid,35,finish_time,27101.802542330475
taskid,36,start_time,29065.271955458556
taskid,37,start_time,29072.68636963513
taskid,31,finish_time,29212.144984985574
taskid,30,finish_time,29459.152786296894
taskid,38,start_time,29848.429099727637
taskid,39,start_time,30654.24606731991
taskid,40,start_time,30659.592178251507
taskid,25,finish_time,30803.627979875913
taskid,41,start_time,30877.8437142259
taskid,42,start_time,31007.84551348278
taskid,43,start_time,31176.105903237494
taskid,32,finish_time,31183.60450857291
taskid,36,finish_time,31306.271955458615
taskid,27,finish_time,32386.476317585206
taskid,41,finish_time,32524.34171422589
taskid,39,finish_time,32858.24606731995
taskid,40,finish_time,32858.592178251485
taskid,43,finish_time,32913.4092157375
taskid,42,finish_time,33206.9509259828
taskid,44,start_time,33975.25499162069
taskid,45,start_time,34288.03810039723
taskid,37,finish_time,34509.09839624804
taskid,3,finish_time,34841.77403468061
taskid,44,finish_time,35524.83990412069
taskid,46,start_time,35678.31396832354
taskid,45,finish_time,36558.038100397374
taskid,47,start_time,36786.94280345862
taskid,48,start_time,36955.13353535297
taskid,47,finish_time,37532.652803458586
taskid,46,finish_time,37564.17321832361
taskid,38,finish_time,37613.42909972771
taskid,49,start_time,38403.79593785754
taskid,48,finish_time,39184.13353535284
taskid,50,start_time,39231.79359183718
taskid,49,finish_time,40095.56050035757
taskid,50,finish_time,41388.7935918373
taskid,51,start_time,41743.198150245684
taskid,52,start_time,42472.26909162507
taskid,52,finish_time,43462.26909162529
taskid,51,finish_time,43503.73315024599
taskid,53,start_time,43668.70732913698
taskid,54,start_time,43923.756886941504
taskid,12,finish_time,44093.06856400479
taskid,53,finish_time,44687.70732913663
taskid,55,start_time,44770.32388032546
taskid,54,finish_time,44927.75688694137
taskid,56,start_time,45869.7511420118
taskid,57,start_time,46054.90295673308
taskid,58,start_time,46278.1730569395
taskid,59,start_time,46392.4948598117
taskid,60,start_time,47849.75818927552
taskid,61,start_time,48049.05888654562
taskid,62,start_time,48868.06149128496
taskid,61,finish_time,49055.05888654568
taskid,63,start_time,49139.56273344975
taskid,55,finish_time,50208.74690532547
taskid,64,start_time,51035.685646160826
taskid,62,finish_time,51072.06149128476
taskid,63,finish_time,51309.56273344989
taskid,65,start_time,51371.29761841889
taskid,60,finish_time,51717.3012648029
taskid,59,finish_time,51839.98211564516
taskid,64,finish_time,52046.685646160666
taskid,66,start_time,52210.521873615726
taskid,58,finish_time,52582.966287296964
taskid,67,start_time,52600.21805805737
taskid,68,start_time,53215.30833047306
taskid,56,finish_time,53222.633767011714
taskid,67,finish_time,54372.023058057246
taskid,66,finish_time,54405.52187361558
taskid,68,finish_time,54973.94345547306
taskid,69,start_time,55184.97940844462
taskid,69,finish_time,56783.989408444526
taskid,70,start_time,56811.64309413972
taskid,71,start_time,56894.311318927575
taskid,72,start_time,57085.01753922438
taskid,73,start_time,57156.75919066897
taskid,74,start_time,57833.84252740072
taskid,75,start_time,59194.05456299182
taskid,73,finish_time,60818.759190669014
taskid,76,start_time,61254.050066449716
taskid,65,finish_time,61286.41557716904
taskid,75,finish_time,61735.68555049178
taskid,72,finish_time,62126.8687204744
taskid,77,start_time,62949.31274792588
taskid,78,start_time,63169.44681881929
taskid,77,finish_time,63548.2768979262
taskid,79,start_time,63857.52022355815
taskid,79,finish_time,64757.52022355801
taskid,80,start_time,64951.2935920149
taskid,81,start_time,65277.80939690491
taskid,82,start_time,65501.14811112421
taskid,70,finish_time,66300.31634699725
taskid,74,finish_time,67430.2475274008
taskid,78,finish_time,67675.1517220451
taskid,81,finish_time,68159.80939690501
taskid,83,start_time,68270.60489197154
taskid,83,finish_time,69090.09489197147
taskid,71,finish_time,72007.08575511802
taskid,84,start_time,73377.93903251179
taskid,85,start_time,73791.81465710446
taskid,84,finish_time,74197.42903251172
taskid,86,start_time,74533.35557303828
taskid,87,start_time,74821.61883735273
taskid,88,start_time,76758.48290324262
taskid,89,start_time,79593.78143348274
taskid,90,start_time,80223.52214434571
taskid,91,start_time,80293.38556210627
taskid,90,finish_time,80903.1941443457
taskid,92,start_time,80968.95569393302
taskid,93,start_time,82316.74645500397
taskid,94,start_time,83926.36542534608
taskid,93,finish_time,84482.19645500366
taskid,92,finish_time,85613.41469393454
taskid,95,start_time,85709.30384189945
taskid,96,start_time,85863.28768394236
taskid,97,start_time,86112.84639766901
taskid,97,finish_time,86789.0588693354
taskid,98,start_time,87437.28326047819
taskid,99,start_time,87514.36861707542
taskid,100,start_time,88704.34642037218
taskid,101,start_time,88869.01262753391
taskid,85,finish_time,90638.26493734645
taskid,102,start_time,90918.17669564826
taskid,99,finish_time,92901.36861708121
taskid,91,finish_time,94654.38556210618
taskid,103,start_time,95435.4045693166
taskid,104,start_time,96126.48293992219
taskid,94,finish_time,97448.63699389454
taskid,105,start_time,97448.63699389454
taskid,82,finish_time,99151.69560445736
taskid,106,start_time,99151.69560445736
taskid,107,start_time,99151.69560445736
taskid,104,finish_time,101031.77813991954
taskid,101,finish_time,101242.0126275335
taskid,108,start_time,101242.0126275335
taskid,107,finish_time,110899.32869017268
taskid,109,start_time,110899.32869017268
taskid,108,finish_time,115833.90292753403
taskid,110,start_time,115833.90292753403
taskid,109,finish_time,116570.32869017158
taskid,10,finish_time,119063.86618977631
taskid,111,start_time,119063.86618977631
taskid,102,finish_time,122329.17669565443
taskid,112,start_time,122329.17669565443
taskid,103,finish_time,126667.71191931577
taskid,113,start_time,126667.71191931577
taskid,112,finish_time,128443.1766956519
taskid,114,start_time,128443.1766956519
taskid,105,finish_time,128739.66525175133
taskid,115,start_time,128739.66525175133
taskid,80,finish_time,130043.56486943483
taskid,116,start_time,130043.56486943483
taskid,117,start_time,130043.56486943483
taskid,118,start_time,130043.56486943483
taskid,119,start_time,130043.56486943483
taskid,120,start_time,130043.56486943483
taskid,121,start_time,130043.56486943483
taskid,122,start_time,130043.56486943483
taskid,123,start_time,130043.56486943483
taskid,110,finish_time,130637.55097324996
taskid,124,start_time,130637.55097324996
taskid,106,finish_time,130799.37137545743
taskid,125,start_time,130799.37137545743
taskid,126,start_time,130799.37137545743
taskid,127,start_time,130799.37137545743
taskid,128,start_time,130799.37137545743
taskid,129,start_time,130799.37137545743
taskid,130,start_time,130799.37137545743
taskid,118,finish_time,130847.75986943443
taskid,116,finish_time,130875.93486943477
taskid,121,finish_time,130880.98606943493
taskid,123,finish_time,130895.9400194347
taskid,117,finish_time,130974.70771943458
taskid,119,finish_time,131042.56486943463
taskid,131,start_time,131042.56486943463
taskid,120,finish_time,131051.56486943443
taskid,122,finish_time,131069.5648694346
taskid,128,finish_time,131570.56137545666
taskid,126,finish_time,131572.01216712405
taskid,127,finish_time,131584.24637545669
taskid,98,finish_time,131584.81736247716
taskid,132,start_time,131584.81736247716
taskid,133,start_time,131584.81736247716
taskid,125,finish_time,131618.86137545735
taskid,129,finish_time,131776.37137545808
taskid,130,finish_time,131777.37137545683
taskid,134,start_time,131777.37137545683
taskid,114,finish_time,133092.98760565207
taskid,135,start_time,133092.98760565207
taskid,133,finish_time,137047.82639819282
taskid,136,start_time,137047.82639819282
taskid,111,finish_time,142071.59103373648
taskid,137,start_time,142071.59103373648
taskid,138,start_time,142071.59103373648
taskid,138,finish_time,142841.90176290314
taskid,139,start_time,142841.90176290314
taskid,113,finish_time,144159.92451931853
taskid,140,start_time,144159.92451931853
taskid,86,finish_time,144756.83617303774
taskid,134,finish_time,145374.98874751013
taskid,141,start_time,145374.98874751013
taskid,140,finish_time,146622.6656443187
taskid,135,finish_time,146931.83802850946
taskid,142,start_time,146931.83802850946
taskid,136,finish_time,148059.9352691555
taskid,89,finish_time,149652.89040955427
taskid,143,start_time,149652.89040955427
taskid,124,finish_time,151385.6354021605
taskid,144,start_time,151385.6354021605
taskid,144,finish_time,152169.18740216186
taskid,145,start_time,152169.18740216186
taskid,100,finish_time,152826.9953428723
taskid,146,start_time,152826.9953428723
taskid,147,start_time,152826.9953428723
taskid,148,start_time,152826.9953428723
taskid,146,finish_time,153601.6433428719
taskid,145,finish_time,155571.23673478104
taskid,149,start_time,155571.23673478104
taskid,131,finish_time,155784.97396923325
taskid,150,start_time,155784.97396923325
taskid,151,start_time,155784.97396923325
taskid,150,finish_time,156228.03863990222
taskid,142,finish_time,156245.96503981558
taskid,152,start_time,156245.96503981558
taskid,151,finish_time,156477.27396923423
taskid,139,finish_time,156641.76127096754
taskid,153,start_time,156641.76127096754
taskid,149,finish_time,157527.34163478072
taskid,154,start_time,157527.34163478072
taskid,148,finish_time,158620.99534287254
taskid,155,start_time,158620.99534287254
taskid,20,finish_time,159321.7952002219
taskid,156,start_time,159321.7952002219
taskid,137,finish_time,159483.5910337267
taskid,157,start_time,159483.5910337267
taskid,19,finish_time,160744.58226686215
taskid,158,start_time,160744.58226686215
taskid,159,start_time,160744.58226686215
taskid,159,finish_time,161458.78166269558
taskid,158,finish_time,161577.01881686214
taskid,160,start_time,161577.01881686214
taskid,115,finish_time,162643.66695841544
taskid,161,start_time,162643.66695841544
taskid,162,start_time,162643.66695841544
taskid,163,start_time,162643.66695841544
taskid,164,start_time,162643.66695841544
taskid,162,finish_time,163542.66695841597
taskid,161,finish_time,163635.6669584147
taskid,155,finish_time,165099.5840579937
taskid,147,finish_time,165537.9953428613
taskid,165,start_time,165537.9953428613
taskid,166,start_time,165537.9953428613
taskid,167,start_time,165537.9953428613
taskid,167,finish_time,166348.25934286133
taskid,156,finish_time,167339.20106084665
taskid,168,start_time,167339.20106084665
taskid,153,finish_time,167343.60636290323
taskid,169,start_time,167343.60636290323
taskid,157,finish_time,167613.0370515846
taskid,170,start_time,167613.0370515846
taskid,171,start_time,167613.0370515846
taskid,172,start_time,167613.0370515846
taskid,163,finish_time,167667.44327091586
taskid,8,finish_time,167686.36461369344
taskid,173,start_time,167686.36461369344
taskid,164,finish_time,168256.66695841533
taskid,171,finish_time,168613.0370515846
taskid,166,finish_time,168645.99534286032
taskid,172,finish_time,168660.03705158355
taskid,174,start_time,168660.03705158355
taskid,23,finish_time,169238.4273467358
taskid,175,start_time,169238.4273467358
taskid,176,start_time,169238.4273467358
taskid,177,start_time,169238.4273467358
taskid,175,finish_time,169975.97534673577
taskid,177,finish_time,169983.1771217362
taskid,176,finish_time,170228.4273467361
taskid,178,start_time,170228.4273467361
taskid,1,finish_time,170711.89930789504
taskid,179,start_time,170711.89930789504
taskid,174,finish_time,172177.28901158212
taskid,180,start_time,172177.28901158212
taskid,179,finish_time,175370.80442079762
taskid,180,finish_time,177938.98058300992
taskid,181,start_time,177938.98058300992
taskid,165,finish_time,185516.2957653606
taskid,182,start_time,185516.2957653606
taskid,182,finish_time,194125.34792285875
taskid,183,start_time,194125.34792285875
taskid,184,start_time,194125.34792285875
taskid,141,finish_time,194410.461686994
taskid,185,start_time,194410.461686994
taskid,186,start_time,194410.461686994
taskid,187,start_time,194410.461686994
taskid,188,start_time,194410.461686994
taskid,189,start_time,194410.461686994
taskid,190,start_time,194410.461686994
taskid,191,start_time,194410.461686994
taskid,192,start_time,194410.461686994
taskid,160,finish_time,194418.75797936186
taskid,193,start_time,194418.75797936186
taskid,185,finish_time,194952.57773699448
taskid,190,finish_time,195017.24821199407
taskid,191,finish_time,195301.5032286608
taskid,187,finish_time,195302.88196199405
taskid,189,finish_time,195394.97668699542
taskid,188,finish_time,195437.80462449364
taskid,192,finish_time,195569.46168699424
taskid,194,start_time,195569.46168699424
taskid,168,finish_time,198106.06168342693
taskid,186,finish_time,198419.32955624303
taskid,195,start_time,198419.32955624303
taskid,184,finish_time,198444.5184460442
taskid,196,start_time,198444.5184460442
taskid,195,finish_time,199431.43762886227
taskid,197,start_time,199431.43762886227
taskid,198,start_time,199431.43762886227
taskid,152,finish_time,200138.41404591664
taskid,199,start_time,200138.41404591664
taskid,200,start_time,200138.41404591664
taskid,169,finish_time,201612.79633290373
taskid,201,start_time,201612.79633290373
taskid,178,finish_time,201742.42734672324
taskid,202,start_time,201742.42734672324
taskid,203,start_time,201742.42734672324
taskid,193,finish_time,203002.9429010289
taskid,204,start_time,203002.9429010289
taskid,202,finish_time,203800.66843557244
taskid,205,start_time,203800.66843557244
taskid,197,finish_time,203920.9198869252
taskid,132,finish_time,204194.5380624766
taskid,206,start_time,204194.5380624766
taskid,205,finish_time,204410.23258557034
taskid,207,start_time,204410.23258557034
taskid,95,finish_time,204700.24892356715
taskid,208,start_time,204700.24892356715
taskid,206,finish_time,204887.17502316224
taskid,209,start_time,204887.17502316224
taskid,210,start_time,204887.17502316224
taskid,204,finish_time,204999.25031030306
taskid,211,start_time,204999.25031030306
taskid,207,finish_time,205021.86868556935
taskid,143,finish_time,205151.5203233501
taskid,212,start_time,205151.5203233501
taskid,213,start_time,205151.5203233501
taskid,214,start_time,205151.5203233501
taskid,209,finish_time,205672.82149030568
taskid,215,start_time,205672.82149030568
taskid,216,start_time,205672.82149030568
taskid,210,finish_time,205803.6544304201
taskid,7,finish_time,206905.41388803543
taskid,217,start_time,206905.41388803543
taskid,211,finish_time,207688.2503103033
taskid,183,finish_time,208313.93995471354
taskid,213,finish_time,208717.520323349
taskid,203,finish_time,208755.4273467173
taskid,218,start_time,208755.4273467173
taskid,219,start_time,208755.4273467173
taskid,216,finish_time,208917.8214903054
taskid,198,finish_time,210145.2601108061
taskid,4,finish_time,210394.19524766985
taskid,170,finish_time,210644.27302802232
taskid,220,start_time,210644.27302802232
taskid,221,start_time,210644.27302802232
taskid,222,start_time,210644.27302802232
taskid,219,finish_time,210783.68898838406
taskid,222,finish_time,212750.15302802308
taskid,221,finish_time,213668.27302802255
taskid,199,finish_time,213832.46637924976
taskid,223,start_time,213832.46637924976
taskid,196,finish_time,214956.38487125034
taskid,224,start_time,214956.38487125034
taskid,223,finish_time,217786.03231050033
taskid,225,start_time,217786.03231050033
taskid,224,finish_time,218467.69090642862
taskid,226,start_time,218467.69090642862
taskid,227,start_time,218467.69090642862
taskid,226,finish_time,219227.58891167073
taskid,228,start_time,219227.58891167073
taskid,229,start_time,219227.58891167073
taskid,230,start_time,219227.58891167073
taskid,231,start_time,219227.58891167073
taskid,232,start_time,219227.58891167073
taskid,231,finish_time,220077.17891167046
taskid,233,start_time,220077.17891167046
taskid,230,finish_time,220166.39691167086
taskid,232,finish_time,220237.4459741708
taskid,229,finish_time,220385.58891166974
taskid,228,finish_time,222465.5889116706
taskid,234,start_time,222465.5889116706
taskid,220,finish_time,222854.64217205424
taskid,235,start_time,222854.64217205424
taskid,236,start_time,222854.64217205424
taskid,237,start_time,222854.64217205424
taskid,238,start_time,222854.64217205424
taskid,239,start_time,222854.64217205424
taskid,240,start_time,222854.64217205424
taskid,241,start_time,222854.64217205424
taskid,242,start_time,222854.64217205424
taskid,243,start_time,222854.64217205424
taskid,243,finish_time,223267.26078872083
taskid,240,finish_time,223424.2834845544
taskid,235,finish_time,223440.68217205445
taskid,242,finish_time,223516.64217205523
taskid,239,finish_time,223553.64217205506
taskid,244,start_time,223558.60046678653
taskid,236,finish_time,223580.642172054
taskid,238,finish_time,223714.6201720532
taskid,245,start_time,223780.90048405618
taskid,246,start_time,223882.1544260157
taskid,237,finish_time,224013.64217205477
taskid,244,finish_time,224303.80564178654
taskid,247,start_time,224582.88359734483
taskid,248,start_time,224700.75951700337
taskid,249,start_time,224812.3595749499
taskid,247,finish_time,225218.88359734518
taskid,250,start_time,225710.65817374978
taskid,233,finish_time,225813.71687466736
taskid,251,start_time,226250.2437849824
taskid,227,finish_time,227676.0957756247
taskid,88,finish_time,229529.1109233271
taskid,252,start_time,229688.0108593019
taskid,253,start_time,229787.5783694219
taskid,254,start_time,229913.91527678884
taskid,255,start_time,229924.75705783314
taskid,212,finish_time,230319.12072215969
taskid,256,start_time,230446.71451362938
taskid,257,start_time,230576.42351161042
taskid,255,finish_time,230834.75705783255
taskid,258,start_time,230869.2847268268
taskid,257,finish_time,231356.4235116116
taskid,259,start_time,231511.91331283987
taskid,260,start_time,231597.45968596824
taskid,260,finish_time,232300.22468596918
taskid,261,start_time,232367.71027207098
taskid,259,finish_time,232426.3178753397
taskid,262,start_time,232831.08833337392
taskid,261,finish_time,233346.71027207063
taskid,263,start_time,233784.799580067
taskid,249,finish_time,234005.81929994974
taskid,264,start_time,234483.60482172607
taskid,265,start_time,234744.11499549382
taskid,263,finish_time,234750.50231756695
taskid,218,finish_time,234964.2546202884
taskid,264,finish_time,235231.95828005936
taskid,265,finish_time,235739.1149954941
taskid,250,finish_time,235907.65817375047
taskid,194,finish_time,236186.1052241873
taskid,251,finish_time,236441.24378498303
taskid,266,start_time,236732.7340173881
taskid,267,start_time,236786.19046573353
taskid,268,start_time,236858.37466743804
taskid,269,start_time,237028.85115472527
taskid,262,finish_time,237205.17220337523
taskid,270,start_time,237346.8376461876
taskid,271,start_time,237475.55237091295
taskid,266,finish_time,237479.92801738784
taskid,267,finish_time,237504.4464657345
taskid,241,finish_time,237564.17317205117
taskid,272,start_time,237687.88978609146
taskid,268,finish_time,237797.63234097513
taskid,273,start_time,237838.0810643865
taskid,252,finish_time,237880.49585930235
taskid,269,finish_time,238124.51985472508
taskid,270,finish_time,238318.36827118762
taskid,76,finish_time,238878.03848378247
taskid,253,finish_time,239957.5783694219
taskid,274,start_time,240110.0302794135
taskid,275,start_time,241254.44116744766
taskid,276,start_time,241661.06378082835
taskid,217,finish_time,241683.54304121473
taskid,234,finish_time,241931.1057116721
taskid,272,finish_time,242158.85978609155
taskid,276,finish_time,242612.73075582818
taskid,271,finish_time,242736.55237091272
taskid,275,finish_time,243786.45197994745
taskid,274,finish_time,244595.03027941263
taskid,277,start_time,245554.82433943788
taskid,273,finish_time,245922.08106438673
taskid,277,finish_time,248110.69933943724
taskid,278,start_time,249092.30412585987
taskid,279,start_time,249920.54388760062
taskid,280,start_time,251384.5350742448
taskid,281,start_time,251513.67786991078
taskid,282,start_time,251966.81976166804
taskid,281,finish_time,252332.8313499105
taskid,280,finish_time,252338.53507424417
taskid,279,finish_time,252717.54388760132
taskid,282,finish_time,252790.8980321468
taskid,87,finish_time,253435.79789985463
taskid,283,start_time,253634.07176467488
taskid,284,start_time,253635.64776404045
taskid,285,start_time,253698.56103158364
taskid,286,start_time,254160.438982236
taskid,285,finish_time,254400.46646222833
taskid,284,finish_time,254491.14651404042
taskid,287,start_time,254516.37897669658
taskid,288,start_time,254648.26147668195
taskid,283,finish_time,254650.26042905007
taskid,287,finish_time,255072.5533338377
taskid,288,finish_time,255417.03647668255
taskid,289,start_time,255703.41946439492
taskid,290,start_time,255809.01048639102
taskid,286,finish_time,255833.7101697362
taskid,291,start_time,257940.35421646805
taskid,292,start_time,257989.47583648833
taskid,293,start_time,259005.9588837224
taskid,294,start_time,261256.02383213595
taskid,295,start_time,261583.8172131726
taskid,296,start_time,262022.49096970112
taskid,297,start_time,262046.19653473375
taskid,298,start_time,262175.92825729796
taskid,295,finish_time,262410.3686014793
taskid,296,finish_time,263009.7997339901
taskid,290,finish_time,263328.4384863903
taskid,299,start_time,263658.9532157613
taskid,294,finish_time,263669.7498321356
taskid,300,start_time,263744.35534163384
taskid,289,finish_time,264015.0444643947
taskid,301,start_time,264088.5200549238
taskid,302,start_time,264185.4990291615
taskid,299,finish_time,264260.90458028164
taskid,292,finish_time,264427.8098364889
taskid,303,start_time,265333.442327323
taskid,298,finish_time,265443.92825729726
taskid,304,start_time,265703.1804705249
taskid,303,finish_time,266068.0223273223
taskid,291,finish_time,266323.61627896805
taskid,305,start_time,266416.41536986764
taskid,304,finish_time,266456.2982205244
taskid,306,start_time,267167.08721640223
taskid,307,start_time,267360.22171224444
taskid,308,start_time,267456.1256452346
taskid,297,finish_time,268056.2663883041
taskid,309,start_time,268769.5290115425
taskid,310,start_time,268880.87159063143
taskid,293,finish_time,269272.95888372324
taskid,311,start_time,269787.6677334699
taskid,311,finish_time,270600.99645846995
taskid,225,finish_time,271386.9476330752
taskid,312,start_time,271685.0768256985
taskid,310,finish_time,272061.2164779407
taskid,312,finish_time,272453.85182569735
taskid,313,start_time,272518.9250381579
taskid,314,start_time,273211.2675521161
taskid,313,finish_time,273263.6748131571
taskid,315,start_time,273446.0087864839
taskid,316,start_time,274705.4792317203
taskid,317,start_time,275477.72454170557
taskid,318,start_time,275871.851858996
taskid,319,start_time,276294.20622827526
taskid,201,finish_time,276961.29068665364
taskid,315,finish_time,277014.00878648437
taskid,319,finish_time,277129.96587827493
taskid,309,finish_time,277226.8185115421
taskid,320,start_time,277772.345412014
taskid,321,start_time,277794.6630209964
taskid,320,finish_time,278420.0762599307
taskid,321,finish_time,278595.63802099496
taskid,322,start_time,278616.2538264346
taskid,323,start_time,278882.81734698516
taskid,306,finish_time,279486.5794014013
taskid,324,start_time,280141.77562220587
taskid,0,finish_time,280938.38242324546
taskid,325,start_time,281281.18987109937
taskid,323,finish_time,281487.24254697276
taskid,317,finish_time,281764.1639126536
taskid,326,start_time,281818.8789355628
taskid,327,start_time,282355.5971647783
taskid,328,start_time,282377.7050059585
taskid,329,start_time,282486.1378566788
taskid,330,start_time,282521.77679912554
taskid,308,finish_time,282680.0631690391
taskid,322,finish_time,283288.62782643444
taskid,331,start_time,285019.65718879545
taskid,200,finish_time,285100.28738422296
taskid,332,start_time,285731.77182156994
taskid,333,start_time,286793.7472216473
taskid,334,start_time,287639.4920621665
taskid,335,start_time,288450.77491114655
taskid,316,finish_time,288852.47923171637
taskid,336,start_time,289244.2731073553
taskid,325,finish_time,289810.3157085997
taskid,337,start_time,290014.4873370843
taskid,338,start_time,290360.2609227294
taskid,208,finish_time,290669.2198896389
taskid,339,start_time,290722.9553396348
taskid,337,finish_time,290779.4893370844
taskid,340,start_time,291009.452989561
taskid,324,finish_time,291062.7756222068
taskid,338,finish_time,291342.0322352286
taskid,339,finish_time,291698.5728896351
taskid,341,start_time,291938.9919406525
taskid,342,start_time,291970.5339112073
taskid,343,start_time,292096.7487335608
taskid,327,finish_time,292110.9844897776
taskid,326,finish_time,292413.89693556365
taskid,343,finish_time,292903.5368585605
taskid,342,finish_time,292903.7469112132
taskid,344,start_time,293068.0074275403
taskid,345,start_time,293334.8994633362
taskid,328,finish_time,293349.7050059598
taskid,332,finish_time,293775.05182157207
taskid,329,finish_time,293934.84785667923
taskid,344,finish_time,294061.00742754136
taskid,331,finish_time,294220.65718879463
taskid,346,start_time,294375.2330134783
taskid,278,finish_time,294411.1710008605
taskid,330,finish_time,295132.7767991282
taskid,346,finish_time,295153.5910134754
taskid,347,start_time,295514.3881100206
taskid,348,start_time,296334.1102463849
taskid,349,start_time,296376.8604116629
taskid,350,start_time,296733.39867463044
taskid,347,finish_time,296808.5738600202
taskid,351,start_time,297008.09671594395
taskid,349,finish_time,297129.990411662
taskid,350,finish_time,297381.0266746307
taskid,333,finish_time,297569.1654466473
taskid,351,finish_time,297720.4167159424
taskid,352,start_time,298882.8874120656
taskid,314,finish_time,300378.8555521168
taskid,318,finish_time,300630.3899430004
taskid,353,start_time,300731.4629345973
taskid,354,start_time,301409.58257624425
taskid,353,finish_time,301540.48793459754
taskid,355,start_time,301693.9411613695
taskid,354,finish_time,302423.58257624565
taskid,355,finish_time,302651.9411613694
taskid,334,finish_time,302670.1800421671
taskid,356,start_time,303130.2735412808
taskid,357,start_time,304063.78412863665
taskid,307,finish_time,304354.3546622506
taskid,358,start_time,304419.57312527153
taskid,357,finish_time,304610.10001976526
taskid,356,finish_time,304959.004043364
taskid,359,start_time,305321.34804524
taskid,340,finish_time,305617.9592401963
taskid,360,start_time,305889.5630149055
taskid,360,finish_time,306635.27301490604
taskid,359,finish_time,306638.31749398966
taskid,361,start_time,306840.3310019849
taskid,362,start_time,307418.0875283845
taskid,363,start_time,307670.1181185731
taskid,362,finish_time,308215.0156533845
taskid,336,finish_time,308436.5208063232
taskid,364,start_time,308702.61277962313
taskid,363,finish_time,308720.1181185725
taskid,364,finish_time,310213.74477962335
taskid,348,finish_time,310963.2640026341
taskid,365,start_time,311279.93847735977
taskid,361,finish_time,311393.7454282343
taskid,173,finish_time,312119.0040911942
taskid,366,start_time,312427.1230843386
taskid,367,start_time,312687.73139448225
taskid,368,start_time,312791.5984649276
taskid,369,start_time,313081.1110648994
taskid,365,finish_time,313518.93847735884
taskid,370,start_time,313585.6488299461
taskid,371,start_time,313912.52217526216
taskid,367,finish_time,314490.1263944831
taskid,371,finish_time,314537.5221752604
taskid,368,finish_time,314593.9934649284
taskid,366,finish_time,314666.12308433943
taskid,372,start_time,314886.4909046002
taskid,373,start_time,314904.59577309276
taskid,374,start_time,314980.54443709436
taskid,369,finish_time,315320.11106490024
taskid,370,finish_time,315824.6488299452
taskid,373,finish_time,316249.7507730949
taskid,374,finish_time,316277.40412459476
taskid,375,start_time,316628.4106150144
taskid,341,finish_time,317267.03222864994
taskid,376,start_time,317772.7436625833
taskid,375,finish_time,317814.959615014
taskid,358,finish_time,318129.5266672361
taskid,376,finish_time,318340.4700575819
taskid,377,start_time,319121.97464262054
taskid,378,start_time,319418.54436063935
taskid,379,start_time,319756.5209576626
taskid,377,finish_time,320368.9746426195
taskid,378,finish_time,320453.69001063897
taskid,379,finish_time,320591.13588682946
taskid,372,finish_time,323007.49090459995
taskid,380,start_time,324596.89447270415
taskid,381,start_time,324701.4242643354
taskid,382,start_time,325393.3289762638
taskid,380,finish_time,325843.894472706
taskid,381,finish_time,326043.2285268358
taskid,383,start_time,326103.47753107466
taskid,384,start_time,326345.57694717543
taskid,385,start_time,326501.87719270913
taskid,386,start_time,326790.1496731108
taskid,387,start_time,326916.7494593352
taskid,382,finish_time,327375.3289762622
taskid,383,finish_time,327427.9475310751
taskid,384,finish_time,327537.174238842
taskid,388,start_time,327706.63255608524
taskid,387,finish_time,328125.3651030851
taskid,389,start_time,328338.6225724435
taskid,385,finish_time,328456.8771927109
taskid,389,finish_time,328932.0967516099
taskid,388,finish_time,329025.6325560849
taskid,390,start_time,329103.34012948914
taskid,386,finish_time,329137.8667981104
taskid,391,start_time,329801.663956565
taskid,391,finish_time,331400.663956567
taskid,390,finish_time,331537.3401294917
taskid,392,start_time,331622.3805731646
taskid,393,start_time,331735.37897754373
taskid,392,finish_time,332134.3118606641
taskid,394,start_time,333242.62596902304
taskid,395,start_time,333505.56990871136
taskid,335,finish_time,333561.13853114675
taskid,394,finish_time,334265.62596902467
taskid,396,start_time,335453.4997163218
taskid,395,finish_time,335491.41415871144
taskid,397,start_time,335851.0044750254
taskid,393,finish_time,335927.0139775434
taskid,398,start_time,336362.13436297304
taskid,399,start_time,336477.254955996
taskid,397,finish_time,337343.3977833591
taskid,400,start_time,337367.62039556896
taskid,396,finish_time,337681.49971632403
taskid,398,finish_time,338053.13994630636
taskid,399,finish_time,338172.1502559968
taskid,401,start_time,338428.2185377944
taskid,402,start_time,338693.98386642424
taskid,400,finish_time,339165.18539556913
taskid,403,start_time,339285.76293999824
taskid,401,finish_time,340221.7585377955
taskid,404,start_time,340458.58257350954
taskid,405,start_time,340866.68722797453
taskid,406,start_time,340879.1815305769
taskid,407,start_time,341190.4667631954
taskid,403,finish_time,341221.7629399974
taskid,408,start_time,341500.37635980564
taskid,409,start_time,341821.21660589194
taskid,410,start_time,342118.7628292049
taskid,411,start_time,342216.68288071797
taskid,412,start_time,342859.10933059134
taskid,408,finish_time,344138.18635980465
taskid,404,finish_time,344296.5825735094
taskid,411,finish_time,344473.10488071974
taskid,406,finish_time,345354.4615930773
taskid,412,finish_time,345557.02133059286
taskid,410,finish_time,345998.6643292046
taskid,407,finish_time,346432.46676319494
taskid,413,start_time,346683.9799741945
taskid,414,start_time,347364.5930412894
taskid,415,start_time,347944.7367739479
taskid,409,finish_time,347999.21660589124
taskid,416,start_time,348059.6490957841
taskid,301,finish_time,348071.02505895606
taskid,414,finish_time,348917.5990412896
taskid,416,finish_time,349037.3978457783
taskid,413,finish_time,349280.9318846113
taskid,417,start_time,350540.1890144343
taskid,418,start_time,350820.4066790801
taskid,419,start_time,351369.72078214836
taskid,418,finish_time,351894.40667908266
taskid,420,start_time,352007.3205989874
taskid,421,start_time,352289.48646310286
taskid,419,finish_time,352443.720782148
taskid,420,finish_time,352481.4585989866
taskid,405,finish_time,353233.3817740558
taskid,422,start_time,353268.9098048856
taskid,415,finish_time,353540.73677395
taskid,423,start_time,354066.20838828303
taskid,424,start_time,354312.43560190254
taskid,425,start_time,354668.80543819215
taskid,426,start_time,355310.27191915223
taskid,402,finish_time,355851.2661244915
taskid,424,finish_time,355866.08560190303
taskid,423,finish_time,356063.67238828423
taskid,422,finish_time,356144.90980488656
taskid,425,finish_time,356598.8054381916
taskid,427,start_time,357006.8982963407
taskid,426,finish_time,357240.27191915165
taskid,352,finish_time,358155.54684182256
taskid,427,finish_time,358936.89829634014
taskid,428,start_time,358953.8616496814
taskid,429,start_time,359128.2658161507
taskid,430,start_time,359452.54475057893
taskid,431,start_time,360224.3874903025
taskid,258,finish_time,360515.23472682753
taskid,428,finish_time,360883.8616496808
taskid,432,start_time,360990.06525322946
taskid,429,finish_time,361058.2658161507
taskid,433,start_time,362544.02589573833
taskid,434,start_time,362582.851125235
taskid,435,start_time,362592.1300555195
taskid,436,start_time,362698.5933870717
taskid,433,finish_time,363005.0252457378
taskid,430,finish_time,363470.5447505788
taskid,437,start_time,364016.121130835
taskid,245,finish_time,364852.32048405486
taskid,438,start_time,365963.2461778978
taskid,437,finish_time,366788.83760583546
taskid,436,finish_time,366863.59338707285
taskid,439,start_time,366923.48461258836
taskid,438,finish_time,367648.93890706426
taskid,440,start_time,368405.06358157215
taskid,302,finish_time,368443.94268166134
taskid,441,start_time,368570.8043034666
taskid,439,finish_time,368574.43461258634
taskid,442,start_time,369247.45749033574
taskid,431,finish_time,370017.14205389976
taskid,441,finish_time,370258.0149909662
taskid,440,finish_time,370626.06358157133
taskid,434,finish_time,370841.85112523235
taskid,442,finish_time,370941.59206533624
taskid,443,start_time,371862.7361661736
taskid,444,start_time,372120.14002075227
taskid,445,start_time,372999.6327806808
taskid,446,start_time,373361.3900648114
taskid,443,finish_time,373863.7027161742
taskid,445,finish_time,374028.632780681
taskid,444,finish_time,374122.0070957519
taskid,447,start_time,374280.0272373133
taskid,446,finish_time,374691.40688061854
taskid,448,start_time,375126.14524239814
taskid,447,finish_time,375278.2272373145
taskid,448,finish_time,376231.3727423982
taskid,432,finish_time,376611.2839139431
taskid,449,start_time,376703.0597644018
taskid,435,finish_time,376716.1300555209
taskid,449,finish_time,377621.65576439915
taskid,450,start_time,378054.15994688333
taskid,451,start_time,378690.54634861526
taskid,452,start_time,378879.3827167618
taskid,450,finish_time,379292.15994688205
taskid,453,start_time,379339.9203565747
taskid,452,finish_time,379646.6107167605
taskid,451,finish_time,379695.5463486141
taskid,453,finish_time,380009.2051556789
taskid,454,start_time,381606.8331211521
taskid,454,finish_time,382430.20868365024
taskid,455,start_time,383094.6603531717
taskid,455,finish_time,384065.43075084063
taskid,456,start_time,385930.35812716704
taskid,457,start_time,386304.14050548105
taskid,458,start_time,386377.14490612556
taskid,458,finish_time,387199.93823350634
taskid,305,finish_time,388209.1350812954
taskid,459,start_time,388484.67193694407
taskid,457,finish_time,388757.3622796999
taskid,460,start_time,388970.843093831
taskid,461,start_time,389103.1274830364
taskid,462,start_time,389134.8710336113
taskid,459,finish_time,389329.92193694605
taskid,460,finish_time,389932.61119049706
taskid,463,start_time,390242.28048358194
taskid,464,start_time,390916.12358395447
taskid,465,start_time,391974.7250470215
taskid,466,start_time,393160.05219556764
taskid,467,start_time,393486.45786126936
taskid,468,start_time,393895.3832795944
taskid,469,start_time,394151.5543639072
taskid,470,start_time,395182.2515098019
taskid,471,start_time,395837.1610086841
taskid,471,finish_time,396521.73280451726
taskid,472,start_time,398644.1214173724
taskid,467,finish_time,399155.457861276
taskid,472,finish_time,399660.12141737447
taskid,473,start_time,400618.21997767314
taskid,473,finish_time,401477.15497767436
taskid,474,start_time,401500.2817550412
taskid,474,finish_time,402511.28175504215
taskid,256,finish_time,405324.7145136296
taskid,475,start_time,406643.27390394977
taskid,476,start_time,407155.2049616862
taskid,477,start_time,407281.5809685972
taskid,475,finish_time,407475.6439039494
taskid,478,start_time,407519.0228974283
taskid,479,start_time,407994.93584252155
taskid,477,finish_time,408206.4201435967
taskid,480,start_time,408275.7182701398
taskid,480,finish_time,409282.25677013985
taskid,481,start_time,409579.951647542
taskid,482,start_time,410255.6956274241
taskid,482,finish_time,410971.9626899248
taskid,483,start_time,411203.0926480746
taskid,484,start_time,411462.19333173585
taskid,484,finish_time,412028.1083317374
taskid,476,finish_time,412097.28616168647
taskid,485,start_time,413649.2695439586
taskid,486,start_time,414326.23666052317
taskid,487,start_time,414579.21207320894
taskid,300,finish_time,414625.35534163826
taskid,488,start_time,416374.4236798637
taskid,489,start_time,416724.38275140215
taskid,490,start_time,416967.48970673874
taskid,491,start_time,417010.83615958743
taskid,492,start_time,417451.3685074585
taskid,491,finish_time,417733.53484708985
taskid,493,start_time,417927.4322058329
taskid,494,start_time,418439.7311774721
taskid,481,finish_time,418526.72164754226
taskid,478,finish_time,418649.4651474285
taskid,495,start_time,418691.81550420984
taskid,456,finish_time,418706.03562716633
taskid,496,start_time,419215.64634893596
taskid,494,finish_time,419564.0767214244
taskid,497,start_time,419732.2777279994
taskid,495,finish_time,419754.8155042097
taskid,496,finish_time,420187.64634893666
taskid,498,start_time,420289.0690128316
taskid,499,start_time,420545.45992244966
taskid,485,finish_time,420611.4555439594
taskid,500,start_time,420943.57764370186
taskid,501,start_time,421126.7945184963
taskid,502,start_time,421209.45380941976
taskid,503,start_time,421331.9955592879
taskid,497,finish_time,421959.27772800066
taskid,483,finish_time,422233.09264807345
taskid,498,finish_time,422516.0690128329
taskid,488,finish_time,422724.55114236334
taskid,499,finish_time,422773.4599224472
taskid,504,start_time,422806.0440895327
taskid,501,finish_time,422953.88439349626
taskid,502,finish_time,423002.18880942045
taskid,503,finish_time,423017.6882884544
taskid,505,start_time,423059.3227818618
taskid,500,finish_time,423171.5776437035
taskid,506,start_time,423262.3866238859
taskid,504,finish_time,423789.04408953374
taskid,505,finish_time,423936.4341318629
taskid,506,finish_time,424011.0646238848
taskid,507,start_time,424277.79415705934
taskid,507,finish_time,425036.11815706064
taskid,486,finish_time,425347.23666052177
taskid,487,finish_time,425506.4951982083
taskid,490,finish_time,425710.5947067401
taskid,492,finish_time,425713.6157157915
taskid,57,finish_time,426926.36670673185
taskid,508,start_time,427274.9095332476
taskid,489,finish_time,427557.3827514032
taskid,509,start_time,427756.3755822001
taskid,508,finish_time,428282.76953324897
taskid,510,start_time,428665.3450682423
taskid,509,finish_time,428771.7877072003
taskid,511,start_time,429138.6743612807
taskid,512,start_time,429584.6239520071
taskid,513,start_time,429902.1747021123
taskid,510,finish_time,429911.3450682432
taskid,511,finish_time,430084.362402947
taskid,512,finish_time,430163.22932343726
taskid,514,start_time,430228.628041791
taskid,493,finish_time,430362.43220583524
taskid,515,start_time,430578.9347651363
taskid,516,start_time,430805.5800927255
taskid,513,finish_time,431018.1747021126
taskid,514,finish_time,431303.6280417933
taskid,517,start_time,434190.0124457668
taskid,518,start_time,434904.65183851693
taskid,518,finish_time,435896.6518385159
taskid,519,start_time,436384.6239837978
taskid,519,finish_time,437378.6239837992
taskid,520,start_time,437791.390164821
taskid,521,start_time,438208.7763720314
taskid,522,start_time,438287.41077535384
taskid,520,finish_time,438617.3201648215
taskid,523,start_time,438985.42036138574
taskid,522,finish_time,439044.32479618705
taskid,523,finish_time,439760.3380905521
taskid,524,start_time,443594.476381711
taskid,525,start_time,443714.7991624371
taskid,525,finish_time,444466.05271888967
taskid,521,finish_time,445050.01637203037
taskid,462,finish_time,447770.87103358837
taskid,463,finish_time,448491.15558357467
taskid,526,start_time,448701.13967597904
taskid,527,start_time,449598.2141194972
taskid,526,finish_time,449816.13967596216
taskid,528,start_time,450343.27165542706
taskid,527,finish_time,450689.21411949873
taskid,529,start_time,451667.91122990055
taskid,530,start_time,452534.25175296003
taskid,529,finish_time,452627.0926674005
taskid,531,start_time,452956.6621893474
taskid,530,finish_time,453701.2251842101
taskid,532,start_time,454563.8647686331
taskid,533,start_time,454605.64358150103
taskid,531,finish_time,454945.1803768477
taskid,528,finish_time,456033.27165542473
taskid,533,finish_time,456110.7040690018
taskid,532,finish_time,456359.8197686348
taskid,524,finish_time,456507.7418602795
taskid,534,start_time,456967.6062246428
taskid,535,start_time,457673.9367335191
taskid,536,start_time,458161.3701206799
taskid,534,finish_time,459198.6062246402
taskid,537,start_time,459279.1927511543
taskid,538,start_time,459593.26908985514
taskid,539,start_time,459640.57248267875
taskid,540,start_time,459892.784726966
taskid,535,finish_time,459904.9367335165
taskid,541,start_time,460005.1775933233
taskid,536,finish_time,460392.37012067967
taskid,461,finish_time,460782.83193384303
taskid,540,finish_time,460896.6197269683
taskid,541,finish_time,460930.4515933258
taskid,537,finish_time,461510.19275115174
taskid,542,start_time,461950.8526198057
taskid,543,start_time,462258.67695654155
taskid,544,start_time,462554.8734044918
taskid,545,start_time,462836.39034094266
taskid,542,finish_time,462954.687619808
taskid,543,finish_time,463183.9509565441
taskid,546,start_time,463206.10891869006
taskid,544,finish_time,463471.2182294909
taskid,547,start_time,464329.8801039271
taskid,547,finish_time,465065.359391427
taskid,548,start_time,466019.82583407767
taskid,549,start_time,466124.7827493003
taskid,550,start_time,466534.77888321877
taskid,549,finish_time,467108.8662976876
taskid,548,finish_time,467117.82583408046
taskid,545,finish_time,467558.93960804783
taskid,551,start_time,468868.44724443945
taskid,552,start_time,468963.0678480592
taskid,552,finish_time,469557.21883193025
taskid,553,start_time,470277.44744752895
taskid,554,start_time,470451.98038782703
taskid,553,finish_time,471359.4474475279
taskid,555,start_time,471412.4779282916
taskid,556,start_time,471548.2178038989
taskid,546,finish_time,474652.922027965
taskid,557,start_time,474652.922027965
taskid,558,start_time,474652.922027965
taskid,551,finish_time,474900.6127831302
taskid,470,finish_time,474992.51350980153
taskid,559,start_time,476176.6866893565
taskid,550,finish_time,476281.73032527533
taskid,560,start_time,476378.6423534082
taskid,561,start_time,476608.7490882132
taskid,555,finish_time,477228.44129686215
taskid,562,start_time,478439.8151660111
taskid,563,start_time,479053.72702883824
taskid,562,finish_time,479655.8151660097
taskid,469,finish_time,481029.5693639078
taskid,564,start_time,481029.5693639078
taskid,561,finish_time,482648.8451649995
taskid,565,start_time,482648.8451649995
taskid,566,start_time,482648.8451649995
taskid,557,finish_time,486960.71075713326
taskid,567,start_time,486960.71075713326
taskid,568,start_time,486960.71075713326
taskid,568,finish_time,487845.9167571355
taskid,567,finish_time,488164.7107571329
taskid,565,finish_time,488238.3445816698
taskid,569,start_time,488238.3445816698
taskid,559,finish_time,492191.686689374
taskid,558,finish_time,492375.17908421525
taskid,570,start_time,492375.17908421525
taskid,560,finish_time,492533.64235343324
taskid,571,start_time,492533.64235343324
taskid,571,finish_time,493607.9686784328
taskid,572,start_time,493607.9686784328
taskid,572,finish_time,494271.9686784045
taskid,573,start_time,494271.9686784045
taskid,563,finish_time,494465.3034097913
taskid,573,finish_time,495123.6586784056
taskid,574,start_time,495123.6586784056
taskid,564,finish_time,497518.3688826547
taskid,575,start_time,497518.3688826547
taskid,575,finish_time,498490.935882655
taskid,569,finish_time,499509.6654354029
taskid,576,start_time,499509.6654354029
taskid,577,start_time,499509.6654354029
taskid,566,finish_time,499797.0304375013
taskid,577,finish_time,500179.34413254575
taskid,468,finish_time,501540.3832795921
taskid,570,finish_time,503235.952095623
taskid,578,start_time,503235.952095623
taskid,579,start_time,503235.952095623
taskid,539,finish_time,503250.8469326713
taskid,579,finish_time,503960.0441810398
taskid,578,finish_time,504374.9004405314
taskid,580,start_time,504374.9004405314
taskid,581,start_time,504374.9004405314
taskid,582,start_time,504374.9004405314
taskid,583,start_time,504374.9004405314
taskid,581,finish_time,505191.1583655312
taskid,584,start_time,505191.1583655312
taskid,576,finish_time,505302.65125266503
taskid,585,start_time,505302.65125266503
taskid,583,finish_time,505448.90044053335
taskid,586,start_time,505448.90044053335
taskid,585,finish_time,506442.65125266503
taskid,574,finish_time,508197.3119117592
taskid,587,start_time,508197.3119117592
taskid,588,start_time,508197.3119117592
taskid,589,start_time,508197.3119117592
taskid,590,start_time,508197.3119117592
taskid,591,start_time,508197.3119117592
taskid,592,start_time,508197.3119117592
taskid,593,start_time,508197.3119117592
taskid,96,finish_time,508790.6164218455
taskid,594,start_time,508790.6164218455
taskid,595,start_time,508790.6164218455
taskid,596,start_time,508790.6164218455
taskid,588,finish_time,509147.5538284255
taskid,589,finish_time,509320.31191175967
taskid,593,finish_time,509335.31191176025
taskid,582,finish_time,510302.24310049764
taskid,597,start_time,510302.24310049764
taskid,598,start_time,510302.24310049764
taskid,599,start_time,510302.24310049764
taskid,600,start_time,510302.24310049764
taskid,601,start_time,510302.24310049764
taskid,595,finish_time,510528.629671845
taskid,602,start_time,510528.629671845
taskid,584,finish_time,510742.7474877749
taskid,603,start_time,510742.7474877749
taskid,604,start_time,510742.7474877749
taskid,605,start_time,510742.7474877749
taskid,606,start_time,510742.7474877749
taskid,607,start_time,510742.7474877749
taskid,596,finish_time,513582.781421843
taskid,592,finish_time,514450.4714117588
taskid,591,finish_time,514727.3119117586
taskid,479,finish_time,515557.55470584804
taskid,608,start_time,515557.55470584804
taskid,609,start_time,515557.55470584804
taskid,610,start_time,515557.55470584804
taskid,611,start_time,515557.55470584804
taskid,612,start_time,515557.55470584804
taskid,610,finish_time,516341.8487058471
taskid,609,finish_time,516404.4147058485
taskid,611,finish_time,516405.21970584657
taskid,586,finish_time,516500.6972530045
taskid,612,finish_time,516607.5547058486
taskid,613,start_time,516853.93195809535
taskid,590,finish_time,517022.2700992592
taskid,607,finish_time,517613.6674877755
taskid,600,finish_time,517648.09861299733
taskid,538,finish_time,517797.3021659265
taskid,580,finish_time,517847.25454005477
taskid,613,finish_time,517885.93195809546
taskid,614,start_time,518692.55092831294
taskid,615,start_time,519364.480735727
taskid,602,finish_time,519504.37967184396
taskid,599,finish_time,519532.93353799765
taskid,587,finish_time,519751.3119117501
taskid,616,start_time,519853.9096835408
taskid,605,finish_time,519979.747487775
taskid,617,start_time,520066.26666578965
taskid,606,finish_time,520166.14748777397
taskid,615,finish_time,520282.180735726
taskid,618,start_time,520449.89170980616
taskid,604,finish_time,520637.7161877746
taskid,619,start_time,520747.9494454853
taskid,617,finish_time,520888.1716657911
taskid,598,finish_time,521193.8614754976
taskid,601,finish_time,521240.24310050043
taskid,620,start_time,521240.5602597992
taskid,618,finish_time,521565.8917098065
taskid,621,start_time,521581.5971380768
taskid,619,finish_time,521756.28587673494
taskid,603,finish_time,521827.7474877743
taskid,620,finish_time,522057.6352597976
taskid,608,finish_time,522480.6003021894
taskid,621,finish_time,522664.597138079
taskid,616,finish_time,523114.90968354116
taskid,622,start_time,523662.0259102419
taskid,623,start_time,523678.8551525191
taskid,624,start_time,523966.81480776815
taskid,614,finish_time,524268.19653414673
taskid,625,start_time,524432.2869658789
taskid,626,start_time,524804.1900749343
taskid,627,start_time,524859.8339559281
taskid,628,start_time,525325.2388423381
taskid,624,finish_time,525454.3353702673
taskid,625,finish_time,525909.2740596288
taskid,626,finish_time,527009.1900749308
taskid,627,finish_time,527064.8339559246
taskid,628,finish_time,527122.1760298384
taskid,629,start_time,527245.6087140801
taskid,630,start_time,528174.6249991618
taskid,631,start_time,528478.1151573127
taskid,629,finish_time,529045.8056515796
taskid,630,finish_time,529949.6499991601
taskid,632,start_time,530595.2450360723
taskid,631,finish_time,530702.9990823136
taskid,633,start_time,530976.2077198153
taskid,634,start_time,531331.4634377897
taskid,635,start_time,531391.7955375416
taskid,636,start_time,531852.2765265206
taskid,632,finish_time,532462.8272360719
taskid,637,start_time,532476.2661460666
taskid,638,start_time,532554.1859502142
taskid,633,finish_time,532765.722719815
taskid,597,finish_time,532976.0946377566
taskid,623,finish_time,533022.3631448599
taskid,635,finish_time,533061.2955375458
taskid,639,start_time,533282.2860571838
taskid,634,finish_time,533576.463437792
taskid,640,start_time,534018.5782031723
taskid,636,finish_time,534061.2765265208
taskid,641,start_time,534198.8035560604
taskid,638,finish_time,534570.461425216
taskid,637,finish_time,534727.2661460664
taskid,642,start_time,534805.7311577089
taskid,639,finish_time,534935.3414821837
taskid,643,start_time,535661.2119841308
taskid,640,finish_time,535689.562203169
taskid,644,start_time,535756.1172651085
taskid,641,finish_time,536021.0038060597
taskid,642,finish_time,536606.5161577107
taskid,645,start_time,536931.3863188708
taskid,643,finish_time,537352.976546631
taskid,646,start_time,537581.6510386923
taskid,644,finish_time,538004.1172651066
taskid,645,finish_time,539169.3863188736
taskid,647,start_time,539246.7126230516
taskid,646,finish_time,539388.8760386962
taskid,622,finish_time,539494.8873984584
taskid,648,start_time,540293.1948506488
taskid,647,finish_time,541088.5526230517
taskid,648,finish_time,542581.1948506515
taskid,649,start_time,543541.7051116008
taskid,464,finish_time,543940.1235839524
taskid,650,start_time,544433.3115246559
taskid,651,start_time,544754.6707714617
taskid,652,start_time,544897.1755619085
taskid,653,start_time,544957.3849832959
taskid,465,finish_time,544992.725047023
taskid,649,finish_time,545452.4876115998
taskid,654,start_time,545691.0914473475
taskid,466,finish_time,546174.0521955679
taskid,655,start_time,546237.9808208961
taskid,653,finish_time,546701.5191082953
taskid,650,finish_time,546722.3115246561
taskid,652,finish_time,546739.0155619086
taskid,651,finish_time,547055.6707714556
taskid,654,finish_time,547979.0914473468
taskid,656,start_time,548059.4408699062
taskid,655,finish_time,549536.9883458943
taskid,656,finish_time,549852.1758699028
taskid,657,start_time,550725.5490514317
taskid,658,start_time,550783.5638460149
taskid,594,finish_time,551011.6164218433
taskid,659,start_time,551761.4088541421
taskid,657,finish_time,552227.2364764307
taskid,658,finish_time,553009.5638460147
taskid,660,start_time,553225.8310367155
taskid,659,finish_time,553454.7827041429
taskid,661,start_time,555094.0577221188
taskid,660,finish_time,555453.8310367113
taskid,662,start_time,556414.5523901586
taskid,663,start_time,556473.2851040271
taskid,664,start_time,556804.3474258978
taskid,665,start_time,556963.807358315
taskid,661,finish_time,557320.0577221186
taskid,662,finish_time,558263.8575401576
taskid,663,finish_time,558360.1073123609
taskid,664,finish_time,558805.5774259004
taskid,665,finish_time,558808.4193583175
taskid,666,start_time,558840.0562401416
taskid,667,start_time,559784.8665961445
taskid,668,start_time,560799.2195222654
taskid,669,start_time,561062.7867067611
taskid,666,finish_time,561302.9053651423
taskid,667,finish_time,562023.5717461441
taskid,670,start_time,562090.0484423024
taskid,671,start_time,562488.1053830076
taskid,669,finish_time,562907.3987067636
taskid,668,finish_time,563285.2195222663
taskid,672,start_time,563664.146342297
taskid,673,start_time,563938.9502983332
taskid,674,start_time,564304.2534314318
taskid,670,finish_time,564554.8708298021
taskid,675,start_time,564592.1099818993
taskid,671,finish_time,564703.1053830099
taskid,676,start_time,565325.4593914913
taskid,677,start_time,565380.1540080006
taskid,672,finish_time,565904.090779797
taskid,678,start_time,565918.0907192632
taskid,675,finish_time,566109.9570360658
taskid,673,finish_time,566193.9502983309
taskid,679,start_time,566256.0694230285
taskid,674,finish_time,566334.9373064319
taskid,677,finish_time,567060.0420080046
taskid,676,finish_time,567150.3943914946
taskid,680,start_time,567513.8345850727
taskid,678,finish_time,567793.9806692655
taskid,679,finish_time,568688.0694230245
taskid,681,start_time,568765.4794369552
taskid,680,finish_time,569945.8345850711
taskid,681,finish_time,570723.2394369547
taskid,682,start_time,570943.8535561688
taskid,683,start_time,571259.1134330663
taskid,684,start_time,571493.2236600332
taskid,685,start_time,571514.2959765411
taskid,686,start_time,571947.5964452033
taskid,687,start_time,572232.0128756033
taskid,688,start_time,572594.690781855
taskid,689,start_time,573035.770723679
taskid,682,finish_time,573342.8535561633
taskid,687,finish_time,573425.0128756037
taskid,685,finish_time,573496.2239765407
taskid,683,finish_time,573692.1134330644
taskid,689,finish_time,573880.5145361788
taskid,684,finish_time,573935.2236600327
taskid,690,start_time,574170.0456620371
taskid,686,finish_time,574324.2557577053
taskid,691,start_time,575413.2974862804
taskid,692,start_time,575710.4864614661
taskid,693,start_time,575903.6016724126
taskid,694,start_time,577709.4876242711
taskid,695,start_time,578339.0754784702
taskid,696,start_time,579160.0747185935
taskid,688,finish_time,581398.4974336384
taskid,697,start_time,582817.9940455791
taskid,698,start_time,582893.6536347417
taskid,699,start_time,583518.5164465279
taskid,698,finish_time,585528.9826237755
taskid,700,start_time,585542.0504213036
taskid,701,start_time,585861.607045618
taskid,702,start_time,586172.4036759621
taskid,703,start_time,586315.8756842335
taskid,690,finish_time,586626.7416620327
taskid,703,finish_time,586876.0866721369
taskid,701,finish_time,586963.8496456185
taskid,704,start_time,587293.2025625274
taskid,704,finish_time,588185.0865625272
taskid,693,finish_time,588323.1493863016
taskid,692,finish_time,588653.4928503545
taskid,705,start_time,589743.1880063444
taskid,695,finish_time,590253.0754784716
taskid,706,start_time,591510.4808338382
taskid,707,start_time,593001.7777062142
taskid,708,start_time,593030.8596112855
taskid,699,finish_time,593102.4598784229
taskid,700,finish_time,594196.1916083812
taskid,702,finish_time,594299.5525926288
taskid,709,start_time,595068.8778008956
taskid,709,finish_time,595833.0681399264
taskid,708,finish_time,596067.8596112862
taskid,705,finish_time,596709.188006343
taskid,710,start_time,598521.7832760316
taskid,711,start_time,599009.9437172244
taskid,710,finish_time,600815.228276034
taskid,712,start_time,601791.3676124652
taskid,713,start_time,602524.8759271704
taskid,714,start_time,602832.2956799258
taskid,715,start_time,602891.6761381439
taskid,712,finish_time,602925.3676124689
taskid,716,start_time,603034.1011810532
taskid,713,finish_time,603654.8759271657
taskid,717,start_time,603698.2410418172
taskid,707,finish_time,604776.603011349
taskid,718,start_time,605497.549223532
taskid,719,start_time,605741.3767779139
taskid,720,start_time,606498.3475069517
taskid,721,start_time,606905.1273629986
taskid,720,finish_time,607143.9575069504
taskid,722,start_time,607364.8318101992
taskid,721,finish_time,607745.7284879972
taskid,722,finish_time,608186.967810197
taskid,719,finish_time,608575.3767779141
taskid,723,start_time,609055.336433092
taskid,724,start_time,609579.3015211462
taskid,725,start_time,609819.130781638
taskid,724,finish_time,610371.3015211457
taskid,726,start_time,610436.4145993856
taskid,727,start_time,610950.5479086647
taskid,725,finish_time,611081.3707816349
taskid,714,finish_time,611595.2956799263
taskid,726,finish_time,611726.6081743846
taskid,717,finish_time,612368.8960418152
taskid,728,start_time,612722.6056629255
taskid,729,start_time,612838.93602957
taskid,214,finish_time,613809.4614491571
taskid,727,finish_time,613956.5479086703
taskid,516,finish_time,614119.0890206182
taskid,730,start_time,614780.7761022738
taskid,715,finish_time,615639.4495703877
taskid,731,start_time,615639.4495703877
taskid,716,finish_time,621246.5738078726
taskid,732,start_time,621246.5738078726
taskid,733,start_time,621246.5738078726
taskid,728,finish_time,621450.4156629251
taskid,517,finish_time,622643.0778374312
taskid,734,start_time,622643.0778374312
taskid,515,finish_time,622952.107565134
taskid,735,start_time,622952.107565134
taskid,736,start_time,622952.107565134
taskid,737,start_time,622952.107565134
taskid,738,start_time,622952.107565134
taskid,739,start_time,622952.107565134
taskid,740,start_time,622952.107565134
taskid,737,finish_time,623840.389440134
taskid,740,finish_time,623893.1525651295
taskid,735,finish_time,624121.1075651319
taskid,739,finish_time,625996.107565133
taskid,729,finish_time,628620.936029573
taskid,696,finish_time,630633.5773123429
taskid,741,start_time,630633.5773123429
taskid,736,finish_time,634730.062565134
taskid,734,finish_time,636110.412737592
taskid,742,start_time,636110.412737592
taskid,743,start_time,636110.412737592
taskid,694,finish_time,636153.9193742701
taskid,554,finish_time,636619.35193991
taskid,744,start_time,636619.35193991
taskid,745,start_time,636619.35193991
taskid,746,start_time,636619.35193991
taskid,747,start_time,636619.35193991
taskid,738,finish_time,636746.1075651388
taskid,748,start_time,636746.1075651388
taskid,746,finish_time,637756.351939913
taskid,749,start_time,637756.351939913
taskid,745,finish_time,637783.351939909
taskid,750,start_time,637783.351939909
taskid,748,finish_time,640846.10756514
taskid,751,start_time,640846.10756514
taskid,750,finish_time,641094.3484044919
taskid,752,start_time,641094.3484044919
taskid,749,finish_time,641336.3519399153
taskid,753,start_time,641336.3519399153
taskid,751,finish_time,641955.5543651396
taskid,754,start_time,641955.5543651396
taskid,752,finish_time,643365.1125294907
taskid,755,start_time,643365.1125294907
taskid,181,finish_time,643477.1277874983
taskid,756,start_time,643477.1277874983
taskid,757,start_time,643477.1277874983
taskid,758,start_time,643477.1277874983
taskid,759,start_time,643477.1277874983
taskid,760,start_time,643477.1277874983
taskid,761,start_time,643477.1277874983
taskid,762,start_time,643477.1277874983
taskid,763,start_time,643477.1277874983
taskid,764,start_time,643477.1277874983
taskid,765,start_time,643477.1277874983
taskid,753,finish_time,643760.3519399202
taskid,248,finish_time,649908.3518077171
taskid,754,finish_time,650383.6266401386
taskid,759,finish_time,651023.1977874979
taskid,764,finish_time,652649.7145625013
taskid,762,finish_time,652839.1277874978
taskid,756,finish_time,653099.4656624978
taskid,760,finish_time,653451.3426874981
taskid,742,finish_time,654122.775888103
taskid,763,finish_time,654404.1277874978
taskid,757,finish_time,654463.1277874981
taskid,761,finish_time,654505.1277875011
taskid,758,finish_time,654541.1277875009
taskid,755,finish_time,654759.4553544902
taskid,711,finish_time,655751.4057209269
taskid,556,finish_time,656660.6169539298
taskid,765,finish_time,657116.1277874997
taskid,744,finish_time,658459.50587027
taskid,697,finish_time,659660.9940455796
taskid,766,start_time,659660.9940455796
taskid,747,finish_time,671803.4418424087
taskid,731,finish_time,684173.8148974081
taskid,767,start_time,684173.8148974081
taskid,741,finish_time,695796.6305098435
taskid,768,start_time,695796.6305098435
taskid,730,finish_time,697260.3689750883
taskid,769,start_time,697260.3689750883
taskid,770,start_time,697260.3689750883
taskid,771,start_time,697260.3689750883
taskid,772,start_time,697260.3689750883
taskid,771,finish_time,698061.1340125889
taskid,770,finish_time,698394.3689750851
taskid,767,finish_time,699489.4311107533
taskid,773,start_time,699489.4311107533
taskid,774,start_time,699489.4311107533
taskid,775,start_time,699489.4311107533
taskid,776,start_time,699489.4311107533
taskid,769,finish_time,700344.3689750921
taskid,775,finish_time,700488.0226607552
taskid,776,finish_time,700640.4311107531
taskid,774,finish_time,700640.5408420031
taskid,768,finish_time,707733.0981859805
taskid,777,start_time,707733.0981859805
taskid,773,finish_time,714399.6649607633
taskid,778,start_time,714399.6649607633
taskid,779,start_time,714399.6649607633
taskid,780,start_time,714399.6649607633
taskid,781,start_time,714399.6649607633
taskid,780,finish_time,715266.3209607628
taskid,781,finish_time,715279.5299607586
taskid,779,finish_time,716687.2509607592
taskid,782,start_time,716687.2509607592
taskid,732,finish_time,719576.30261537
taskid,783,start_time,719576.30261537
taskid,784,start_time,719576.30261537
taskid,777,finish_time,719939.8402707716
taskid,785,start_time,719939.8402707716
taskid,784,finish_time,720307.5825653711
taskid,743,finish_time,720682.6177602676
taskid,786,start_time,720682.6177602676
taskid,787,start_time,720682.6177602676
taskid,788,start_time,720682.6177602676
taskid,789,start_time,720682.6177602676
taskid,790,start_time,720682.6177602676
taskid,791,start_time,720682.6177602676
taskid,792,start_time,720682.6177602676
taskid,793,start_time,720682.6177602676
taskid,783,finish_time,720728.3026153742
taskid,794,start_time,720728.3026153742
taskid,791,finish_time,721998.1745186013
taskid,790,finish_time,723224.6177602683
taskid,787,finish_time,723401.4489102685
taskid,733,finish_time,723980.963450369
taskid,795,start_time,723980.963450369
taskid,796,start_time,723980.963450369
taskid,797,start_time,723980.963450369
taskid,788,finish_time,723985.6177602692
taskid,789,finish_time,724330.617760268
taskid,797,finish_time,725037.9634503697
taskid,796,finish_time,725076.6638253701
taskid,792,finish_time,728898.4477602663
taskid,794,finish_time,729131.2759153739
taskid,778,finish_time,729192.7328417149
taskid,798,start_time,729192.7328417149
taskid,799,start_time,729192.7328417149
taskid,800,start_time,729192.7328417149
taskid,801,start_time,729192.7328417149
taskid,802,start_time,729192.7328417149
taskid,802,finish_time,730131.9804167132
taskid,799,finish_time,730151.7328417151
taskid,801,finish_time,730213.7328417146
taskid,800,finish_time,730270.7328417165
taskid,154,finish_time,731033.3679547787
taskid,793,finish_time,732069.6177602671
taskid,803,start_time,732069.6177602671
taskid,786,finish_time,732069.8695814868
taskid,804,start_time,732069.8695814868
taskid,785,finish_time,733656.7463301414
taskid,805,start_time,733656.7463301414
taskid,806,start_time,733656.7463301414
taskid,807,start_time,733656.7463301414
taskid,808,start_time,733656.7463301414
taskid,809,start_time,733656.7463301414
taskid,810,start_time,733656.7463301414
taskid,811,start_time,733656.7463301414
taskid,812,start_time,733656.7463301414
taskid,813,start_time,733656.7463301414
taskid,806,finish_time,734422.7964051418
taskid,807,finish_time,734500.3863301444
taskid,811,finish_time,734580.8854551417
taskid,809,finish_time,734640.7463301382
taskid,805,finish_time,734672.746330147
taskid,808,finish_time,734673.7463301421
taskid,812,finish_time,734690.746330137
taskid,813,finish_time,734718.7463301445
taskid,772,finish_time,737578.9566646056
taskid,814,start_time,737578.9566646056
taskid,782,finish_time,742133.3909274336
taskid,815,start_time,742133.3909274336
taskid,816,start_time,742133.3909274336
taskid,817,start_time,742133.3909274336
taskid,818,start_time,742133.3909274336
taskid,819,start_time,742133.3909274336
taskid,817,finish_time,742842.7466336837
taskid,818,finish_time,742915.4589274282
taskid,819,finish_time,742918.426927433
taskid,816,finish_time,742931.3909274294
taskid,804,finish_time,743264.9750935725
taskid,820,start_time,743264.9750935725
taskid,821,start_time,743264.9750935725
taskid,803,finish_time,744402.6271828465
taskid,822,start_time,744402.6271828465
taskid,823,start_time,744402.6271828465
taskid,824,start_time,744402.6271828465
taskid,825,start_time,744402.6271828465
taskid,826,start_time,744402.6271828465
taskid,827,start_time,744402.6271828465
taskid,824,finish_time,745131.710327476
taskid,828,start_time,745131.710327476
taskid,823,finish_time,745430.6271828482
taskid,829,start_time,745430.6271828482
taskid,827,finish_time,745450.622864097
taskid,830,start_time,745450.622864097
taskid,826,finish_time,745469.6271828496
taskid,831,start_time,745469.6271828496
taskid,825,finish_time,745501.6271828468
taskid,829,finish_time,746162.2574457062
taskid,832,start_time,746162.2574457062
taskid,833,start_time,746162.2574457062
taskid,830,finish_time,746171.7836265956
taskid,834,start_time,746171.7836265956
taskid,831,finish_time,746200.9071328506
taskid,822,finish_time,746751.5488828478
taskid,835,start_time,746751.5488828478
taskid,834,finish_time,747001.3478557618
taskid,814,finish_time,748610.5853565752
taskid,836,start_time,748610.5853565752
taskid,837,start_time,748610.5853565752
taskid,838,start_time,748610.5853565752
taskid,839,start_time,748610.5853565752
taskid,838,finish_time,749539.3918065755
taskid,839,finish_time,749675.585356574
taskid,718,finish_time,750132.5523235288
taskid,840,start_time,750132.5523235288
taskid,836,finish_time,752266.1543566121
taskid,841,start_time,752266.1543566121
taskid,842,start_time,752266.1543566121
taskid,842,finish_time,753365.1543566124
taskid,840,finish_time,754142.3467753616
taskid,843,start_time,754142.3467753616
taskid,833,finish_time,754654.6829457058
taskid,828,finish_time,754930.7999524754
taskid,841,finish_time,756032.7402565994
taskid,844,start_time,756032.7402565994
taskid,845,start_time,756032.7402565994
taskid,843,finish_time,756168.5664134616
taskid,846,start_time,756168.5664134616
taskid,847,start_time,756168.5664134616
taskid,848,start_time,756168.5664134616
taskid,849,start_time,756168.5664134616
taskid,844,finish_time,756522.0304516597
taskid,850,start_time,756522.0304516597
taskid,845,finish_time,756888.4552565932
taskid,848,finish_time,757397.566413463
taskid,706,finish_time,759337.354708839
taskid,851,start_time,759337.354708839
taskid,852,start_time,759337.354708839
taskid,837,finish_time,759919.3277565872
taskid,853,start_time,759919.3277565872
taskid,854,start_time,759919.3277565872
taskid,852,finish_time,761277.0516088244
taskid,855,start_time,761277.0516088244
taskid,856,start_time,761277.0516088244
taskid,853,finish_time,761320.962875061
taskid,857,start_time,761320.962875061
taskid,858,start_time,761320.962875061
taskid,859,start_time,761320.962875061
taskid,860,start_time,761320.962875061
taskid,861,start_time,761320.962875061
taskid,862,start_time,761320.962875061
taskid,863,start_time,761320.962875061
taskid,864,start_time,761320.962875061
taskid,821,finish_time,762158.8303955885
taskid,865,start_time,762158.8303955885
taskid,866,start_time,762158.8303955885
taskid,867,start_time,762158.8303955885
taskid,868,start_time,762158.8303955885
taskid,869,start_time,762158.8303955885
taskid,870,start_time,762158.8303955885
taskid,871,start_time,762158.8303955885
taskid,872,start_time,762158.8303955885
taskid,849,finish_time,762209.93041346
taskid,873,start_time,762209.93041346
taskid,858,finish_time,763250.8532000594
taskid,874,start_time,763250.8532000594
taskid,857,finish_time,763391.4818125619
taskid,875,start_time,763391.4818125619
taskid,856,finish_time,763600.0516088284
taskid,876,start_time,763600.0516088284
taskid,863,finish_time,763643.9628750626
taskid,877,start_time,763643.9628750626
taskid,859,finish_time,763643.9628750626
taskid,878,start_time,763643.9628750626
taskid,861,finish_time,763643.9628750626
taskid,879,start_time,763643.9628750626
taskid,862,finish_time,763646.9628750607
taskid,880,start_time,763646.9628750607
taskid,860,finish_time,763649.9628750577
taskid,881,start_time,763649.9628750577
taskid,864,finish_time,763659.9628750612
taskid,882,start_time,763659.9628750612
taskid,867,finish_time,763738.9721435049
taskid,883,start_time,763738.9721435049
taskid,869,finish_time,763946.5341455905
taskid,884,start_time,763946.5341455905
taskid,873,finish_time,764044.5254134577
taskid,885,start_time,764044.5254134577
taskid,868,finish_time,764057.8253955914
taskid,886,start_time,764057.8253955914
taskid,865,finish_time,764268.7604705893
taskid,887,start_time,764268.7604705893
taskid,872,finish_time,764441.8303955878
taskid,870,finish_time,764497.8303955911
taskid,866,finish_time,764501.8303955843
taskid,871,finish_time,764513.8303955874
taskid,874,finish_time,764998.2385250593
taskid,875,finish_time,765226.0768125595
taskid,876,finish_time,765298.4896088287
taskid,882,finish_time,765458.7435000604
taskid,888,start_time,765458.7435000604
taskid,878,finish_time,765483.3878750603
taskid,889,start_time,765483.3878750603
taskid,691,finish_time,765498.3208363232
taskid,890,start_time,765498.3208363232
taskid,880,finish_time,765554.8128750564
taskid,884,finish_time,765563.5803080905
taskid,887,finish_time,765856.2704080899
taskid,877,finish_time,765922.9628750628
taskid,879,finish_time,765939.9628750659
taskid,886,finish_time,765987.4103955909
taskid,885,finish_time,766035.8930884608
taskid,881,finish_time,766046.9628750619
taskid,891,start_time,766046.9628750619
taskid,883,finish_time,766108.9721435072
taskid,890,finish_time,766191.2309391754
taskid,892,start_time,766191.2309391754
taskid,847,finish_time,769506.6114134648
taskid,820,finish_time,770769.1739903433
taskid,893,start_time,770769.1739903433
taskid,855,finish_time,784104.8709215259
taskid,894,start_time,784104.8709215259
taskid,832,finish_time,787111.4820047084
taskid,810,finish_time,795833.5597379948
taskid,895,start_time,795833.5597379948
taskid,896,start_time,795833.5597379948
taskid,895,finish_time,799090.8927768883
taskid,897,start_time,799090.8927768883
taskid,846,finish_time,800991.7438891487
taskid,898,start_time,800991.7438891487
taskid,898,finish_time,801607.2900354778
taskid,899,start_time,801607.2900354778
taskid,900,start_time,801607.2900354778
taskid,901,start_time,801607.2900354778
taskid,901,finish_time,802250.275722977
taskid,899,finish_time,802267.290035422
taskid,215,finish_time,815349.821490292
taskid,902,start_time,815349.821490292
taskid,903,start_time,815349.821490292
taskid,903,finish_time,816434.8214902885
taskid,904,start_time,816434.8214902885
taskid,904,finish_time,818140.2418902882
taskid,905,start_time,818140.2418902882
taskid,905,finish_time,820212.3499152861
taskid,906,start_time,820212.3499152861
taskid,894,finish_time,820961.1086215253
taskid,907,start_time,820961.1086215253
taskid,908,start_time,820961.1086215253
taskid,909,start_time,820961.1086215253
taskid,910,start_time,820961.1086215253
taskid,911,start_time,820961.1086215253
taskid,912,start_time,820961.1086215253
taskid,913,start_time,820961.1086215253
taskid,914,start_time,820961.1086215253
taskid,906,finish_time,822064.6549152879
taskid,915,start_time,822064.6549152879
taskid,907,finish_time,822668.4506215248
taskid,916,start_time,822668.4506215248
taskid,912,finish_time,822668.4506215248
taskid,917,start_time,822668.4506215248
taskid,913,finish_time,822732.0764215267
taskid,918,start_time,822732.0764215267
taskid,914,finish_time,822893.4912715247
taskid,919,start_time,822893.4912715247
taskid,908,finish_time,823240.6805590272
taskid,920,start_time,823240.6805590272
taskid,909,finish_time,823262.1086215298
taskid,921,start_time,823262.1086215298
taskid,910,finish_time,823262.1086215298
taskid,922,start_time,823262.1086215298
taskid,911,finish_time,823262.1086215298
taskid,923,start_time,823262.1086215298
taskid,246,finish_time,823720.1544260199
taskid,924,start_time,823720.1544260199
taskid,925,start_time,823720.1544260199
taskid,926,start_time,823720.1544260199
taskid,927,start_time,823720.1544260199
taskid,915,finish_time,823790.5469152906
taskid,928,start_time,823790.5469152906
taskid,918,finish_time,824290.1136006927
taskid,929,start_time,824290.1136006927
taskid,920,finish_time,824803.4065861115
taskid,930,start_time,824803.4065861115
taskid,922,finish_time,824818.806129864
taskid,931,start_time,824818.806129864
taskid,916,finish_time,824994.4506215246
taskid,932,start_time,824994.4506215246
taskid,917,finish_time,824994.4506215246
taskid,933,start_time,824994.4506215246
taskid,919,finish_time,825221.4912715252
taskid,934,start_time,825221.4912715252
taskid,928,finish_time,825341.2159048736
taskid,935,start_time,825341.2159048736
taskid,923,finish_time,825576.1086215312
taskid,936,start_time,825576.1086215312
taskid,921,finish_time,825584.108621534
taskid,937,start_time,825584.108621534
taskid,924,finish_time,825640.075451018
taskid,938,start_time,825640.075451018
taskid,925,finish_time,825801.2677010207
taskid,939,start_time,825801.2677010207
taskid,926,finish_time,826031.1544260231
taskid,940,start_time,826031.1544260231
taskid,927,finish_time,826034.1544260178
taskid,941,start_time,826034.1544260178
taskid,850,finish_time,826341.5940766577
taskid,942,start_time,826341.5940766577
taskid,943,start_time,826341.5940766577
taskid,944,start_time,826341.5940766577
taskid,945,start_time,826341.5940766577
taskid,946,start_time,826341.5940766577
taskid,947,start_time,826341.5940766577
taskid,948,start_time,826341.5940766577
taskid,949,start_time,826341.5940766577
taskid,930,finish_time,826521.8785861065
taskid,950,start_time,826521.8785861065
taskid,929,finish_time,826613.1136006943
taskid,951,start_time,826613.1136006943
taskid,933,finish_time,826878.1506215245
taskid,952,start_time,826878.1506215245
taskid,934,finish_time,826979.2870215245
taskid,953,start_time,826979.2870215245
taskid,931,finish_time,827117.0596673631
taskid,932,finish_time,827310.4506215255
taskid,938,finish_time,827489.1604510229
taskid,935,finish_time,827681.215904877
taskid,766,finish_time,827706.6648033566
taskid,954,start_time,827706.6648033566
taskid,955,start_time,827706.6648033566
taskid,956,start_time,827706.6648033566
taskid,957,start_time,827706.6648033566
taskid,958,start_time,827706.6648033566
taskid,959,start_time,827706.6648033566
taskid,960,start_time,827706.6648033566
taskid,961,start_time,827706.6648033566
taskid,962,start_time,827706.6648033566
taskid,963,start_time,827706.6648033566
taskid,964,start_time,827706.6648033566
taskid,965,start_time,827706.6648033566
taskid,966,start_time,827706.6648033566
taskid,967,start_time,827706.6648033566
taskid,968,start_time,827706.6648033566
taskid,940,finish_time,827880.239426028
taskid,937,finish_time,827884.108621527
taskid,936,finish_time,827892.1086215263
taskid,942,finish_time,828045.9680766594
taskid,947,finish_time,828060.6818891577
taskid,939,finish_time,828104.2677010165
taskid,945,finish_time,828159.2840766562
taskid,946,finish_time,828164.1140766575
taskid,948,finish_time,828169.7490766579
taskid,949,finish_time,828180.2140766596
taskid,950,finish_time,828208.4445861087
taskid,941,finish_time,828334.1544260166
taskid,954,finish_time,828368.1084033418
taskid,969,start_time,828368.1084033418
taskid,944,finish_time,828622.9924329084
taskid,943,finish_time,828648.5940766584
taskid,967,finish_time,828667.4761158568
taskid,951,finish_time,828891.1136006971
taskid,254,finish_time,829086.9152768021
taskid,952,finish_time,829135.1506215229
taskid,965,finish_time,829296.6648033555
taskid,953,finish_time,829420.610296526
taskid,970,start_time,829420.610296526
taskid,969,finish_time,830447.0130461596
taskid,971,start_time,830447.0130461596
taskid,972,start_time,830447.0130461596
taskid,973,start_time,830447.0130461596
taskid,974,start_time,830447.0130461596
taskid,972,finish_time,831839.7412336597
taskid,971,finish_time,831922.0499211599
taskid,973,finish_time,832140.0130461578
taskid,835,finish_time,832400.2451328494
taskid,975,start_time,832400.2451328494
taskid,976,start_time,832400.2451328494
taskid,968,finish_time,833125.162089203
taskid,977,start_time,833125.162089203
taskid,978,start_time,833125.162089203
taskid,979,start_time,833125.162089203
taskid,980,start_time,833125.162089203
taskid,981,start_time,833125.162089203
taskid,982,start_time,833125.162089203
taskid,983,start_time,833125.162089203
taskid,984,start_time,833125.162089203
taskid,985,start_time,833125.162089203
taskid,897,finish_time,833409.3278484612
taskid,982,finish_time,833771.1620892051
taskid,976,finish_time,833801.8831328539
taskid,975,finish_time,834257.80152758
taskid,986,start_time,834257.80152758
taskid,987,start_time,834257.80152758
taskid,988,start_time,834257.80152758
taskid,989,start_time,834257.80152758
taskid,979,finish_time,834631.162089204
taskid,958,finish_time,834770.0792721068
taskid,974,finish_time,834886.5880461587
taskid,985,finish_time,835168.1620892035
taskid,988,finish_time,835564.8015275784
taskid,959,finish_time,835734.6648033583
taskid,987,finish_time,835783.8015275798
taskid,989,finish_time,835909.8015275807
taskid,990,start_time,835909.8015275807
taskid,986,finish_time,835946.7109025759
taskid,991,start_time,835946.7109025759
taskid,990,finish_time,836652.305267789
taskid,992,start_time,836652.305267789
taskid,993,start_time,836652.305267789
taskid,993,finish_time,837221.0494538551
taskid,994,start_time,837221.0494538551
taskid,992,finish_time,837625.3028559108
taskid,995,start_time,837625.3028559108
taskid,996,start_time,837625.3028559108
taskid,997,start_time,837625.3028559108
taskid,998,start_time,837625.3028559108
taskid,999,start_time,837625.3028559108
taskid,960,finish_time,837985.6648033569
taskid,994,finish_time,838258.2917288566
taskid,966,finish_time,838628.076773379
taskid,978,finish_time,838660.1620891681
taskid,957,finish_time,839082.6648033587
taskid,963,finish_time,840620.4328033575
taskid,962,finish_time,840696.9498033603
taskid,998,finish_time,841015.1578559115
taskid,999,finish_time,841062.7092309104
taskid,997,finish_time,841797.0879184088
taskid,961,finish_time,841985.6648033557
taskid,981,finish_time,842006.3509642032
taskid,964,finish_time,842196.54453669
taskid,980,finish_time,843872.1620892049
taskid,795,finish_time,844033.1136228656
taskid,798,finish_time,844634.205841733
taskid,995,finish_time,845018.3812434092
taskid,996,finish_time,845781.0989171924
taskid,956,finish_time,850420.5448033547
taskid,902,finish_time,851717.3190903919
taskid,955,finish_time,866284.9700033609
taskid,888,finish_time,866886.5797772508
taskid,892,finish_time,869735.7331772769
taskid,891,finish_time,872001.4736463524
taskid,983,finish_time,892036.9046620834
taskid,851,finish_time,893036.6547088709
taskid,345,finish_time,898918.3081325288
taskid,417,finish_time,901477.635720926
taskid,893,finish_time,914006.1739903475
taskid,991,finish_time,918110.6013797948
taskid,970,finish_time,918166.2657077946
taskid,977,finish_time,931738.4075267022
taskid,896,finish_time,941333.9837379951
taskid,984,finish_time,961820.2640529138
taskid,900,finish_time,975490.9055722405
taskid,815,finish_time,992360.9193514341
taskid,854,finish_time,993676.3277565867
taskid,421,finish_time,996270.4317352807
taskid,889,finish_time,1180246.7466250607
taskid,723,finish_time,1211012.961078803
