task_id,0,arriving_time,312.6753838073729
task_id,1,arriving_time,504.4063584134274
task_id,2,arriving_time,891.9003833612207
task_id,3,arriving_time,955.3399855486797
task_id,4,arriving_time,1306.4491291121385
task_id,5,arriving_time,1381.1194772742867
task_id,6,arriving_time,1569.5975049433534
task_id,7,arriving_time,2123.408055796179
task_id,8,arriving_time,2335.7787518247274
task_id,9,arriving_time,2575.603702602904
task_id,10,arriving_time,3238.2692915024854
task_id,11,arriving_time,3499.8727203590583
task_id,12,arriving_time,3645.847433044039
task_id,13,arriving_time,4218.348117795197
task_id,14,arriving_time,4332.210841710112
task_id,15,arriving_time,4445.166057342225
task_id,16,arriving_time,4479.8201088470105
task_id,17,arriving_time,4979.038144492977
task_id,18,arriving_time,5117.778293093103
task_id,19,arriving_time,5292.300336161422
task_id,20,arriving_time,5562.957625471429
task_id,21,arriving_time,5616.053501307438
task_id,22,arriving_time,5633.86333004471
task_id,23,arriving_time,5635.313235402235
task_id,24,arriving_time,5671.324224097926
task_id,25,arriving_time,5721.981911965298
task_id,26,arriving_time,5829.161889234402
task_id,27,arriving_time,6100.784106463395
task_id,28,arriving_time,6312.587847396709
task_id,29,arriving_time,6325.8910939965435
task_id,30,arriving_time,6605.459669009156
task_id,31,arriving_time,6715.7784268408095
task_id,32,arriving_time,6783.111954089094
task_id,33,arriving_time,6797.268131583483
task_id,34,arriving_time,6887.87661541528
task_id,35,arriving_time,7005.64111156472
task_id,36,arriving_time,8118.231132386698
task_id,37,arriving_time,8120.302054967051
task_id,38,arriving_time,8336.975024406682
task_id,39,arriving_time,8562.0480394928
task_id,40,arriving_time,8563.541263580591
task_id,41,arriving_time,8624.501175352749
task_id,42,arriving_time,8660.812022731394
task_id,43,arriving_time,8707.808890214608
task_id,44,arriving_time,9489.640187314742
task_id,45,arriving_time,9577.003745283362
task_id,46,arriving_time,9965.322177359332
task_id,47,arriving_time,10274.973679586716
task_id,48,arriving_time,10321.95109090893
task_id,49,arriving_time,10726.577486091239
task_id,50,arriving_time,10957.845796340724
task_id,51,arriving_time,11659.307069551374
task_id,52,arriving_time,11862.944125591823
task_id,53,arriving_time,12197.121702276183
task_id,54,arriving_time,12268.359682214686
task_id,55,arriving_time,12504.81460105641
task_id,56,arriving_time,12811.896008630873
task_id,57,arriving_time,12863.610825846126
task_id,58,arriving_time,12925.972474524471
task_id,59,arriving_time,12957.903736706017
task_id,60,arriving_time,13364.932459763153
task_id,61,arriving_time,13420.599206242045
task_id,62,arriving_time,13649.355106186482
task_id,63,arriving_time,13725.188211756646
task_id,64,arriving_time,14254.794956341464
task_id,65,arriving_time,14348.53485204113
task_id,66,arriving_time,14582.938868147832
task_id,67,arriving_time,14691.785043802221
task_id,68,arriving_time,14863.586119890742
task_id,69,arriving_time,15413.735627875902
task_id,70,arriving_time,15868.079622845911
task_id,71,arriving_time,15891.169713217692
task_id,72,arriving_time,15944.435933369557
task_id,73,arriving_time,15964.474118773049
task_id,74,arriving_time,16153.590499032605
task_id,75,arriving_time,16533.511791732188
task_id,76,arriving_time,17108.88984614629
task_id,77,arriving_time,17582.394250282734
task_id,78,arriving_time,17643.879973532272
task_id,79,arriving_time,17836.065993476575
task_id,80,arriving_time,18141.56821018346
task_id,81,arriving_time,18232.767452238946
task_id,82,arriving_time,18295.14826552089
task_id,83,arriving_time,19068.68619396445
task_id,84,arriving_time,20495.21745390845
task_id,85,arriving_time,20610.817197329165
task_id,86,arriving_time,20817.9372462624
task_id,87,arriving_time,20898.452158019194
task_id,88,arriving_time,21439.438328147062
task_id,89,arriving_time,22231.36653831758
task_id,90,arriving_time,22407.259633420683
task_id,91,arriving_time,22426.77320872622
task_id,92,arriving_time,22615.46693520197
task_id,93,arriving_time,22991.918837432135
task_id,94,arriving_time,23441.50206707941
task_id,95,arriving_time,23939.495211013284
task_id,96,arriving_time,23982.504491032163
task_id,97,arriving_time,24052.208821417884
task_id,98,arriving_time,24422.13773827148
task_id,99,arriving_time,24443.668475803814
task_id,100,arriving_time,24776.041586379804
task_id,101,arriving_time,24822.034561483597
task_id,102,arriving_time,25394.387283956916
task_id,103,arriving_time,26656.095759016003
task_id,104,arriving_time,26849.12109701274
task_id,105,arriving_time,27014.99543821869
task_id,106,arriving_time,27071.983787829075
task_id,107,arriving_time,27648.164622906337
task_id,108,arriving_time,27848.796679796742
task_id,109,arriving_time,27884.332291618728
task_id,110,arriving_time,27919.83785392006
task_id,111,arriving_time,27994.79588650729
task_id,112,arriving_time,28041.297061722184
task_id,113,arriving_time,28237.83688364425
task_id,114,arriving_time,28559.55530067382
task_id,115,arriving_time,29072.039744903217
task_id,116,arriving_time,29437.86822204065
task_id,117,arriving_time,29849.699953578263
task_id,118,arriving_time,29866.914343111428
task_id,119,arriving_time,30705.29698701892
task_id,120,arriving_time,30721.807583039637
task_id,121,arriving_time,30785.038307043906
task_id,122,arriving_time,30855.495502313628
task_id,123,arriving_time,31346.3690309453
task_id,124,arriving_time,31619.01032037064
task_id,125,arriving_time,31627.23066360908
task_id,126,arriving_time,31638.357518378212
task_id,127,arriving_time,31685.020157737334
task_id,128,arriving_time,31750.273373669857
task_id,129,arriving_time,32532.29337928603
task_id,130,arriving_time,32880.32593776644
task_id,131,arriving_time,32945.347830090104
task_id,132,arriving_time,32980.73571131815
task_id,133,arriving_time,33407.72652034674
task_id,134,arriving_time,33448.89452124282
task_id,135,arriving_time,34124.969889900996
task_id,136,arriving_time,34197.75079740549
task_id,137,arriving_time,34296.40242972777
task_id,138,arriving_time,34844.15428477594
task_id,139,arriving_time,35115.79555080452
task_id,140,arriving_time,35154.68253429084
task_id,141,arriving_time,35313.59495183665
task_id,142,arriving_time,35638.49500806493
task_id,143,arriving_time,35816.11507656605
task_id,144,arriving_time,35948.579999654445
task_id,145,arriving_time,36007.702437984546
task_id,146,arriving_time,36365.65757750476
task_id,147,arriving_time,36660.66365901915
task_id,148,arriving_time,37715.18702849937
task_id,149,arriving_time,37947.864213831956
task_id,150,arriving_time,37993.988253139
task_id,151,arriving_time,38199.75684332059
task_id,152,arriving_time,38404.57768438706
task_id,153,arriving_time,38441.10695293383
task_id,154,arriving_time,38554.1860915174
task_id,155,arriving_time,39009.811264109725
task_id,156,arriving_time,39098.43564740793
task_id,157,arriving_time,39594.3628927897
task_id,158,arriving_time,39710.596380763105
task_id,159,arriving_time,40071.83586435079
task_id,160,arriving_time,40102.25753645269
task_id,161,arriving_time,40346.197239042776
task_id,162,arriving_time,40443.500543212656
task_id,163,arriving_time,40541.7158165352
task_id,164,arriving_time,41020.637446810586
task_id,165,arriving_time,41345.62234721416
task_id,166,arriving_time,41407.20419979202
task_id,167,arriving_time,41433.331305678614
task_id,168,arriving_time,41542.25084312763
task_id,169,arriving_time,41807.678151142034
task_id,170,arriving_time,42275.654870067265
task_id,171,arriving_time,42434.61550300978
task_id,172,arriving_time,43205.2026753156
task_id,173,arriving_time,43241.34362330325
task_id,174,arriving_time,43358.698749059695
task_id,175,arriving_time,43590.20473777355
task_id,176,arriving_time,43733.99171227161
task_id,177,arriving_time,44702.86094770019
task_id,178,arriving_time,44776.01032767401
task_id,179,arriving_time,45233.59074735444
task_id,180,arriving_time,45321.552148963005
task_id,181,arriving_time,45414.055252977945
task_id,182,arriving_time,45787.747060553105
task_id,183,arriving_time,45908.27694413057
task_id,184,arriving_time,46056.771485283105
task_id,185,arriving_time,46410.38720973425
task_id,186,arriving_time,46436.524555863456
task_id,187,arriving_time,46593.5449698552
task_id,188,arriving_time,46823.18929229285
task_id,189,arriving_time,47132.12955721927
task_id,190,arriving_time,47182.05077383282
task_id,191,arriving_time,47702.8944612985
task_id,192,arriving_time,47755.09411298287
task_id,193,arriving_time,47793.28837941238
task_id,194,arriving_time,48008.50635463374
task_id,195,arriving_time,48524.308231751165
task_id,196,arriving_time,48527.83400904093
task_id,197,arriving_time,48656.01746462864
task_id,198,arriving_time,48770.396698339726
task_id,199,arriving_time,49377.06302988867
task_id,200,arriving_time,49531.8799855491
task_id,201,arriving_time,49594.06260932399
task_id,202,arriving_time,49875.76438635509
task_id,203,arriving_time,50278.31883076701
task_id,204,arriving_time,50890.318716404305
task_id,205,arriving_time,51580.70594120767
task_id,206,arriving_time,51886.809036832296
task_id,207,arriving_time,51891.93593628045
task_id,208,arriving_time,52346.54205856718
task_id,209,arriving_time,52722.73315871481
task_id,210,arriving_time,52778.49346306661
task_id,211,arriving_time,52948.97938399632
task_id,212,arriving_time,53485.61360427071
task_id,213,arriving_time,53608.52531854767
task_id,214,arriving_time,53613.15258810367
task_id,215,arriving_time,53901.752566307936
task_id,216,arriving_time,54080.77681173508
task_id,217,arriving_time,54135.672761557966
task_id,218,arriving_time,55137.261856713274
task_id,219,arriving_time,55145.90092612985
task_id,220,arriving_time,55285.52719065487
task_id,221,arriving_time,55656.36436079655
task_id,222,arriving_time,56171.30819668319
task_id,223,arriving_time,56860.83528150257
task_id,224,arriving_time,57475.00381773425
task_id,225,arriving_time,58000.201840990536
task_id,226,arriving_time,58660.13436181216
task_id,227,arriving_time,59053.66649879251
task_id,228,arriving_time,59341.925458620615
task_id,229,arriving_time,59700.84164653182
task_id,230,arriving_time,59856.744449315556
task_id,231,arriving_time,59998.259435302156
task_id,232,arriving_time,60257.41665829223
task_id,233,arriving_time,60261.84785117973
task_id,234,arriving_time,60386.181932975225
task_id,235,arriving_time,60641.07150009586
task_id,236,arriving_time,60751.24073769642
task_id,237,arriving_time,61088.8155106781
task_id,238,arriving_time,61105.50952288412
task_id,239,arriving_time,61182.55268053482
task_id,240,arriving_time,61656.38579849136
task_id,241,arriving_time,61690.18748688267
task_id,242,arriving_time,62058.99922288723
task_id,243,arriving_time,62171.62587889872
task_id,244,arriving_time,62442.229785550655
task_id,245,arriving_time,62504.32048002942
task_id,246,arriving_time,62532.60175347329
task_id,247,arriving_time,62728.322659947975
task_id,248,arriving_time,62761.24662371467
task_id,249,arriving_time,62792.417674382494
task_id,250,arriving_time,63043.32176577143
task_id,251,arriving_time,63194.03360890881
task_id,252,arriving_time,64154.23751587391
task_id,253,arriving_time,64182.047751459155
task_id,254,arriving_time,64217.33495662027
task_id,255,arriving_time,64220.36317822229
task_id,256,arriving_time,64366.15129518607
task_id,257,arriving_time,64402.380360139396
task_id,258,arriving_time,64484.1795271481
task_id,259,arriving_time,64663.672339103476
task_id,260,arriving_time,64687.566326080705
task_id,261,arriving_time,64902.70528288872
task_id,262,arriving_time,65032.13156897678
task_id,263,arriving_time,65298.51298615657
task_id,264,arriving_time,65493.696519171695
task_id,265,arriving_time,65566.45970563787
task_id,266,arriving_time,66121.90157037386
task_id,267,arriving_time,66136.83250939447
task_id,268,arriving_time,66156.99430366367
task_id,269,arriving_time,66204.61015011286
task_id,270,arriving_time,66293.42706669371
task_id,271,arriving_time,66329.37842084114
task_id,272,arriving_time,66388.68645749445
task_id,273,arriving_time,66430.63643522514
task_id,274,arriving_time,67065.2153539051
task_id,275,arriving_time,67384.86115366637
task_id,276,arriving_time,67498.43505602442
task_id,277,arriving_time,68586.0026603257
task_id,278,arriving_time,69574.05735929184
task_id,279,arriving_time,69805.39329274357
task_id,280,arriving_time,70214.3011759097
task_id,281,arriving_time,70250.37209469917
task_id,282,arriving_time,70376.93931274171
task_id,283,arriving_time,70842.62004461604
task_id,284,arriving_time,70843.06023754227
task_id,285,arriving_time,70860.63256399399
task_id,286,arriving_time,70989.63985365895
task_id,287,arriving_time,71089.05757624967
task_id,288,arriving_time,71125.89372279731
task_id,289,arriving_time,71420.61026419299
task_id,290,arriving_time,71450.10292895742
task_id,291,arriving_time,72045.40928115135
task_id,292,arriving_time,72059.1294577777
task_id,293,arriving_time,72343.04368821204
task_id,294,arriving_time,72971.5101048379
task_id,295,arriving_time,73063.06618712745
task_id,296,arriving_time,73185.59230533024
task_id,297,arriving_time,73192.21351487383
task_id,298,arriving_time,73228.44892703832
task_id,299,arriving_time,73642.67313957462
task_id,300,arriving_time,73666.52683680109
task_id,301,arriving_time,73762.6556015476
task_id,302,arriving_time,73789.74283228297
task_id,303,arriving_time,74110.37527073498
task_id,304,arriving_time,74213.64695900859
task_id,305,arriving_time,74412.86084468708
task_id,306,arriving_time,74622.53125699502
task_id,307,arriving_time,74676.4757196268
task_id,308,arriving_time,74703.2626802206
task_id,309,arriving_time,75070.10982736178
task_id,310,arriving_time,75101.2089615211
task_id,311,arriving_time,75354.48650486565
task_id,312,arriving_time,75884.45249269501
task_id,313,arriving_time,76117.35492445092
task_id,314,arriving_time,76310.73335076339
task_id,315,arriving_time,76376.2990058799
task_id,316,arriving_time,76728.08213023904
task_id,317,arriving_time,76943.77823406251
task_id,318,arriving_time,77053.86207096087
task_id,319,arriving_time,77171.8300154837
task_id,320,arriving_time,77584.68958059694
task_id,321,arriving_time,77590.92311965753
task_id,322,arriving_time,77820.40193083166
task_id,323,arriving_time,77894.8558796751
task_id,324,arriving_time,78246.49594965053
task_id,325,arriving_time,78564.74613641044
task_id,326,arriving_time,78714.92825441575
task_id,327,arriving_time,78864.83920809317
task_id,328,arriving_time,78871.01415683661
task_id,329,arriving_time,78901.30057376194
task_id,330,arriving_time,78911.25489906603
task_id,331,arriving_time,79608.9387320428
task_id,332,arriving_time,79807.83971567982
task_id,333,arriving_time,80104.46043087383
task_id,334,arriving_time,80340.6857139154
task_id,335,arriving_time,80567.28540621673
task_id,336,arriving_time,80788.91766101986
task_id,337,arriving_time,81004.0464631166
task_id,338,arriving_time,81100.6246025554
task_id,339,arriving_time,81201.92890520829
task_id,340,arriving_time,81281.95066260148
task_id,341,arriving_time,81541.5805075615
task_id,342,arriving_time,81550.39050623371
task_id,343,arriving_time,81585.64361178763
task_id,344,arriving_time,81856.92621251984
task_id,345,arriving_time,81931.47191906974
task_id,346,arriving_time,82222.04784169563
task_id,347,arriving_time,82540.22564452297
task_id,348,arriving_time,82769.18251709371
task_id,349,arriving_time,82781.12308049893
task_id,350,arriving_time,82880.70790567264
task_id,351,arriving_time,82957.43391031538
task_id,352,arriving_time,83481.08234612866
task_id,353,arriving_time,83997.40861276683
task_id,354,arriving_time,84186.8144437096
task_id,355,arriving_time,84266.23873817563
task_id,356,arriving_time,84667.42123049567
task_id,357,arriving_time,84928.16039455023
task_id,358,arriving_time,85027.53594188618
task_id,359,arriving_time,85279.41100573944
task_id,360,arriving_time,85438.11932485292
task_id,361,arriving_time,85703.67865917509
task_id,362,arriving_time,85865.05203379017
task_id,363,arriving_time,85935.44678484285
task_id,364,arriving_time,86223.83322465338
task_id,365,arriving_time,86943.70695402121
task_id,366,arriving_time,87264.12748217737
task_id,367,arriving_time,87336.91807914853
task_id,368,arriving_time,87365.92922641085
task_id,369,arriving_time,87446.79309054092
task_id,370,arriving_time,87587.71570767465
task_id,371,arriving_time,87679.01481446983
task_id,372,arriving_time,87951.05435611252
task_id,373,arriving_time,87956.11123317425
task_id,374,arriving_time,87977.32448070573
task_id,375,arriving_time,88437.59055109028
task_id,376,arriving_time,88757.21460920435
task_id,377,arriving_time,89134.06877949061
task_id,378,arriving_time,89216.90376969585
task_id,379,arriving_time,89311.30412955408
task_id,380,arriving_time,90663.27052513463
task_id,381,arriving_time,90692.46677727991
task_id,382,arriving_time,90885.72292095647
task_id,383,arriving_time,91084.0747586795
task_id,384,arriving_time,91151.69563007315
task_id,385,arriving_time,91195.3519055498
task_id,386,arriving_time,91275.8693914551
task_id,387,arriving_time,91311.23002140052
task_id,388,arriving_time,91531.85254152726
task_id,389,arriving_time,91708.37389092387
task_id,390,arriving_time,91921.967415478
task_id,391,arriving_time,92117.01648441987
task_id,392,arriving_time,92625.56147043561
task_id,393,arriving_time,92657.12309372771
task_id,394,arriving_time,93078.11277065813
task_id,395,arriving_time,93151.5557331228
task_id,396,arriving_time,93695.63267938641
task_id,397,arriving_time,93806.65987061051
task_id,398,arriving_time,93949.42373586485
task_id,399,arriving_time,93981.57810839885
task_id,400,arriving_time,94230.26638634855
task_id,401,arriving_time,94526.50241917705
task_id,402,arriving_time,94600.73342475986
task_id,403,arriving_time,94766.02344186156
task_id,404,arriving_time,95093.60409811817
task_id,405,arriving_time,95207.59194988254
task_id,406,arriving_time,95211.08173785079
task_id,407,arriving_time,95298.0269235132
task_id,408,arriving_time,95384.58787980779
task_id,409,arriving_time,95474.20187957672
task_id,410,arriving_time,95557.30961781241
task_id,411,arriving_time,95584.65970116605
task_id,412,arriving_time,95764.09605440653
task_id,413,arriving_time,96832.42199279224
task_id,414,arriving_time,97022.52426325668
task_id,415,arriving_time,97184.56440927507
task_id,416,arriving_time,97216.66060951208
task_id,417,arriving_time,97909.50106954885
task_id,418,arriving_time,97987.76876208784
task_id,419,arriving_time,98141.19787363449
task_id,420,arriving_time,98319.2860983378
task_id,421,arriving_time,98398.09794314246
task_id,422,arriving_time,98671.661014468
task_id,423,arriving_time,98894.35475672728
task_id,424,arriving_time,98963.12856466927
task_id,425,arriving_time,99062.66634652948
task_id,426,arriving_time,99241.83457052178
task_id,427,arriving_time,99715.71986897787
task_id,428,arriving_time,100259.52687456615
task_id,429,arriving_time,100308.23976244206
task_id,430,arriving_time,100398.81422343754
task_id,431,arriving_time,100614.3978852224
task_id,432,arriving_time,100828.25960521234
task_id,433,arriving_time,101262.29688811999
task_id,434,arriving_time,101273.14117635872
task_id,435,arriving_time,101275.73287757611
task_id,436,arriving_time,101305.46918742343
task_id,437,arriving_time,101673.46831585385
task_id,438,arriving_time,102217.3204841714
task_id,439,arriving_time,102485.52501248154
task_id,440,arriving_time,102899.3453451977
task_id,441,arriving_time,102945.638443382
task_id,442,arriving_time,103134.63467833512
task_id,443,arriving_time,103865.10906710362
task_id,444,arriving_time,103937.00462648594
task_id,445,arriving_time,104182.65605253493
task_id,446,arriving_time,104283.69860430935
task_id,447,arriving_time,104540.2834697323
task_id,448,arriving_time,104776.61298149738
task_id,449,arriving_time,105217.06152040185
task_id,450,arriving_time,105594.43777826738
task_id,451,arriving_time,105772.18708357871
task_id,452,arriving_time,105824.93103468171
task_id,453,arriving_time,105953.56396166394
task_id,454,arriving_time,106586.73614763212
task_id,455,arriving_time,107002.30168485138
task_id,456,arriving_time,107794.34140793284
task_id,457,arriving_time,107898.7426929102
task_id,458,arriving_time,107919.13357722815
task_id,459,arriving_time,108507.78767893954
task_id,460,arriving_time,108643.58031241484
task_id,461,arriving_time,108680.52871077912
task_id,462,arriving_time,108689.39501283625
task_id,463,arriving_time,108998.70592817289
task_id,464,arriving_time,109186.91727689763
task_id,465,arriving_time,109482.59561658186
task_id,466,arriving_time,109813.66975117577
task_id,467,arriving_time,109904.8382302166
task_id,468,arriving_time,110019.05532981774
task_id,469,arriving_time,110090.606563712
task_id,470,arriving_time,110378.49093894465
task_id,471,arriving_time,110561.4139369083
task_id,472,arriving_time,111345.4270165764
task_id,473,arriving_time,111896.81316617766
task_id,474,arriving_time,112143.18214537356
task_id,475,arriving_time,113579.67305593078
task_id,476,arriving_time,113722.66069619509
task_id,477,arriving_time,113757.95882226333
task_id,478,arriving_time,113824.27880928168
task_id,479,arriving_time,113957.2062180836
task_id,480,arriving_time,114035.63165476319
task_id,481,arriving_time,114399.91752914104
task_id,482,arriving_time,114588.65981317707
task_id,483,arriving_time,114853.2776017036
task_id,484,arriving_time,114925.64710300208
task_id,485,arriving_time,115536.52011400223
task_id,486,arriving_time,115725.6040327668
task_id,487,arriving_time,115796.26268251697
task_id,488,arriving_time,116297.6838554102
task_id,489,arriving_time,116395.43104435714
task_id,490,arriving_time,116463.3333318822
task_id,491,arriving_time,116475.44044457443
task_id,492,arriving_time,116598.485686566
task_id,493,arriving_time,116731.45520231884
task_id,494,arriving_time,116874.5456047422
task_id,495,arriving_time,116944.95536496895
task_id,496,arriving_time,117091.26673884073
task_id,497,arriving_time,117235.56722747568
task_id,498,arriving_time,117391.08479323916
task_id,499,arriving_time,117462.69742661524
task_id,500,arriving_time,117573.89582462017
task_id,501,arriving_time,117625.07019309724
task_id,502,arriving_time,117648.15778814827
task_id,503,arriving_time,117682.38496655971
task_id,504,arriving_time,118094.10196983498
task_id,505,arriving_time,118164.84532872691
task_id,506,arriving_time,118221.56316046466
task_id,507,arriving_time,118505.17698869586
task_id,508,arriving_time,119342.30231790707
task_id,509,arriving_time,119476.78076606277
task_id,510,arriving_time,119730.66534664696
task_id,511,arriving_time,119862.87111470252
task_id,512,arriving_time,119987.42944866403
task_id,513,arriving_time,120076.12465817615
task_id,514,arriving_time,120167.30645305193
task_id,515,arriving_time,120265.15074474493
task_id,516,arriving_time,120328.45512934744
task_id,517,arriving_time,121273.76209692105
task_id,518,arriving_time,121473.36827213745
task_id,519,arriving_time,121886.73980237107
task_id,520,arriving_time,122279.66414948445
task_id,521,arriving_time,122396.24443494667
task_id,522,arriving_time,122418.20783725397
task_id,523,arriving_time,122613.1691354215
task_id,524,arriving_time,123900.52616178822
task_id,525,arriving_time,123934.13355916343
task_id,526,arriving_time,125326.87004742859
task_id,527,arriving_time,125577.43221958366
task_id,528,arriving_time,125785.53449686061
task_id,529,arriving_time,126155.52003317907
task_id,530,arriving_time,126397.49790341292
task_id,531,arriving_time,126515.48150805903
task_id,532,arriving_time,126964.3898146871
task_id,533,arriving_time,126976.05906931573
task_id,534,arriving_time,127635.77966964152
task_id,535,arriving_time,127833.06508763801
task_id,536,arriving_time,127969.21027508639
task_id,537,arriving_time,128281.42969946026
task_id,538,arriving_time,128369.15446992498
task_id,539,arriving_time,128382.36679688607
task_id,540,arriving_time,128452.81228580767
task_id,541,arriving_time,128484.20477606608
task_id,542,arriving_time,129027.65193863532
task_id,543,arriving_time,129113.63046027534
task_id,544,arriving_time,129196.36119228903
task_id,545,arriving_time,129274.99178488392
task_id,546,arriving_time,129378.25800832371
task_id,547,arriving_time,129692.13892557957
task_id,548,arriving_time,130164.15825020782
task_id,549,arriving_time,130193.4738023907
task_id,550,arriving_time,130307.98996393345
task_id,551,arriving_time,130959.80767861923
task_id,552,arriving_time,130986.23619204405
task_id,553,arriving_time,131353.35601120628
task_id,554,arriving_time,131402.10486694472
task_id,555,arriving_time,131670.38176617792
task_id,556,arriving_time,131708.29531764064
task_id,557,arriving_time,132030.9916007301
task_id,558,arriving_time,132107.80193096344
task_id,559,arriving_time,133001.07455806155
task_id,560,arriving_time,133057.48286422773
task_id,561,arriving_time,133121.75405567326
task_id,562,arriving_time,133633.1897532651
task_id,563,arriving_time,133804.6616873651
task_id,564,arriving_time,134068.43510024622
task_id,565,arriving_time,134104.87614857368
task_id,566,arriving_time,134134.3322044938
task_id,567,arriving_time,134893.24015894666
task_id,568,arriving_time,135074.41007264602
task_id,569,arriving_time,135477.17043727086
task_id,570,arriving_time,135733.29842019008
task_id,571,arriving_time,135832.86045749363
task_id,572,arriving_time,136435.5654260543
task_id,573,arriving_time,136604.0478853521
task_id,574,arriving_time,136825.60043657786
task_id,575,arriving_time,137133.54847622523
task_id,576,arriving_time,137545.5816346195
task_id,577,arriving_time,137755.2508613068
task_id,578,arriving_time,137916.76008245087
task_id,579,arriving_time,138031.88605950534
task_id,580,arriving_time,138190.125862383
task_id,581,arriving_time,138214.060543562
task_id,582,arriving_time,138324.9449212821
task_id,583,arriving_time,138326.2419767485
task_id,584,arriving_time,138695.95071192813
task_id,585,arriving_time,139280.97106439417
task_id,586,arriving_time,139451.60827688748
task_id,587,arriving_time,139612.41155727714
task_id,588,arriving_time,139909.47763710102
task_id,589,arriving_time,139909.55196333377
task_id,590,arriving_time,139996.48618839626
task_id,591,arriving_time,140016.47240651926
task_id,592,arriving_time,140060.5819529649
task_id,593,arriving_time,140137.28355499136
task_id,594,arriving_time,140234.70672588586
task_id,595,arriving_time,140466.66958712443
task_id,596,arriving_time,140479.00737409352
task_id,597,arriving_time,140533.89303811497
task_id,598,arriving_time,140577.462125889
task_id,599,arriving_time,140588.7281507323
task_id,600,arriving_time,141042.04822134285
task_id,601,arriving_time,141415.57995861684
task_id,602,arriving_time,141943.46125708046
task_id,603,arriving_time,141994.65247689938
task_id,604,arriving_time,142063.08909733733
task_id,605,arriving_time,142151.08600519202
task_id,606,arriving_time,142392.32282143197
task_id,607,arriving_time,142528.466064916
task_id,608,arriving_time,142948.17306788298
task_id,609,arriving_time,143258.1906598984
task_id,610,arriving_time,143358.00101383557
task_id,611,arriving_time,143366.0202326851
task_id,612,arriving_time,143714.5443250426
task_id,613,arriving_time,144362.64996070924
task_id,614,arriving_time,144876.19525928725
task_id,615,arriving_time,145063.872205496
task_id,616,arriving_time,145200.57477367847
task_id,617,arriving_time,145259.88827561695
task_id,618,arriving_time,145367.0387189457
task_id,619,arriving_time,145450.28932787676
task_id,620,arriving_time,145587.88062428858
task_id,621,arriving_time,145683.13575235923
task_id,622,arriving_time,146264.22103010188
task_id,623,arriving_time,146268.9216115655
task_id,624,arriving_time,146349.35172216955
task_id,625,arriving_time,146479.3629111591
task_id,626,arriving_time,146583.2392967918
task_id,627,arriving_time,146598.78120837975
task_id,628,arriving_time,146728.77360768736
task_id,629,arriving_time,147265.15277876012
task_id,630,arriving_time,147524.63663769673
task_id,631,arriving_time,147609.40457842164
task_id,632,arriving_time,148200.74085490278
task_id,633,arriving_time,148307.14767346546
task_id,634,arriving_time,148406.37427055486
task_id,635,arriving_time,148423.22565014075
task_id,636,arriving_time,148551.84275395903
task_id,637,arriving_time,148726.12950976327
task_id,638,arriving_time,148747.89331712862
task_id,639,arriving_time,148951.2592090753
task_id,640,arriving_time,149156.9132222652
task_id,641,arriving_time,149207.25202772705
task_id,642,arriving_time,149376.77318542887
task_id,643,arriving_time,149615.71783005015
task_id,644,arriving_time,149642.225856806
task_id,645,arriving_time,149970.49066147755
task_id,646,arriving_time,150152.11632460012
task_id,647,arriving_time,150617.18524988668
task_id,648,arriving_time,150909.47856173277
task_id,649,arriving_time,151816.82108289524
task_id,650,arriving_time,152065.85597757617
task_id,651,arriving_time,152155.614939615
task_id,652,arriving_time,152195.4180017743
task_id,653,arriving_time,152212.2351160239
task_id,654,arriving_time,152417.16692150038
task_id,655,arriving_time,152569.91878100878
task_id,656,arriving_time,153078.67141538748
task_id,657,arriving_time,153823.343010917
task_id,658,arriving_time,153839.54714319712
task_id,659,arriving_time,154112.66936960505
task_id,660,arriving_time,154521.69763439283
task_id,661,arriving_time,155043.5126741089
task_id,662,arriving_time,155412.3404951821
task_id,663,arriving_time,155428.7451497454
task_id,664,arriving_time,155521.2142810265
task_id,665,arriving_time,155565.7530897361
task_id,666,arriving_time,156089.8088119015
task_id,667,arriving_time,156353.70411823332
task_id,668,arriving_time,156637.023383805
task_id,669,arriving_time,156710.64042499175
task_id,670,arriving_time,156997.56525457397
task_id,671,arriving_time,157108.74667594334
task_id,672,arriving_time,157437.22708181385
task_id,673,arriving_time,157513.9826695343
task_id,674,arriving_time,157616.01561360667
task_id,675,arriving_time,157696.4169259786
task_id,676,arriving_time,157901.24900245087
task_id,677,arriving_time,157916.52577464833
task_id,678,arriving_time,158066.7770629665
task_id,679,arriving_time,158161.17801125956
task_id,680,arriving_time,158512.48483238224
task_id,681,arriving_time,158862.0821875632
task_id,682,arriving_time,159470.52461396425
task_id,683,arriving_time,159558.5799588908
task_id,684,arriving_time,159623.9693671126
task_id,685,arriving_time,159629.8550831027
task_id,686,arriving_time,159750.8803864187
task_id,687,arriving_time,159830.32083766832
task_id,688,arriving_time,159931.62052872486
task_id,689,arriving_time,160054.81871937227
task_id,690,arriving_time,160371.63344353437
task_id,691,arriving_time,160718.8865392713
task_id,692,arriving_time,160801.89449440938
task_id,693,arriving_time,160855.8335705703
task_id,694,arriving_time,161360.23619850317
task_id,695,arriving_time,161536.0865991588
task_id,696,arriving_time,161765.4001800208
task_id,697,arriving_time,162787.09488859266
task_id,698,arriving_time,162808.22739453116
task_id,699,arriving_time,162982.75804196112
task_id,700,arriving_time,163547.95201422606
task_id,701,arriving_time,163637.20748515526
task_id,702,arriving_time,163724.0161991479
task_id,703,arriving_time,163764.0894152513
task_id,704,arriving_time,164037.06692263682
task_id,705,arriving_time,164721.3732017719
task_id,706,arriving_time,165214.99637083054
task_id,707,arriving_time,165631.53101449416
task_id,708,arriving_time,165639.65389142785
task_id,709,arriving_time,166208.89345473272
task_id,710,arriving_time,167173.32567365002
task_id,711,arriving_time,167309.67393481077
task_id,712,arriving_time,168086.55440210213
task_id,713,arriving_time,168291.43086241637
task_id,714,arriving_time,168377.2963795653
task_id,715,arriving_time,168393.8819558262
task_id,716,arriving_time,168433.66274367328
task_id,717,arriving_time,168619.16387719705
task_id,718,arriving_time,169121.72926588287
task_id,719,arriving_time,169189.83282417577
task_id,720,arriving_time,169401.2625795277
task_id,721,arriving_time,169514.8804013891
task_id,722,arriving_time,169643.28060905548
task_id,723,arriving_time,170115.45603820833
task_id,724,arriving_time,170261.80490763034
task_id,725,arriving_time,170328.79170107807
task_id,726,arriving_time,170501.20545706965
task_id,727,arriving_time,170644.80820897175
task_id,728,arriving_time,171139.76227136873
task_id,729,arriving_time,171172.2545461901
task_id,730,arriving_time,171714.63056649704
task_id,731,arriving_time,171837.5551154391
task_id,732,arriving_time,171958.8661639628
task_id,733,arriving_time,172134.7288567312
task_id,734,arriving_time,172317.7343937114
task_id,735,arriving_time,173327.15005011886
task_id,736,arriving_time,173392.2524374897
task_id,737,arriving_time,173420.23802520736
task_id,738,arriving_time,173553.61817258273
task_id,739,arriving_time,173570.46924085834
task_id,740,arriving_time,173582.0175482867
task_id,741,arriving_time,173770.85982186746
task_id,742,arriving_time,174536.6199813814
task_id,743,arriving_time,175496.38889374226
task_id,744,arriving_time,175530.02634092388
task_id,745,arriving_time,175881.8938300398
task_id,746,arriving_time,175937.41910672144
task_id,747,arriving_time,175990.39753262338
task_id,748,arriving_time,176164.7564423046
task_id,749,arriving_time,176170.41034823167
task_id,750,arriving_time,176316.2125826379
task_id,751,arriving_time,176331.98600315396
task_id,752,arriving_time,177135.81913943705
task_id,753,arriving_time,177188.9558662726
task_id,754,arriving_time,177520.0213126134
task_id,755,arriving_time,177797.49796373435
task_id,756,arriving_time,178167.09972637377
task_id,757,arriving_time,178204.8192198827
task_id,758,arriving_time,178572.627883097
task_id,759,arriving_time,178902.32775914582
task_id,760,arriving_time,178922.68258090643
task_id,761,arriving_time,178938.09295678363
task_id,762,arriving_time,178952.3315922674
task_id,763,arriving_time,179389.8712727293
task_id,764,arriving_time,179392.5437539997
task_id,765,arriving_time,179513.02990435745
task_id,766,arriving_time,179649.4232436634
task_id,767,arriving_time,179721.10964188914
task_id,768,arriving_time,180127.80349765538
task_id,769,arriving_time,180130.74439358062
task_id,770,arriving_time,180191.20380836038
task_id,771,arriving_time,180297.90811100166
task_id,772,arriving_time,180763.38523685752
task_id,773,arriving_time,180792.3723929589
task_id,774,arriving_time,180844.29085204107
task_id,775,arriving_time,180848.0464676597
task_id,776,arriving_time,181266.88704207668
task_id,777,arriving_time,182144.81188278872
task_id,778,arriving_time,182570.1600815488
task_id,779,arriving_time,182922.91944469226
task_id,780,arriving_time,183007.6882431013
task_id,781,arriving_time,183464.74789146415
task_id,782,arriving_time,183625.65293959217
task_id,783,arriving_time,183790.08289367842
task_id,784,arriving_time,184204.7518787404
task_id,785,arriving_time,184436.98211268632
task_id,786,arriving_time,184448.04833544136
task_id,787,arriving_time,184648.78744853238
task_id,788,arriving_time,184784.9039753882
task_id,789,arriving_time,185664.02661123313
task_id,790,arriving_time,185795.09232726
task_id,791,arriving_time,186106.41212735698
task_id,792,arriving_time,186127.15301130887
task_id,793,arriving_time,186281.90224601005
task_id,794,arriving_time,186316.16091014055
task_id,795,arriving_time,186426.75799850177
task_id,796,arriving_time,186614.33414878315
task_id,797,arriving_time,186761.1445543856
task_id,798,arriving_time,186853.67907915867
task_id,799,arriving_time,186962.72967926352
task_id,800,arriving_time,186997.2219923304
task_id,801,arriving_time,187604.96988994104
task_id,802,arriving_time,187725.6484879661
task_id,803,arriving_time,188383.40070028388
task_id,804,arriving_time,188428.9590836423
task_id,805,arriving_time,188543.17333794976
task_id,806,arriving_time,189330.95928245236
task_id,807,arriving_time,189531.39346440503
task_id,808,arriving_time,189960.9564986298
task_id,809,arriving_time,191183.19807412606
task_id,810,arriving_time,191722.19770256933
task_id,811,arriving_time,191845.7283672443
task_id,812,arriving_time,192141.85016633163
task_id,813,arriving_time,192223.93641779668
task_id,814,arriving_time,192651.1271975552
task_id,815,arriving_time,192746.54421310773
task_id,816,arriving_time,192901.3675163228
task_id,817,arriving_time,192970.1334907719
task_id,818,arriving_time,192998.04222332913
task_id,819,arriving_time,193015.58948252266
task_id,820,arriving_time,193229.00800048735
task_id,821,arriving_time,193391.04317124796
task_id,822,arriving_time,193464.09423767726
task_id,823,arriving_time,193660.4067573733
task_id,824,arriving_time,193698.49847133225
task_id,825,arriving_time,194211.67840327046
task_id,826,arriving_time,194333.23128652052
task_id,827,arriving_time,194937.48701543556
task_id,828,arriving_time,195119.24694578335
task_id,829,arriving_time,195121.95969066955
task_id,830,arriving_time,195138.8344453309
task_id,831,arriving_time,195278.33310680083
task_id,832,arriving_time,195814.27676190058
task_id,833,arriving_time,195915.46485660135
task_id,834,arriving_time,196157.1517540652
task_id,835,arriving_time,196298.32636815752
task_id,836,arriving_time,196573.42355558337
task_id,837,arriving_time,196616.38809280834
task_id,838,arriving_time,197126.82076614292
task_id,839,arriving_time,197167.7064170645
task_id,840,arriving_time,197261.76388683554
task_id,841,arriving_time,197696.55536318314
task_id,842,arriving_time,197760.57628178113
task_id,843,arriving_time,197934.48558474836
task_id,844,arriving_time,198307.75605191258
task_id,845,arriving_time,198817.87796982724
task_id,846,arriving_time,198928.02203408146
task_id,847,arriving_time,199071.11108411098
task_id,848,arriving_time,199308.7394073731
task_id,849,arriving_time,199397.63993304296
task_id,850,arriving_time,199479.29961986575
task_id,851,arriving_time,199509.62293106588
task_id,852,arriving_time,199575.28142114333
task_id,853,arriving_time,200106.95271819213
task_id,854,arriving_time,200155.25557278737
task_id,855,arriving_time,200180.10526159927
task_id,856,arriving_time,200223.31947369216
task_id,857,arriving_time,200610.80655605954
task_id,858,arriving_time,200993.51147238142
task_id,859,arriving_time,201323.13384966884
task_id,860,arriving_time,201674.40094523257
task_id,861,arriving_time,201782.3231530179
task_id,862,arriving_time,201826.737787112
task_id,863,arriving_time,201862.6474576869
task_id,864,arriving_time,201879.40412682676
task_id,865,arriving_time,201906.33209403194
task_id,866,arriving_time,202080.03892329542
task_id,867,arriving_time,202129.98582073377
task_id,868,arriving_time,202134.03533826311
task_id,869,arriving_time,202198.65542517995
task_id,870,arriving_time,202486.78104373586
task_id,871,arriving_time,202493.13889223395
task_id,872,arriving_time,202512.70259316982
task_id,873,arriving_time,202716.30304585205
task_id,874,arriving_time,203166.31536033776
task_id,875,arriving_time,204209.41092792948
task_id,876,arriving_time,204493.61839786143
task_id,877,arriving_time,204642.21290956807
task_id,878,arriving_time,204724.27511432834
task_id,879,arriving_time,204806.84325766345
task_id,880,arriving_time,205005.19748726048
task_id,881,arriving_time,205301.52009154262
task_id,882,arriving_time,205712.99665365447
task_id,883,arriving_time,205780.02227067546
task_id,884,arriving_time,205942.68478229715
task_id,885,arriving_time,206003.97223088233
task_id,886,arriving_time,206168.26067972145
task_id,887,arriving_time,206595.09927191533
task_id,888,arriving_time,207518.76282978593
task_id,889,arriving_time,207603.02889896938
task_id,890,arriving_time,208289.61297882028
task_id,891,arriving_time,208294.19101853488
task_id,892,arriving_time,208461.3709803935
task_id,893,arriving_time,208567.28437855007
task_id,894,arriving_time,208822.9292233764
task_id,895,arriving_time,208858.2371215154
task_id,896,arriving_time,209614.1516993404
task_id,897,arriving_time,209742.143152591
task_id,898,arriving_time,209835.76966569625
task_id,899,arriving_time,209838.02478709706
task_id,900,arriving_time,210017.0403122135
task_id,901,arriving_time,210148.2199383796
task_id,902,arriving_time,210387.91493323914
task_id,903,arriving_time,210495.86741082516
task_id,904,arriving_time,210626.0266514051
task_id,905,arriving_time,210837.67239287225
task_id,906,arriving_time,211271.92426487882
task_id,907,arriving_time,211482.2093480585
task_id,908,arriving_time,211787.99703557964
task_id,909,arriving_time,212220.4366172026
task_id,910,arriving_time,212615.02169036085
task_id,911,arriving_time,212987.30045681924
task_id,912,arriving_time,213562.96587670955
task_id,913,arriving_time,214015.89791351027
task_id,914,arriving_time,214104.5194553485
task_id,915,arriving_time,214215.011198677
task_id,916,arriving_time,214240.3951478727
task_id,917,arriving_time,214633.72626265194
task_id,918,arriving_time,214778.7615970312
task_id,919,arriving_time,214978.18090912074
task_id,920,arriving_time,215688.12657468877
task_id,921,arriving_time,215798.6468563575
task_id,922,arriving_time,216450.65575217392
task_id,923,arriving_time,216516.03108928085
task_id,924,arriving_time,216673.8681173028
task_id,925,arriving_time,216917.08314023065
task_id,926,arriving_time,217323.0874900621
task_id,927,arriving_time,217585.75963275938
task_id,928,arriving_time,217992.50809304204
task_id,929,arriving_time,218008.53050953845
task_id,930,arriving_time,218082.07297378016
task_id,931,arriving_time,218155.63080873303
task_id,932,arriving_time,218261.58709424097
task_id,933,arriving_time,218320.50906229654
task_id,934,arriving_time,218458.42622107934
task_id,935,arriving_time,218614.3432899606
task_id,936,arriving_time,218948.32272351635
task_id,937,arriving_time,219166.81671943964
task_id,938,arriving_time,219424.14816499435
task_id,939,arriving_time,219729.00138856488
task_id,940,arriving_time,219779.3254430046
task_id,941,arriving_time,219780.37177650214
task_id,942,arriving_time,219850.18925888132
task_id,943,arriving_time,220037.99078193502
task_id,944,arriving_time,220229.34369219257
task_id,945,arriving_time,220250.6088153337
task_id,946,arriving_time,220435.54705621896
task_id,947,arriving_time,220628.18324525122
task_id,948,arriving_time,220740.45241847206
task_id,949,arriving_time,221052.94193719697
task_id,950,arriving_time,221729.5537807577
task_id,951,arriving_time,221754.12096869794
task_id,952,arriving_time,221787.57943975527
task_id,953,arriving_time,221835.71997852362
task_id,954,arriving_time,222283.78076636055
task_id,955,arriving_time,222327.45914184971
task_id,956,arriving_time,222914.0889379034
task_id,957,arriving_time,223116.91525109392
task_id,958,arriving_time,223319.5818286284
task_id,959,arriving_time,223465.72969332777
task_id,960,arriving_time,224009.10678609757
task_id,961,arriving_time,224322.29176293316
task_id,962,arriving_time,224427.42051576477
task_id,963,arriving_time,224443.86854756493
task_id,964,arriving_time,224495.0575229136
task_id,965,arriving_time,224690.2833722739
task_id,966,arriving_time,224955.36305675094
task_id,967,arriving_time,225099.3427382828
task_id,968,arriving_time,225247.12344708818
task_id,969,arriving_time,226359.64933255306
task_id,970,arriving_time,226860.65034397866
task_id,971,arriving_time,226985.6648136001
task_id,972,arriving_time,227357.0717479825
task_id,973,arriving_time,227703.10563314176
task_id,974,arriving_time,227847.65195592967
task_id,975,arriving_time,227871.11570707412
task_id,976,arriving_time,228134.5877448323
task_id,977,arriving_time,228591.1206763865
task_id,978,arriving_time,228658.4409319905
task_id,979,arriving_time,228955.3101271974
task_id,980,arriving_time,229077.20506049597
task_id,981,arriving_time,229123.14686382544
task_id,982,arriving_time,229167.91842903846
task_id,983,arriving_time,229209.01225432364
task_id,984,arriving_time,229408.67945937646
task_id,985,arriving_time,229530.24046556698
task_id,986,arriving_time,229750.4819374515
task_id,987,arriving_time,229940.64323351436
task_id,988,arriving_time,229965.95069431807
task_id,989,arriving_time,230272.3027097404
task_id,990,arriving_time,230348.21871517264
task_id,991,arriving_time,230499.9343754491
task_id,992,arriving_time,231088.735074848
task_id,993,arriving_time,231937.29738026022
task_id,994,arriving_time,231962.8876287566
task_id,995,arriving_time,232742.97819861685
task_id,996,arriving_time,233081.47815246033
task_id,997,arriving_time,233553.2816375069
task_id,998,arriving_time,233624.9476196226
task_id,999,arriving_time,233681.05264244412
taskid,0,start_time,312.6753838073729
taskid,1,start_time,504.4063584134274
taskid,2,start_time,891.9003833612207
taskid,3,start_time,955.3399855486797
taskid,4,start_time,1306.4491291121385
taskid,5,start_time,1381.1194772742867
taskid,6,start_time,1569.5975049433534
taskid,7,start_time,2123.408055796179
taskid,8,start_time,2335.7787518247274
taskid,9,start_time,2575.603702602904
taskid,10,start_time,3238.2692915024854
taskid,11,start_time,3499.8727203590583
taskid,12,start_time,3645.847433044039
taskid,13,start_time,4218.348117795197
taskid,14,start_time,4332.210841710112
taskid,15,start_time,4445.166057342225
taskid,16,start_time,4479.8201088470105
taskid,11,finish_time,4831.30825772769
taskid,17,start_time,4979.038144492977
taskid,18,start_time,5117.778293093103
taskid,19,start_time,5292.300336161422
taskid,16,finish_time,5408.52732434942
taskid,20,start_time,5562.957625471429
taskid,21,start_time,5616.053501307438
taskid,22,start_time,5633.86333004471
taskid,23,start_time,5635.313235402235
taskid,14,finish_time,5660.510573655574
taskid,24,start_time,5671.324224097926
taskid,25,start_time,5721.981911965298
taskid,26,start_time,5829.161889234402
taskid,27,start_time,6100.784106463395
taskid,18,finish_time,6113.840917015501
taskid,17,finish_time,6302.219555542713
taskid,28,start_time,6312.587847396709
taskid,29,start_time,6325.8910939965435
taskid,30,start_time,6605.459669009156
taskid,31,start_time,6715.7784268408095
taskid,32,start_time,6783.111954089094
taskid,33,start_time,6797.268131583483
taskid,24,finish_time,6798.923289782916
taskid,34,start_time,6887.87661541528
taskid,35,start_time,7005.64111156472
taskid,26,finish_time,7178.610539996872
taskid,29,finish_time,7186.3110926733325
taskid,28,finish_time,7959.53501473744
taskid,36,start_time,8118.231132386698
taskid,37,start_time,8120.302054967051
taskid,38,start_time,8336.975024406682
taskid,9,finish_time,8384.966717610414
taskid,6,finish_time,8477.243727248255
taskid,39,start_time,8562.0480394928
taskid,40,start_time,8563.541263580591
taskid,41,start_time,8624.501175352749
taskid,15,finish_time,8629.271638926624
taskid,42,start_time,8660.812022731394
taskid,43,start_time,8707.808890214608
taskid,34,finish_time,8800.029461076652
taskid,21,finish_time,8892.745209638262
taskid,35,finish_time,9262.459799948458
taskid,33,finish_time,9363.844728263446
taskid,44,start_time,9489.640187314742
taskid,45,start_time,9577.003745283362
taskid,46,start_time,9965.322177359332
taskid,47,start_time,10274.973679586716
taskid,48,start_time,10321.95109090893
taskid,36,finish_time,10489.892063808364
taskid,22,finish_time,10525.816729862614
taskid,41,finish_time,10603.288474881598
taskid,49,start_time,10726.577486091239
taskid,43,finish_time,10768.570829206263
taskid,13,finish_time,10845.219336584027
taskid,50,start_time,10957.845796340724
taskid,39,finish_time,10963.684011523545
taskid,40,finish_time,11030.582074017948
taskid,42,finish_time,11135.451656401407
taskid,47,finish_time,11203.569518119462
taskid,44,finish_time,11284.471815013056
taskid,51,start_time,11659.307069551374
taskid,52,start_time,11862.944125591823
taskid,45,finish_time,12083.380336528297
taskid,53,start_time,12197.121702276183
taskid,54,start_time,12268.359682214686
taskid,46,finish_time,12315.615312370966
taskid,31,finish_time,12326.283686766306
taskid,55,start_time,12504.81460105641
taskid,48,finish_time,12777.097870199537
taskid,56,start_time,12811.896008630873
taskid,49,finish_time,12827.206995875196
taskid,30,finish_time,12843.53999157421
taskid,57,start_time,12863.610825846126
taskid,58,start_time,12925.972474524471
taskid,59,start_time,12957.903736706017
taskid,52,finish_time,12992.898889732716
taskid,60,start_time,13364.932459763153
taskid,61,start_time,13420.599206242045
taskid,50,finish_time,13438.422504703147
taskid,53,finish_time,13468.293326555488
taskid,54,finish_time,13572.999351516155
taskid,62,start_time,13649.355106186482
taskid,63,start_time,13725.188211756646
taskid,51,finish_time,13792.693153524211
taskid,64,start_time,14254.794956341464
taskid,65,start_time,14348.53485204113
taskid,37,finish_time,14384.443661323065
taskid,32,finish_time,14433.064769996734
taskid,66,start_time,14582.938868147832
taskid,61,finish_time,14590.96133694084
taskid,67,start_time,14691.785043802221
taskid,68,start_time,14863.586119890742
taskid,69,start_time,15413.735627875902
taskid,64,finish_time,15417.386010653388
taskid,70,start_time,15868.079622845911
taskid,71,start_time,15891.169713217692
taskid,72,start_time,15944.435933369557
taskid,73,start_time,15964.474118773049
taskid,62,finish_time,16053.132612429905
taskid,63,finish_time,16122.469625447935
taskid,74,start_time,16153.590499032605
taskid,5,finish_time,16189.067155351639
taskid,38,finish_time,16316.003440246302
taskid,75,start_time,16533.511791732188
taskid,25,finish_time,16567.14663202948
taskid,67,finish_time,16795.889609544494
taskid,27,finish_time,16943.277649218573
taskid,68,finish_time,16972.98959539942
taskid,76,start_time,17108.88984614629
taskid,66,finish_time,17192.258855490087
taskid,69,finish_time,17267.60704021784
taskid,77,start_time,17582.394250282734
taskid,78,start_time,17643.879973532272
taskid,60,finish_time,17702.812880863643
taskid,79,start_time,17836.065993476575
taskid,80,start_time,18141.56821018346
taskid,81,start_time,18232.767452238946
taskid,82,start_time,18295.14826552089
taskid,77,finish_time,18421.958839099127
taskid,55,finish_time,18755.97975704665
taskid,59,finish_time,18909.78510627882
taskid,79,finish_time,19054.625390634563
taskid,83,start_time,19068.68619396445
taskid,75,finish_time,19342.6600422745
taskid,58,finish_time,19425.40572944518
taskid,73,finish_time,19780.085054636504
taskid,83,finish_time,20207.954556289034
taskid,56,finish_time,20410.437585208638
taskid,84,start_time,20495.21745390845
taskid,85,start_time,20610.817197329165
taskid,86,start_time,20817.9372462624
taskid,87,start_time,20898.452158019194
taskid,81,finish_time,21435.22941888397
taskid,88,start_time,21439.438328147062
taskid,72,finish_time,21636.46229416138
taskid,84,finish_time,21664.426099270393
taskid,89,start_time,22231.36653831758
taskid,78,finish_time,22302.888246561302
taskid,90,start_time,22407.259633420683
taskid,91,start_time,22426.77320872622
taskid,92,start_time,22615.46693520197
taskid,93,start_time,22991.918837432135
taskid,90,finish_time,23404.05260026094
taskid,94,start_time,23441.50206707941
taskid,95,start_time,23939.495211013284
taskid,96,start_time,23982.504491032163
taskid,97,start_time,24052.208821417884
taskid,2,finish_time,24368.001149427506
taskid,98,start_time,24422.13773827148
taskid,99,start_time,24443.668475803814
taskid,100,start_time,24776.041586379804
taskid,101,start_time,24822.034561483597
taskid,65,finish_time,24923.446341257393
taskid,97,finish_time,25025.900673342243
taskid,102,start_time,25394.387283956916
taskid,93,finish_time,25499.737587893655
taskid,70,finish_time,25659.533015909794
taskid,74,finish_time,26085.58048085247
taskid,103,start_time,26656.095759016003
taskid,104,start_time,26849.12109701274
taskid,105,start_time,27014.99543821869
taskid,106,start_time,27071.983787829075
taskid,92,finish_time,27494.03640597857
taskid,107,start_time,27648.164622906337
taskid,108,start_time,27848.796679796742
taskid,109,start_time,27884.332291618728
taskid,110,start_time,27919.83785392006
taskid,111,start_time,27994.79588650729
taskid,112,start_time,28041.297061722184
taskid,113,start_time,28237.83688364425
taskid,114,start_time,28559.55530067382
taskid,115,start_time,29072.039744903217
taskid,116,start_time,29437.86822204065
taskid,117,start_time,29849.699953578263
taskid,118,start_time,29866.914343111428
taskid,99,finish_time,30045.838841844827
taskid,116,finish_time,30637.39536336705
taskid,119,start_time,30705.29698701892
taskid,120,start_time,30721.807583039637
taskid,121,start_time,30785.038307043906
taskid,122,start_time,30855.495502313628
taskid,118,finish_time,30906.24964010815
taskid,117,finish_time,30966.639488778554
taskid,123,start_time,31346.3690309453
taskid,124,start_time,31619.01032037064
taskid,125,start_time,31627.23066360908
taskid,126,start_time,31638.357518378212
taskid,127,start_time,31685.020157737334
taskid,128,start_time,31750.273373669857
taskid,119,finish_time,31880.170207484443
taskid,120,finish_time,31913.371806927473
taskid,121,finish_time,31988.628476125377
taskid,71,finish_time,32010.17763916302
taskid,122,finish_time,32057.546460824
taskid,104,finish_time,32407.93313693297
taskid,129,start_time,32532.29337928603
taskid,123,finish_time,32573.536547973657
taskid,125,finish_time,32659.463247362
taskid,3,finish_time,32687.753488375496
taskid,128,finish_time,32771.5903145509
taskid,130,start_time,32880.32593776644
taskid,131,start_time,32945.347830090104
taskid,126,finish_time,32951.29608426418
taskid,132,start_time,32980.73571131815
taskid,127,finish_time,33109.868576321256
taskid,133,start_time,33407.72652034674
taskid,134,start_time,33448.89452124282
taskid,114,finish_time,33537.586529366235
taskid,129,finish_time,33711.91614772995
taskid,109,finish_time,33735.311275808286
taskid,130,finish_time,34101.2914756694
taskid,135,start_time,34124.969889900996
taskid,136,start_time,34197.75079740549
taskid,137,start_time,34296.40242972777
taskid,112,finish_time,34483.090156839404
taskid,138,start_time,34844.15428477594
taskid,12,finish_time,35028.66741074965
taskid,139,start_time,35115.79555080452
taskid,140,start_time,35154.68253429084
taskid,141,start_time,35313.59495183665
taskid,142,start_time,35638.49500806493
taskid,143,start_time,35816.11507656605
taskid,138,finish_time,35859.6876388292
taskid,144,start_time,35948.579999654445
taskid,145,start_time,36007.702437984546
taskid,146,start_time,36365.65757750476
taskid,147,start_time,36660.66365901915
taskid,144,finish_time,36858.87853202139
taskid,94,finish_time,37165.42723104842
taskid,91,finish_time,37364.51834403926
taskid,146,finish_time,37379.92672545261
taskid,101,finish_time,37570.26821655957
taskid,148,start_time,37715.18702849937
taskid,85,finish_time,37803.08483881857
taskid,140,finish_time,37904.353247438485
taskid,149,start_time,37947.864213831956
taskid,150,start_time,37993.988253139
taskid,151,start_time,38199.75684332059
taskid,152,start_time,38404.57768438706
taskid,153,start_time,38441.10695293383
taskid,154,start_time,38554.1860915174
taskid,150,finish_time,38782.281217845055
taskid,155,start_time,39009.811264109725
taskid,156,start_time,39098.43564740793
taskid,133,finish_time,39177.28533400373
taskid,151,finish_time,39205.12974466781
taskid,157,start_time,39594.3628927897
taskid,158,start_time,39710.596380763105
taskid,145,finish_time,39745.77408941072
taskid,107,finish_time,39912.41520655671
taskid,159,start_time,40071.83586435079
taskid,160,start_time,40102.25753645269
taskid,149,finish_time,40275.213809674475
taskid,161,start_time,40346.197239042776
taskid,162,start_time,40443.500543212656
taskid,163,start_time,40541.7158165352
taskid,158,finish_time,40931.96717693894
taskid,159,finish_time,40995.08943821674
taskid,164,start_time,41020.637446810586
taskid,165,start_time,41345.62234721416
taskid,166,start_time,41407.20419979202
taskid,167,start_time,41433.331305678614
taskid,161,finish_time,41516.947136453055
taskid,168,start_time,41542.25084312763
taskid,162,finish_time,41918.51944001472
taskid,167,finish_time,42619.74746903553
taskid,108,finish_time,42898.869553503864
taskid,169,start_time,42898.869553503864
taskid,110,finish_time,43579.64369361853
taskid,170,start_time,43579.64369361853
taskid,171,start_time,43579.64369361853
taskid,172,start_time,43579.64369361853
taskid,148,finish_time,43799.59009289198
taskid,172,finish_time,44852.111448832984
taskid,166,finish_time,44865.98240338075
taskid,171,finish_time,45002.54963310235
taskid,142,finish_time,45261.39618391251
taskid,173,start_time,45261.39618391251
taskid,136,finish_time,45460.197446630365
taskid,174,start_time,45460.197446630365
taskid,175,start_time,45460.197446630365
taskid,176,start_time,45460.197446630365
taskid,177,start_time,45460.197446630365
taskid,155,finish_time,45823.02240027768
taskid,178,start_time,45823.02240027768
taskid,163,finish_time,45987.279426035224
taskid,113,finish_time,46265.28975912312
taskid,179,start_time,46265.28975912312
taskid,175,finish_time,46370.572675925825
taskid,177,finish_time,46471.2886578606
taskid,176,finish_time,46710.91755848235
taskid,134,finish_time,47261.07698761675
taskid,180,start_time,47261.07698761675
taskid,164,finish_time,47305.40568697223
taskid,156,finish_time,47702.375924795924
taskid,181,start_time,47702.375924795924
taskid,157,finish_time,48059.03473802425
taskid,135,finish_time,48411.84255601362
taskid,182,start_time,48411.84255601362
taskid,153,finish_time,49298.803636827695
taskid,183,start_time,49298.803636827695
taskid,174,finish_time,49696.38148972629
taskid,184,start_time,49696.38148972629
taskid,139,finish_time,49820.223702657815
taskid,185,start_time,49820.223702657815
taskid,147,finish_time,49901.937903105434
taskid,186,start_time,49901.937903105434
taskid,187,start_time,49901.937903105434
taskid,188,start_time,49901.937903105434
taskid,189,start_time,49901.937903105434
taskid,190,start_time,49901.937903105434
taskid,191,start_time,49901.937903105434
taskid,192,start_time,49901.937903105434
taskid,185,finish_time,50691.988062935845
taskid,190,finish_time,50869.32379665538
taskid,191,finish_time,51118.71089993002
taskid,179,finish_time,51135.640244171234
taskid,193,start_time,51135.640244171234
taskid,188,finish_time,51141.006922700115
taskid,189,finish_time,51200.71769827548
taskid,187,finish_time,51259.935703563395
taskid,111,finish_time,51408.21444083523
taskid,194,start_time,51408.21444083523
taskid,192,finish_time,51433.61351238659
taskid,195,start_time,51433.61351238659
taskid,137,finish_time,52069.489798016286
taskid,196,start_time,52069.489798016286
taskid,195,finish_time,52604.55344045688
taskid,197,start_time,52604.55344045688
taskid,198,start_time,52604.55344045688
taskid,124,finish_time,52795.40217501052
taskid,199,start_time,52795.40217501052
taskid,82,finish_time,53052.58488213024
taskid,200,start_time,53052.58488213024
taskid,201,start_time,53052.58488213024
taskid,180,finish_time,53226.99229619355
taskid,202,start_time,53226.99229619355
taskid,203,start_time,53226.99229619355
taskid,184,finish_time,54142.53558078516
taskid,204,start_time,54142.53558078516
taskid,186,finish_time,54626.87810702298
taskid,205,start_time,54626.87810702298
taskid,205,finish_time,55480.141076212436
taskid,202,finish_time,55612.70850427971
taskid,206,start_time,55612.70850427971
taskid,204,finish_time,56525.06220075226
taskid,207,start_time,56525.06220075226
taskid,206,finish_time,56808.07353098977
taskid,208,start_time,56808.07353098977
taskid,102,finish_time,57258.713632794155
taskid,209,start_time,57258.713632794155
taskid,197,finish_time,57263.25004866117
taskid,210,start_time,57263.25004866117
taskid,182,finish_time,57277.897308712105
taskid,211,start_time,57277.897308712105
taskid,207,finish_time,57414.42971457659
taskid,212,start_time,57414.42971457659
taskid,213,start_time,57414.42971457659
taskid,131,finish_time,58020.883015920845
taskid,214,start_time,58020.883015920845
taskid,103,finish_time,58254.79363680598
taskid,215,start_time,58254.79363680598
taskid,216,start_time,58254.79363680598
taskid,210,finish_time,58323.461613050706
taskid,209,finish_time,58624.63792880525
taskid,217,start_time,58624.63792880525
taskid,105,finish_time,58843.868336108906
taskid,106,finish_time,58849.65864676463
taskid,218,start_time,58849.65864676463
taskid,219,start_time,58849.65864676463
taskid,211,finish_time,60459.66103701355
taskid,203,finish_time,60528.03643538535
taskid,193,finish_time,60580.325627835366
taskid,219,finish_time,61210.70308273379
taskid,213,finish_time,61219.4544280398
taskid,216,finish_time,61819.12241402256
taskid,165,finish_time,62273.74566855622
taskid,220,start_time,62273.74566855622
taskid,221,start_time,62273.74566855622
taskid,222,start_time,62273.74566855622
taskid,115,finish_time,63474.635160683014
taskid,223,start_time,63474.635160683014
taskid,183,finish_time,63805.99861772772
taskid,224,start_time,63805.99861772772
taskid,198,finish_time,63838.745348836346
taskid,225,start_time,63838.745348836346
taskid,222,finish_time,64779.55628332842
taskid,221,finish_time,65545.6680778788
taskid,223,finish_time,67767.74792691946
taskid,226,start_time,67767.74792691946
taskid,227,start_time,67767.74792691946
taskid,199,finish_time,67909.15626146401
taskid,228,start_time,67909.15626146401
taskid,229,start_time,67909.15626146401
taskid,230,start_time,67909.15626146401
taskid,231,start_time,67909.15626146401
taskid,232,start_time,67909.15626146401
taskid,224,finish_time,68062.59300657046
taskid,233,start_time,68062.59300657046
taskid,234,start_time,68062.59300657046
taskid,235,start_time,68062.59300657046
taskid,236,start_time,68062.59300657046
taskid,237,start_time,68062.59300657046
taskid,226,finish_time,68654.24379221271
taskid,238,start_time,68654.24379221271
taskid,239,start_time,68654.24379221271
taskid,240,start_time,68654.24379221271
taskid,241,start_time,68654.24379221271
taskid,242,start_time,68654.24379221271
taskid,196,finish_time,69006.33888893676
taskid,243,start_time,69006.33888893676
taskid,244,start_time,69006.33888893676
taskid,245,start_time,69006.33888893676
taskid,246,start_time,69006.33888893676
taskid,247,start_time,69006.33888893676
taskid,232,finish_time,69070.81038039752
taskid,235,finish_time,69074.65598334493
taskid,230,finish_time,69095.19609723422
taskid,236,finish_time,69201.18264046752
taskid,248,start_time,69201.18264046752
taskid,229,finish_time,69221.36082603065
taskid,249,start_time,69221.36082603065
taskid,231,finish_time,69394.30893931458
taskid,250,start_time,69394.30893931458
taskid,240,finish_time,69475.85765361442
taskid,251,start_time,69475.85765361442
taskid,242,finish_time,69501.86752139393
taskid,252,start_time,69501.86752139393
taskid,237,finish_time,69560.3596219686
taskid,253,start_time,69560.3596219686
taskid,239,finish_time,69606.79129505157
taskid,243,finish_time,69628.12126700813
taskid,238,finish_time,69706.72631201777
taskid,98,finish_time,69707.75306694463
taskid,254,start_time,69707.75306694463
taskid,255,start_time,69707.75306694463
taskid,256,start_time,69707.75306694463
taskid,257,start_time,69707.75306694463
taskid,258,start_time,69707.75306694463
taskid,259,start_time,69707.75306694463
taskid,260,start_time,69707.75306694463
taskid,261,start_time,69707.75306694463
taskid,262,start_time,69707.75306694463
taskid,247,finish_time,69850.42255455194
taskid,263,start_time,69850.42255455194
taskid,244,finish_time,69961.73269181966
taskid,264,start_time,69961.73269181966
taskid,260,finish_time,70562.112149558
taskid,265,start_time,70562.112149558
taskid,257,finish_time,70761.85448674389
taskid,266,start_time,70761.85448674389
taskid,264,finish_time,71005.15446138513
taskid,267,start_time,71005.15446138513
taskid,255,finish_time,71005.96031804197
taskid,263,finish_time,71016.55753076094
taskid,261,finish_time,71101.74863953222
taskid,259,finish_time,71188.36972988027
taskid,228,finish_time,71435.4502332706
taskid,267,finish_time,71864.5768455783
taskid,265,finish_time,71994.81927964042
taskid,266,finish_time,72019.0913910511
taskid,268,start_time,72019.0913910511
taskid,168,finish_time,72761.18192691712
taskid,269,start_time,72761.18192691712
taskid,268,finish_time,73224.85182045936
taskid,270,start_time,73224.85182045936
taskid,271,start_time,73224.85182045936
taskid,272,start_time,73224.85182045936
taskid,273,start_time,73224.85182045936
taskid,274,start_time,73224.85182045936
taskid,275,start_time,73224.85182045936
taskid,276,start_time,73224.85182045936
taskid,277,start_time,73224.85182045936
taskid,269,finish_time,74090.96927957908
taskid,278,start_time,74090.96927957908
taskid,233,finish_time,74142.17210242226
taskid,279,start_time,74142.17210242226
taskid,280,start_time,74142.17210242226
taskid,276,finish_time,74344.88634033382
taskid,270,finish_time,74462.11289568417
taskid,262,finish_time,74462.87632778304
taskid,160,finish_time,74531.16191416504
taskid,280,finish_time,75342.40487489187
taskid,220,finish_time,75717.27629282713
taskid,281,start_time,75717.27629282713
taskid,282,start_time,75717.27629282713
taskid,283,start_time,75717.27629282713
taskid,284,start_time,75717.27629282713
taskid,275,finish_time,76148.34346565249
taskid,277,finish_time,76515.49258833408
taskid,281,finish_time,76963.35787390938
taskid,285,start_time,76963.35787390938
taskid,286,start_time,76963.35787390938
taskid,283,finish_time,77114.24940428243
taskid,287,start_time,77114.24940428243
taskid,288,start_time,77114.24940428243
taskid,289,start_time,77114.24940428243
taskid,290,start_time,77114.24940428243
taskid,291,start_time,77114.24940428243
taskid,292,start_time,77114.24940428243
taskid,279,finish_time,77136.3069343377
taskid,293,start_time,77136.3069343377
taskid,282,finish_time,77177.78500060781
taskid,294,start_time,77177.78500060781
taskid,284,finish_time,77231.50254764751
taskid,227,finish_time,77317.31150230952
taskid,169,finish_time,77672.58578693343
taskid,295,start_time,77672.58578693343
taskid,272,finish_time,77908.18011934467
taskid,287,finish_time,77927.36179420911
taskid,296,start_time,77927.36179420911
taskid,285,finish_time,77939.30058356577
taskid,297,start_time,77939.30058356577
taskid,298,start_time,77939.30058356577
taskid,299,start_time,77939.30058356577
taskid,300,start_time,77939.30058356577
taskid,274,finish_time,78034.16722229295
taskid,178,finish_time,78076.30396537106
taskid,288,finish_time,78259.10811661012
taskid,252,finish_time,78327.24095498072
taskid,249,finish_time,78700.85373205417
taskid,301,start_time,78700.85373205417
taskid,271,finish_time,78760.80252576232
taskid,286,finish_time,78776.00539734555
taskid,299,finish_time,78847.84734251189
taskid,302,start_time,78847.84734251189
taskid,303,start_time,78847.84734251189
taskid,304,start_time,78847.84734251189
taskid,295,finish_time,78859.90847046007
taskid,305,start_time,78859.90847046007
taskid,296,finish_time,79689.51192715624
taskid,306,start_time,79689.51192715624
taskid,294,finish_time,79760.05043816575
taskid,304,finish_time,79844.66047659524
taskid,303,finish_time,79944.58539230727
taskid,251,finish_time,79946.11223128848
taskid,250,finish_time,79957.9248146942
taskid,253,finish_time,80128.87712731295
taskid,298,finish_time,81488.69955749613
taskid,273,finish_time,81605.78293999459
taskid,307,start_time,81605.78293999459
taskid,218,finish_time,82568.65788721296
taskid,308,start_time,82568.65788721296
taskid,309,start_time,82568.65788721296
taskid,212,finish_time,82909.57248298026
taskid,152,finish_time,82955.64536115927
taskid,310,start_time,82955.64536115927
taskid,311,start_time,82955.64536115927
taskid,312,start_time,82955.64536115927
taskid,313,start_time,82955.64536115927
taskid,314,start_time,82955.64536115927
taskid,315,start_time,82955.64536115927
taskid,80,finish_time,83488.81975765902
taskid,316,start_time,83488.81975765902
taskid,241,finish_time,83712.40161040076
taskid,311,finish_time,83959.16287285728
taskid,292,finish_time,83982.62009712704
taskid,317,start_time,83982.62009712704
taskid,313,finish_time,84088.61284527929
taskid,312,finish_time,84117.43834452996
taskid,297,finish_time,84208.0133029425
taskid,141,finish_time,84672.87152043413
taskid,318,start_time,84672.87152043413
taskid,319,start_time,84672.87152043413
taskid,320,start_time,84672.87152043413
taskid,321,start_time,84672.87152043413
taskid,322,start_time,84672.87152043413
taskid,290,finish_time,85107.43428845581
taskid,320,finish_time,85568.1153005037
taskid,323,start_time,85568.1153005037
taskid,321,finish_time,85696.53392412307
taskid,324,start_time,85696.53392412307
taskid,289,finish_time,85763.36766738645
taskid,325,start_time,85763.36766738645
taskid,291,finish_time,85798.91042527361
taskid,326,start_time,85798.91042527361
taskid,319,finish_time,85951.93394645932
taskid,327,start_time,85951.93394645932
taskid,310,finish_time,86544.34502497363
taskid,328,start_time,86544.34502497363
taskid,329,start_time,86544.34502497363
taskid,330,start_time,86544.34502497363
taskid,331,start_time,86544.34502497363
taskid,332,start_time,86544.34502497363
taskid,333,start_time,86544.34502497363
taskid,334,start_time,86544.34502497363
taskid,335,start_time,86544.34502497363
taskid,315,finish_time,86800.79385710692
taskid,170,finish_time,87113.92017244117
taskid,336,start_time,87113.92017244117
taskid,337,start_time,87113.92017244117
taskid,338,start_time,87113.92017244117
taskid,339,start_time,87113.92017244117
taskid,293,finish_time,87641.36484993614
taskid,234,finish_time,87803.35188622346
taskid,337,finish_time,88149.60549396131
taskid,217,finish_time,88245.1931094301
taskid,340,start_time,88245.1931094301
taskid,341,start_time,88245.1931094301
taskid,323,finish_time,88508.8743651725
taskid,342,start_time,88508.8743651725
taskid,343,start_time,88508.8743651725
taskid,344,start_time,88508.8743651725
taskid,339,finish_time,88552.63154599906
taskid,338,finish_time,88562.66335562486
taskid,322,finish_time,89501.14962948253
taskid,343,finish_time,89571.15375555234
taskid,342,finish_time,89702.56839129547
taskid,345,start_time,89702.56839129547
taskid,344,finish_time,89807.91863337491
taskid,346,start_time,89807.91863337491
taskid,317,finish_time,90520.36429057657
taskid,347,start_time,90520.36429057657
taskid,346,finish_time,90901.42153863472
taskid,100,finish_time,91059.24275127554
taskid,348,start_time,91059.24275127554
taskid,349,start_time,91059.24275127554
taskid,350,start_time,91059.24275127554
taskid,351,start_time,91059.24275127554
taskid,309,finish_time,91455.06077840566
taskid,86,finish_time,92022.51519897583
taskid,352,start_time,92022.51519897583
taskid,353,start_time,92022.51519897583
taskid,354,start_time,92022.51519897583
taskid,349,finish_time,92045.49939238722
taskid,355,start_time,92045.49939238722
taskid,351,finish_time,92057.45321450065
taskid,350,finish_time,92160.35452911523
taskid,347,finish_time,92208.78505599542
taskid,306,finish_time,92431.9232854849
taskid,194,finish_time,92555.52488032055
taskid,356,start_time,92555.52488032055
taskid,89,finish_time,92735.88681123579
taskid,353,finish_time,93141.84783601502
taskid,357,start_time,93141.84783601502
taskid,355,finish_time,93174.15453745527
taskid,354,finish_time,93220.95157443205
taskid,357,finish_time,93958.2784300716
taskid,325,finish_time,94700.5098760784
taskid,356,finish_time,94843.08879384738
taskid,358,start_time,94843.08879384738
taskid,332,finish_time,94874.78753153428
taskid,143,finish_time,95340.82551798552
taskid,359,start_time,95340.82551798552
taskid,360,start_time,95340.82551798552
taskid,361,start_time,95340.82551798552
taskid,362,start_time,95340.82551798552
taskid,363,start_time,95340.82551798552
taskid,364,start_time,95340.82551798552
taskid,331,finish_time,96222.5509579745
taskid,365,start_time,96222.5509579745
taskid,360,finish_time,96305.67253960443
taskid,366,start_time,96305.67253960443
taskid,327,finish_time,96360.67585635668
taskid,367,start_time,96360.67585635668
taskid,362,finish_time,96404.24658852325
taskid,368,start_time,96404.24658852325
taskid,363,finish_time,96832.36498466854
taskid,369,start_time,96832.36498466854
taskid,326,finish_time,96937.98827175223
taskid,370,start_time,96937.98827175223
taskid,324,finish_time,97051.87729155499
taskid,371,start_time,97051.87729155499
taskid,364,finish_time,97222.37515445625
taskid,372,start_time,97222.37515445625
taskid,359,finish_time,97519.7120838547
taskid,373,start_time,97519.7120838547
taskid,374,start_time,97519.7120838547
taskid,375,start_time,97519.7120838547
taskid,376,start_time,97519.7120838547
taskid,377,start_time,97519.7120838547
taskid,378,start_time,97519.7120838547
taskid,379,start_time,97519.7120838547
taskid,380,start_time,97519.7120838547
taskid,381,start_time,97519.7120838547
taskid,333,finish_time,97569.11273274939
taskid,382,start_time,97569.11273274939
taskid,328,finish_time,97815.3060426901
taskid,383,start_time,97815.3060426901
taskid,371,finish_time,97976.56881764648
taskid,384,start_time,97976.56881764648
taskid,308,finish_time,98149.0450393793
taskid,385,start_time,98149.0450393793
taskid,386,start_time,98149.0450393793
taskid,387,start_time,98149.0450393793
taskid,388,start_time,98149.0450393793
taskid,389,start_time,98149.0450393793
taskid,390,start_time,98149.0450393793
taskid,391,start_time,98149.0450393793
taskid,329,finish_time,98189.27638674145
taskid,316,finish_time,98238.28510057577
taskid,392,start_time,98238.28510057577
taskid,393,start_time,98238.28510057577
taskid,394,start_time,98238.28510057577
taskid,376,finish_time,98317.96561549492
taskid,395,start_time,98317.96561549492
taskid,396,start_time,98317.96561549492
taskid,397,start_time,98317.96561549492
taskid,398,start_time,98317.96561549492
taskid,399,start_time,98317.96561549492
taskid,400,start_time,98317.96561549492
taskid,401,start_time,98317.96561549492
taskid,368,finish_time,98474.11020158952
taskid,379,finish_time,98675.2798970102
taskid,365,finish_time,98817.93633001613
taskid,367,finish_time,98882.12570262709
taskid,378,finish_time,98923.56477383919
taskid,375,finish_time,98953.79533428366
taskid,374,finish_time,98968.4277771118
taskid,402,start_time,98968.4277771118
taskid,392,finish_time,99013.23087572167
taskid,403,start_time,99013.23087572167
taskid,404,start_time,99013.23087572167
taskid,366,finish_time,99037.26471496384
taskid,377,finish_time,99045.81644641048
taskid,405,start_time,99045.81644641048
taskid,389,finish_time,99091.83216707144
taskid,406,start_time,99091.83216707144
taskid,380,finish_time,99092.54710083625
taskid,407,start_time,99092.54710083625
taskid,381,finish_time,99097.22500221136
taskid,408,start_time,99097.22500221136
taskid,373,finish_time,99168.8415013478
taskid,409,start_time,99168.8415013478
taskid,384,finish_time,99318.79847678589
taskid,410,start_time,99318.79847678589
taskid,394,finish_time,99475.20133181667
taskid,411,start_time,99475.20133181667
taskid,383,finish_time,99480.81776417854
taskid,412,start_time,99480.81776417854
taskid,387,finish_time,99534.66172104384
taskid,413,start_time,99534.66172104384
taskid,370,finish_time,99588.83306498738
taskid,414,start_time,99588.83306498738
taskid,369,finish_time,99605.59770779322
taskid,415,start_time,99605.59770779322
taskid,388,finish_time,99781.03813098223
taskid,330,finish_time,99869.19906793327
taskid,391,finish_time,99912.04288117241
taskid,382,finish_time,99928.70790234175
taskid,397,finish_time,100026.8423295903
taskid,398,finish_time,100234.60153691632
taskid,401,finish_time,100255.03045700303
taskid,399,finish_time,100301.60587842898
taskid,400,finish_time,100397.14557035595
taskid,395,finish_time,100650.63063176365
taskid,361,finish_time,100657.04517186155
taskid,416,start_time,100657.04517186155
taskid,385,finish_time,100747.17170645428
taskid,386,finish_time,100784.94686556605
taskid,396,finish_time,100905.0900562815
taskid,403,finish_time,101249.11703343433
taskid,390,finish_time,101343.13529378767
taskid,414,finish_time,101454.23220620662
taskid,411,finish_time,101870.30772984642
taskid,408,finish_time,101927.34895107061
taskid,416,finish_time,101995.09771157028
taskid,417,start_time,101995.09771157028
taskid,418,start_time,101995.09771157028
taskid,419,start_time,101995.09771157028
taskid,420,start_time,101995.09771157028
taskid,413,finish_time,102303.50567876626
taskid,421,start_time,102303.50567876626
taskid,334,finish_time,102482.97829286968
taskid,422,start_time,102482.97829286968
taskid,423,start_time,102482.97829286968
taskid,424,start_time,102482.97829286968
taskid,425,start_time,102482.97829286968
taskid,426,start_time,102482.97829286968
taskid,427,start_time,102482.97829286968
taskid,428,start_time,102482.97829286968
taskid,429,start_time,102482.97829286968
taskid,412,finish_time,102543.88904631244
taskid,430,start_time,102543.88904631244
taskid,393,finish_time,102657.70650586451
taskid,420,finish_time,103023.23454001847
taskid,340,finish_time,103112.48138088972
taskid,336,finish_time,103168.20626526834
taskid,431,start_time,103168.20626526834
taskid,432,start_time,103168.20626526834
taskid,433,start_time,103168.20626526834
taskid,434,start_time,103168.20626526834
taskid,419,finish_time,103293.90776565984
taskid,435,start_time,103293.90776565984
taskid,418,finish_time,103357.73766178057
taskid,436,start_time,103357.73766178057
taskid,404,finish_time,103573.35645385963
taskid,437,start_time,103573.35645385963
taskid,410,finish_time,103641.56925081974
taskid,438,start_time,103641.56925081974
taskid,406,finish_time,103896.20407764715
taskid,439,start_time,103896.20407764715
taskid,433,finish_time,103919.93799262428
taskid,440,start_time,103919.93799262428
taskid,424,finish_time,104496.51144582285
taskid,441,start_time,104496.51144582285
taskid,425,finish_time,104553.07846881407
taskid,442,start_time,104553.07846881407
taskid,426,finish_time,104631.37395976273
taskid,443,start_time,104631.37395976273
taskid,423,finish_time,104704.57608714294
taskid,444,start_time,104704.57608714294
taskid,427,finish_time,104704.78735522674
taskid,445,start_time,104704.78735522674
taskid,428,finish_time,104764.72727928749
taskid,429,finish_time,104983.2636880706
taskid,407,finish_time,105077.81296446877
taskid,415,finish_time,105459.72035081637
taskid,438,finish_time,105600.74087934394
taskid,409,finish_time,105610.81231144215
taskid,422,finish_time,105704.82819404207
taskid,439,finish_time,105747.29926302188
taskid,372,finish_time,105783.8086929251
taskid,445,finish_time,105967.35026608514
taskid,132,finish_time,106293.90499848206
taskid,437,finish_time,106585.8949885784
taskid,440,finish_time,106598.43229596324
taskid,441,finish_time,106628.78274659686
taskid,442,finish_time,106709.77488539489
taskid,443,finish_time,106823.65337246419
taskid,430,finish_time,106861.18253839847
taskid,444,finish_time,106940.686455298
taskid,348,finish_time,107201.90440153725
taskid,446,start_time,107201.90440153725
taskid,447,start_time,107201.90440153725
taskid,448,start_time,107201.90440153725
taskid,449,start_time,107201.90440153725
taskid,450,start_time,107201.90440153725
taskid,451,start_time,107201.90440153725
taskid,452,start_time,107201.90440153725
taskid,436,finish_time,107891.56357322457
taskid,452,finish_time,108264.67957874185
taskid,449,finish_time,108302.97690096188
taskid,447,finish_time,108472.09852201668
taskid,448,finish_time,108489.62827276795
taskid,453,start_time,108489.62827276795
taskid,451,finish_time,108646.64650709841
taskid,358,finish_time,108743.39051263858
taskid,454,start_time,108743.39051263858
taskid,446,finish_time,108891.28363726582
taskid,455,start_time,108891.28363726582
taskid,450,finish_time,108977.52743882513
taskid,453,finish_time,109422.3137884916
taskid,454,finish_time,109849.46323759665
taskid,456,start_time,109849.46323759665
taskid,457,start_time,109849.46323759665
taskid,455,finish_time,110306.14018253365
taskid,458,start_time,110306.14018253365
taskid,459,start_time,110306.14018253365
taskid,460,start_time,110306.14018253365
taskid,314,finish_time,110373.89104924894
taskid,318,finish_time,110508.14260212232
taskid,461,start_time,110508.14260212232
taskid,462,start_time,110508.14260212232
taskid,459,finish_time,111492.27614370766
taskid,460,finish_time,111597.46765194085
taskid,463,start_time,111597.46765194085
taskid,464,start_time,111597.46765194085
taskid,465,start_time,111597.46765194085
taskid,466,start_time,111597.46765194085
taskid,467,start_time,111597.46765194085
taskid,434,finish_time,111633.8527876454
taskid,468,start_time,111633.8527876454
taskid,458,finish_time,111693.50158704526
taskid,469,start_time,111693.50158704526
taskid,470,start_time,111693.50158704526
taskid,471,start_time,111693.50158704526
taskid,472,start_time,111693.50158704526
taskid,473,start_time,111896.81316617766
taskid,405,finish_time,111999.62165333724
taskid,474,start_time,112143.18214537356
taskid,457,finish_time,112723.68434796228
taskid,10,finish_time,112915.52006866632
taskid,471,finish_time,112937.53759267836
taskid,473,finish_time,113046.114513595
taskid,472,finish_time,113132.41763184816
taskid,431,finish_time,113463.58029792168
taskid,475,start_time,113579.67305593078
taskid,476,start_time,113722.66069619509
taskid,477,start_time,113757.95882226333
taskid,478,start_time,113824.27880928168
taskid,341,finish_time,113852.63627555697
taskid,474,finish_time,113875.02795355713
taskid,479,start_time,113957.2062180836
taskid,480,start_time,114035.63165476319
taskid,481,start_time,114399.91752914104
taskid,482,start_time,114588.65981317707
taskid,475,finish_time,114654.35075856688
taskid,483,start_time,114853.2776017036
taskid,484,start_time,114925.64710300208
taskid,477,finish_time,115012.26454479854
taskid,480,finish_time,115480.90321575035
taskid,485,start_time,115536.52011400223
taskid,482,finish_time,115578.76812102331
taskid,486,start_time,115725.6040327668
taskid,484,finish_time,115791.10988934738
taskid,487,start_time,115796.26268251697
taskid,488,start_time,116297.6838554102
taskid,402,finish_time,116310.61980921884
taskid,489,start_time,116395.43104435714
taskid,490,start_time,116463.3333318822
taskid,491,start_time,116475.44044457443
taskid,492,start_time,116598.485686566
taskid,493,start_time,116731.45520231884
taskid,491,finish_time,117516.02100127065
taskid,494,start_time,117516.02100127065
taskid,495,start_time,117516.02100127065
taskid,496,start_time,117516.02100127065
taskid,497,start_time,117516.02100127065
taskid,498,start_time,117516.02100127065
taskid,499,start_time,117516.02100127065
taskid,467,finish_time,117551.72479831582
taskid,500,start_time,117573.89582462017
taskid,501,start_time,117625.07019309724
taskid,225,finish_time,117645.98577665645
taskid,502,start_time,117648.15778814827
taskid,435,finish_time,117674.85995028926
taskid,503,start_time,117682.38496655971
taskid,504,start_time,118094.10196983498
taskid,505,start_time,118164.84532872691
taskid,506,start_time,118221.56316046466
taskid,507,start_time,118505.17698869586
taskid,496,finish_time,118703.11551567772
taskid,495,finish_time,118759.39676898089
taskid,494,finish_time,118872.54467145258
taskid,307,finish_time,118919.5788921412
taskid,476,finish_time,118960.68457157075
taskid,432,finish_time,119096.37786067223
taskid,506,finish_time,119164.87600973205
taskid,505,finish_time,119330.80069238272
taskid,508,start_time,119342.30231790707
taskid,504,finish_time,119385.51256975577
taskid,509,start_time,119476.78076606277
taskid,503,finish_time,119584.94652010917
taskid,507,finish_time,119611.1771397691
taskid,502,finish_time,119654.58661426356
taskid,510,start_time,119730.66534664696
taskid,501,finish_time,119734.6608341199
taskid,511,start_time,119862.87111470252
taskid,498,finish_time,119974.24476709895
taskid,512,start_time,119987.42944866403
taskid,497,finish_time,120022.04954902185
taskid,278,finish_time,120060.45083254471
taskid,513,start_time,120076.12465817615
taskid,499,finish_time,120087.10264096191
taskid,500,finish_time,120146.98435026022
taskid,514,start_time,120167.30645305193
taskid,515,start_time,120265.15074474493
taskid,516,start_time,120328.45512934744
taskid,509,finish_time,120658.0692975011
taskid,508,finish_time,120824.1480662702
taskid,512,finish_time,121152.5584275661
taskid,510,finish_time,121175.34310517479
taskid,517,start_time,121273.76209692105
taskid,511,finish_time,121307.90179407626
taskid,514,finish_time,121467.16412924892
taskid,518,start_time,121473.36827213745
taskid,513,finish_time,121498.48145730069
taskid,519,start_time,121886.73980237107
taskid,520,start_time,122279.66414948445
taskid,521,start_time,122396.24443494667
taskid,522,start_time,122418.20783725397
taskid,523,start_time,122613.1691354215
taskid,485,finish_time,122720.14253315941
taskid,518,finish_time,122798.59461225584
taskid,519,finish_time,123010.07102548878
taskid,488,finish_time,123204.72493900327
taskid,520,finish_time,123353.90329349379
taskid,522,finish_time,123546.8658719338
taskid,481,finish_time,123687.18200944562
taskid,523,finish_time,123756.52988417454
taskid,524,start_time,123900.52616178822
taskid,525,start_time,123934.13355916343
taskid,525,finish_time,125100.64943496237
taskid,478,finish_time,125279.27394146842
taskid,526,start_time,125326.87004742859
taskid,490,finish_time,125461.21468870933
taskid,527,start_time,125577.43221958366
taskid,492,finish_time,125582.39417086488
taskid,528,start_time,125785.53449686061
taskid,529,start_time,126155.52003317907
taskid,483,finish_time,126221.2294670449
taskid,530,start_time,126397.49790341292
taskid,531,start_time,126515.48150805903
taskid,526,finish_time,126675.65191439126
taskid,532,start_time,126964.3898146871
taskid,533,start_time,126976.05906931573
taskid,486,finish_time,126987.36459702306
taskid,527,finish_time,126988.2358751623
taskid,487,finish_time,127008.14996380956
taskid,529,finish_time,127442.62635598717
taskid,489,finish_time,127574.37873214575
taskid,534,start_time,127635.77966964152
taskid,530,finish_time,127706.20535506944
taskid,535,start_time,127833.06508763801
taskid,536,start_time,127969.21027508639
taskid,537,start_time,128281.42969946026
taskid,538,start_time,128369.15446992498
taskid,539,start_time,128382.36679688607
taskid,540,start_time,128452.81228580767
taskid,541,start_time,128484.20477606608
taskid,533,finish_time,128763.63947858909
taskid,201,finish_time,128989.12819149577
taskid,542,start_time,129027.65193863532
taskid,531,finish_time,129037.24127725772
taskid,532,finish_time,129061.08513094639
taskid,543,start_time,129113.63046027534
taskid,544,start_time,129196.36119228903
taskid,545,start_time,129274.99178488392
taskid,521,finish_time,129498.40053430274
taskid,546,start_time,129498.40053430274
taskid,493,finish_time,129509.45939448394
taskid,541,finish_time,129593.72381289901
taskid,540,finish_time,129629.21319189358
taskid,547,start_time,129692.13892557957
taskid,548,start_time,130164.15825020782
taskid,542,finish_time,130182.06365231781
taskid,534,finish_time,130189.00648080252
taskid,543,finish_time,130249.71205218538
taskid,544,finish_time,130266.6967916669
taskid,536,finish_time,130490.9435655136
taskid,535,finish_time,130537.93186802597
taskid,547,finish_time,130687.69236481145
taskid,537,finish_time,130863.48947781762
taskid,548,finish_time,131902.53289683393
taskid,528,finish_time,132126.48140189904
taskid,335,finish_time,133457.59288103002
taskid,545,finish_time,134461.2957629874
taskid,549,start_time,134461.2957629874
taskid,549,finish_time,135788.9730324705
taskid,550,start_time,135788.9730324705
taskid,551,start_time,135788.9730324705
taskid,524,finish_time,137366.34854295137
taskid,552,start_time,137366.34854295137
taskid,553,start_time,137366.34854295137
taskid,552,finish_time,138545.8769847053
taskid,554,start_time,138545.8769847053
taskid,553,finish_time,138576.62381500346
taskid,200,finish_time,138669.62619376654
taskid,555,start_time,138669.62619376654
taskid,546,finish_time,141645.04550306086
taskid,556,start_time,141645.04550306086
taskid,551,finish_time,142107.48951399216
taskid,557,start_time,142107.48951399216
taskid,558,start_time,142107.48951399216
taskid,456,finish_time,143347.11605038826
taskid,559,start_time,143347.11605038826
taskid,560,start_time,143347.11605038826
taskid,95,finish_time,143665.0309351628
taskid,561,start_time,143665.0309351628
taskid,562,start_time,143665.0309351628
taskid,208,finish_time,143993.76652943564
taskid,563,start_time,143993.76652943564
taskid,564,start_time,143993.76652943564
taskid,555,finish_time,144691.08098212164
taskid,565,start_time,144691.08098212164
taskid,352,finish_time,144780.89114902008
taskid,566,start_time,144780.89114902008
taskid,567,start_time,144780.89114902008
taskid,568,start_time,144780.89114902008
taskid,562,finish_time,145344.02792170295
taskid,568,finish_time,145952.56423071134
taskid,567,finish_time,146260.2065002929
taskid,550,finish_time,146273.1129930618
taskid,569,start_time,146273.1129930618
taskid,19,finish_time,147657.39159209176
taskid,561,finish_time,149873.13785266888
taskid,570,start_time,149873.13785266888
taskid,571,start_time,149873.13785266888
taskid,572,start_time,149873.13785266888
taskid,573,start_time,149873.13785266888
taskid,565,finish_time,150642.6539852764
taskid,572,finish_time,150770.43061102304
taskid,574,start_time,150770.43061102304
taskid,575,start_time,150770.43061102304
taskid,573,finish_time,151112.45576664223
taskid,571,finish_time,151204.19906782918
taskid,575,finish_time,152111.14092412608
taskid,557,finish_time,155014.54246331632
taskid,23,finish_time,155047.3657087337
taskid,576,start_time,155047.3657087337
taskid,570,finish_time,157501.54118050903
taskid,577,start_time,157501.54118050903
taskid,20,finish_time,157561.5617995784
taskid,569,finish_time,157750.22801024056
taskid,578,start_time,157750.22801024056
taskid,579,start_time,157750.22801024056
taskid,577,finish_time,158553.30611837324
taskid,579,finish_time,159025.3083892947
taskid,578,finish_time,159066.048418608
taskid,580,start_time,159066.048418608
taskid,581,start_time,159066.048418608
taskid,582,start_time,159066.048418608
taskid,583,start_time,159066.048418608
taskid,584,start_time,159066.048418608
taskid,585,start_time,159066.048418608
taskid,559,finish_time,159854.31287413795
taskid,563,finish_time,159906.1841966248
taskid,586,start_time,159906.1841966248
taskid,560,finish_time,159954.06156058353
taskid,587,start_time,159954.06156058353
taskid,581,finish_time,160341.46640795752
taskid,588,start_time,160341.46640795752
taskid,585,finish_time,160495.1863750606
taskid,589,start_time,160495.1863750606
taskid,583,finish_time,160589.05101117797
taskid,590,start_time,160589.05101117797
taskid,564,finish_time,160663.37152156077
taskid,591,start_time,160663.37152156077
taskid,592,start_time,160663.37152156077
taskid,593,start_time,160663.37152156077
taskid,558,finish_time,160685.65010431435
taskid,594,start_time,160685.65010431435
taskid,595,start_time,160685.65010431435
taskid,596,start_time,160685.65010431435
taskid,576,finish_time,161013.53457212375
taskid,597,start_time,161013.53457212375
taskid,598,start_time,161013.53457212375
taskid,599,start_time,161013.53457212375
taskid,600,start_time,161013.53457212375
taskid,588,finish_time,161471.9762186942
taskid,601,start_time,161471.9762186942
taskid,589,finish_time,161925.66534947345
taskid,602,start_time,161925.66534947345
taskid,593,finish_time,162097.12459178438
taskid,603,start_time,162097.12459178438
taskid,566,finish_time,162285.1311472328
taskid,604,start_time,162285.1311472328
taskid,605,start_time,162285.1311472328
taskid,606,start_time,162285.1311472328
taskid,607,start_time,162285.1311472328
taskid,595,finish_time,162630.8433017316
taskid,574,finish_time,163978.3330807634
taskid,608,start_time,163978.3330807634
taskid,609,start_time,163978.3330807634
taskid,610,start_time,163978.3330807634
taskid,611,start_time,163978.3330807634
taskid,612,start_time,163978.3330807634
taskid,613,start_time,163978.3330807634
taskid,614,start_time,163978.3330807634
taskid,8,finish_time,164401.50036584897
taskid,615,start_time,164401.50036584897
taskid,616,start_time,164401.50036584897
taskid,617,start_time,164401.50036584897
taskid,618,start_time,164401.50036584897
taskid,619,start_time,164401.50036584897
taskid,620,start_time,164401.50036584897
taskid,621,start_time,164401.50036584897
taskid,584,finish_time,164792.1000235344
taskid,622,start_time,164792.1000235344
taskid,610,finish_time,164981.07608435006
taskid,609,finish_time,164982.72021812503
taskid,613,finish_time,165172.78414961533
taskid,612,finish_time,165219.77249765856
taskid,582,finish_time,165261.5616587431
taskid,623,start_time,165261.5616587431
taskid,624,start_time,165261.5616587431
taskid,625,start_time,165261.5616587431
taskid,626,start_time,165261.5616587431
taskid,627,start_time,165261.5616587431
taskid,628,start_time,165261.5616587431
taskid,629,start_time,165261.5616587431
taskid,630,start_time,165261.5616587431
taskid,631,start_time,165261.5616587431
taskid,632,start_time,165261.5616587431
taskid,633,start_time,165261.5616587431
taskid,634,start_time,165261.5616587431
taskid,635,start_time,165261.5616587431
taskid,636,start_time,165261.5616587431
taskid,611,finish_time,165298.55399221473
taskid,637,start_time,165298.55399221473
taskid,617,finish_time,165456.41050294906
taskid,638,start_time,165456.41050294906
taskid,620,finish_time,165464.32808803793
taskid,639,start_time,165464.32808803793
taskid,615,finish_time,165557.6487052757
taskid,640,start_time,165557.6487052757
taskid,596,finish_time,165635.26238679545
taskid,641,start_time,165635.26238679545
taskid,619,finish_time,165760.75609802434
taskid,642,start_time,165760.75609802434
taskid,618,finish_time,165811.52695478222
taskid,643,start_time,165811.52695478222
taskid,621,finish_time,165896.5708719551
taskid,644,start_time,165896.5708719551
taskid,625,finish_time,166914.90190973747
taskid,645,start_time,166914.90190973747
taskid,624,finish_time,167144.6956304613
taskid,646,start_time,167144.6956304613
taskid,630,finish_time,167193.62782620397
taskid,647,start_time,167193.62782620397
taskid,628,finish_time,167226.72208527024
taskid,648,start_time,167226.72208527024
taskid,635,finish_time,167229.27409372243
taskid,649,start_time,167229.27409372243
taskid,632,finish_time,167399.9729637139
taskid,650,start_time,167399.9729637139
taskid,591,finish_time,167436.7513725473
taskid,651,start_time,167436.7513725473
taskid,633,finish_time,167445.51918127175
taskid,652,start_time,167445.51918127175
taskid,592,finish_time,167449.6105868774
taskid,653,start_time,167449.6105868774
taskid,629,finish_time,167450.0311226934
taskid,654,start_time,167450.0311226934
taskid,631,finish_time,167693.98699836494
taskid,655,start_time,167693.98699836494
taskid,639,finish_time,167705.83144254508
taskid,656,start_time,167705.83144254508
taskid,637,finish_time,167726.60691551835
taskid,657,start_time,167726.60691551835
taskid,638,finish_time,167753.41372894522
taskid,658,start_time,167753.41372894522
taskid,626,finish_time,167766.81455466003
taskid,659,start_time,167766.81455466003
taskid,634,finish_time,167768.71706424115
taskid,660,start_time,167768.71706424115
taskid,627,finish_time,167790.77789250188
taskid,661,start_time,167790.77789250188
taskid,640,finish_time,167799.94459358996
taskid,662,start_time,167799.94459358996
taskid,636,finish_time,167879.20226199648
taskid,663,start_time,167879.20226199648
taskid,643,finish_time,167895.10427680498
taskid,664,start_time,167895.10427680498
taskid,642,finish_time,167957.29349104126
taskid,665,start_time,167957.29349104126
taskid,641,finish_time,168001.2220279361
taskid,666,start_time,168001.2220279361
taskid,616,finish_time,168206.8292537971
taskid,667,start_time,168206.8292537971
taskid,301,finish_time,168294.6578167065
taskid,668,start_time,168294.6578167065
taskid,669,start_time,168294.6578167065
taskid,670,start_time,168294.6578167065
taskid,671,start_time,168294.6578167065
taskid,672,start_time,168294.6578167065
taskid,673,start_time,168294.6578167065
taskid,674,start_time,168294.6578167065
taskid,675,start_time,168294.6578167065
taskid,676,start_time,168294.6578167065
taskid,677,start_time,168294.6578167065
taskid,678,start_time,168294.6578167065
taskid,679,start_time,168294.6578167065
taskid,680,start_time,168294.6578167065
taskid,681,start_time,168294.6578167065
taskid,682,start_time,168294.6578167065
taskid,683,start_time,168294.6578167065
taskid,644,finish_time,168345.60572936453
taskid,684,start_time,168345.60572936453
taskid,600,finish_time,168598.7644898171
taskid,685,start_time,168598.7644898171
taskid,646,finish_time,169301.28855236815
taskid,686,start_time,169301.28855236815
taskid,647,finish_time,169312.8629386164
taskid,687,start_time,169312.8629386164
taskid,645,finish_time,169447.10831176353
taskid,653,finish_time,169554.1750137732
taskid,652,finish_time,169634.1222939027
taskid,649,finish_time,169690.3828990306
taskid,657,finish_time,169727.38656914036
taskid,656,finish_time,169752.0719310297
taskid,659,finish_time,169824.35366461906
taskid,1,finish_time,169829.6992115652
taskid,688,start_time,169829.6992115652
taskid,689,start_time,169829.6992115652
taskid,690,start_time,169829.6992115652
taskid,648,finish_time,169850.07864992667
taskid,607,finish_time,169905.36627640386
taskid,662,finish_time,169924.9607346139
taskid,462,finish_time,169947.27584908565
taskid,691,start_time,169947.27584908565
taskid,654,finish_time,170058.23628323598
taskid,614,finish_time,170068.12543898908
taskid,665,finish_time,170080.15763815047
taskid,590,finish_time,170081.59175228476
taskid,663,finish_time,170118.54655890763
taskid,650,finish_time,170118.67112978952
taskid,675,finish_time,170147.64249768693
taskid,463,finish_time,170203.93443048684
taskid,692,start_time,170203.93443048684
taskid,664,finish_time,170241.47401195593
taskid,658,finish_time,170241.72315607013
taskid,651,finish_time,170278.9443918399
taskid,669,finish_time,170415.55316514455
taskid,674,finish_time,170472.56142355097
taskid,661,finish_time,170475.23210074994
taskid,660,finish_time,170506.17875169797
taskid,681,finish_time,170528.03529579748
taskid,677,finish_time,170528.34947926374
taskid,599,finish_time,170659.4885211064
taskid,693,start_time,170659.4885211064
taskid,676,finish_time,170739.82398700758
taskid,694,start_time,170739.82398700758
taskid,673,finish_time,170796.3662905127
taskid,695,start_time,170796.3662905127
taskid,666,finish_time,170833.94146012093
taskid,696,start_time,170833.94146012093
taskid,672,finish_time,170835.91949603203
taskid,697,start_time,170835.91949603203
taskid,687,finish_time,170859.85315299427
taskid,682,finish_time,170870.63146280943
taskid,678,finish_time,170886.81435872862
taskid,685,finish_time,170905.93071951778
taskid,668,finish_time,170935.2780594156
taskid,671,finish_time,170957.772666727
taskid,667,finish_time,171006.7893142232
taskid,683,finish_time,171053.1248766126
taskid,698,start_time,171053.1248766126
taskid,680,finish_time,171063.3486073418
taskid,602,finish_time,171063.7217508897
taskid,689,finish_time,171097.89118453092
taskid,679,finish_time,171157.16354556385
taskid,670,finish_time,171164.53060121046
taskid,655,finish_time,171276.41244834792
taskid,684,finish_time,171306.43742061153
taskid,608,finish_time,171451.48035577853
taskid,699,start_time,171451.48035577853
taskid,587,finish_time,171893.6771013038
taskid,700,start_time,171893.6771013038
taskid,701,start_time,171893.6771013038
taskid,702,start_time,171893.6771013038
taskid,686,finish_time,171949.01876244848
taskid,605,finish_time,172015.99278261818
taskid,586,finish_time,172038.4064175574
taskid,703,start_time,172038.4064175574
taskid,704,start_time,172038.4064175574
taskid,705,start_time,172038.4064175574
taskid,606,finish_time,172127.93132324345
taskid,539,finish_time,172193.5959825778
taskid,706,start_time,172193.5959825778
taskid,598,finish_time,172535.02830576457
taskid,604,finish_time,172561.894744941
taskid,601,finish_time,172709.6230362685
taskid,580,finish_time,172716.89494858668
taskid,707,start_time,172716.89494858668
taskid,708,start_time,172716.89494858668
taskid,703,finish_time,172975.31062466482
taskid,709,start_time,172975.31062466482
taskid,701,finish_time,173245.51707774607
taskid,710,start_time,173245.51707774607
taskid,704,finish_time,173281.7252835228
taskid,603,finish_time,173465.86060160073
taskid,709,finish_time,174089.79916874506
taskid,711,start_time,174089.79916874506
taskid,712,start_time,174089.79916874506
taskid,713,start_time,174089.79916874506
taskid,714,start_time,174089.79916874506
taskid,698,finish_time,174309.82342743446
taskid,88,finish_time,174635.75527608817
taskid,715,start_time,174635.75527608817
taskid,712,finish_time,175518.90731652046
taskid,716,start_time,175518.90731652046
taskid,623,finish_time,175628.20787269864
taskid,717,start_time,175628.20787269864
taskid,713,finish_time,175680.17246005312
taskid,718,start_time,175680.17246005312
taskid,710,finish_time,176007.433782561
taskid,719,start_time,176007.433782561
taskid,708,finish_time,176251.734290579
taskid,720,start_time,176251.734290579
taskid,720,finish_time,177078.37436472092
taskid,721,start_time,177078.37436472092
taskid,597,finish_time,177911.64755642388
taskid,722,start_time,177911.64755642388
taskid,723,start_time,177911.64755642388
taskid,724,start_time,177911.64755642388
taskid,725,start_time,177911.64755642388
taskid,726,start_time,177911.64755642388
taskid,727,start_time,177911.64755642388
taskid,728,start_time,177911.64755642388
taskid,729,start_time,177911.64755642388
taskid,721,finish_time,178324.9459203472
taskid,688,finish_time,178853.97060585563
taskid,722,finish_time,178913.61262847207
taskid,724,finish_time,179057.269603622
taskid,705,finish_time,179135.67203167692
taskid,719,finish_time,179222.07613599286
taskid,726,finish_time,179521.7098088327
taskid,725,finish_time,179678.942057704
taskid,730,start_time,179678.942057704
taskid,702,finish_time,180366.87624507849
taskid,622,finish_time,180880.82662164667
taskid,700,finish_time,180950.16910562353
taskid,731,start_time,180950.16910562353
taskid,727,finish_time,181284.75627198673
taskid,699,finish_time,181327.18198851848
taskid,461,finish_time,182525.97038908929
taskid,732,start_time,182525.97038908929
taskid,690,finish_time,182582.84019022004
taskid,695,finish_time,183057.5255357809
taskid,714,finish_time,183075.57874365023
taskid,693,finish_time,183647.54764778886
taskid,733,start_time,183647.54764778886
taskid,692,finish_time,183676.88658869258
taskid,734,start_time,183676.88658869258
taskid,735,start_time,183676.88658869258
taskid,736,start_time,183676.88658869258
taskid,737,start_time,183676.88658869258
taskid,738,start_time,183676.88658869258
taskid,739,start_time,183676.88658869258
taskid,740,start_time,183676.88658869258
taskid,717,finish_time,184627.44789183352
taskid,741,start_time,184627.44789183352
taskid,707,finish_time,185039.26625786882
taskid,742,start_time,185039.26625786882
taskid,743,start_time,185039.26625786882
taskid,735,finish_time,185153.71400783348
taskid,737,finish_time,185224.16627201266
taskid,740,finish_time,185226.0530605809
taskid,302,finish_time,186594.8165954353
taskid,744,start_time,186594.8165954353
taskid,745,start_time,186594.8165954353
taskid,746,start_time,186594.8165954353
taskid,747,start_time,186594.8165954353
taskid,748,start_time,186594.8165954353
taskid,728,finish_time,187017.96245929904
taskid,749,start_time,187017.96245929904
taskid,739,finish_time,187052.31775442793
taskid,750,start_time,187052.31775442793
taskid,538,finish_time,187524.6002028582
taskid,751,start_time,187524.6002028582
taskid,752,start_time,187524.6002028582
taskid,753,start_time,187524.6002028582
taskid,754,start_time,187524.6002028582
taskid,755,start_time,187524.6002028582
taskid,756,start_time,187524.6002028582
taskid,757,start_time,187524.6002028582
taskid,758,start_time,187524.6002028582
taskid,715,finish_time,187935.319281748
taskid,759,start_time,187935.319281748
taskid,760,start_time,187935.319281748
taskid,761,start_time,187935.319281748
taskid,762,start_time,187935.319281748
taskid,763,start_time,187935.319281748
taskid,764,start_time,187935.319281748
taskid,765,start_time,187935.319281748
taskid,746,finish_time,187972.7985467893
taskid,745,finish_time,188078.81199583152
taskid,751,finish_time,188797.8834788736
taskid,753,finish_time,190093.23133472752
taskid,752,finish_time,190173.1407903876
taskid,716,finish_time,190377.84148750635
taskid,750,finish_time,190588.427235548
taskid,749,finish_time,190879.88876423248
taskid,173,finish_time,190880.11098362133
taskid,748,finish_time,191033.47881321682
taskid,470,finish_time,192003.79984658892
taskid,729,finish_time,194017.86983841713
taskid,736,finish_time,195607.77121147126
taskid,759,finish_time,196175.20919275781
taskid,754,finish_time,196372.70759498168
taskid,764,finish_time,197330.46887100374
taskid,756,finish_time,197490.772238002
taskid,738,finish_time,197626.19477179294
taskid,762,finish_time,197806.87877802664
taskid,734,finish_time,197930.67212337328
taskid,766,start_time,197930.67212337328
taskid,760,finish_time,198141.15161911867
taskid,758,finish_time,198719.0188306153
taskid,757,finish_time,198813.4180099458
taskid,469,finish_time,198903.92588817948
taskid,755,finish_time,199173.11651181275
taskid,761,finish_time,199262.33681520438
taskid,763,finish_time,199535.62015822556
taskid,258,finish_time,199696.55426327712
taskid,87,finish_time,201052.0539784205
taskid,767,start_time,201052.0539784205
taskid,765,finish_time,202057.06183379362
taskid,305,finish_time,202507.87027916676
taskid,768,start_time,202507.87027916676
taskid,769,start_time,202507.87027916676
taskid,770,start_time,202507.87027916676
taskid,771,start_time,202507.87027916676
taskid,772,start_time,202507.87027916676
taskid,7,finish_time,202743.52239593994
taskid,594,finish_time,203272.404973609
taskid,773,start_time,203272.404973609
taskid,771,finish_time,203481.5204588441
taskid,774,start_time,203481.5204588441
taskid,742,finish_time,203556.00359494923
taskid,775,start_time,203556.00359494923
taskid,776,start_time,203556.00359494923
taskid,770,finish_time,203912.17055971015
taskid,774,finish_time,204756.8944945621
taskid,775,finish_time,204901.0787043442
taskid,776,finish_time,205018.8717483241
taskid,769,finish_time,205967.06776850458
taskid,76,finish_time,207465.36763149305
taskid,777,start_time,207465.36763149305
taskid,744,finish_time,208933.23053303527
taskid,778,start_time,208933.23053303527
taskid,779,start_time,208933.23053303527
taskid,780,start_time,208933.23053303527
taskid,781,start_time,208933.23053303527
taskid,781,finish_time,210007.5602198145
taskid,780,finish_time,210126.45081396188
taskid,245,finish_time,210364.16124616313
taskid,779,finish_time,211588.66572612317
taskid,4,finish_time,212979.1622434772
taskid,782,start_time,212979.1622434772
taskid,783,start_time,212979.1622434772
taskid,784,start_time,212979.1622434772
taskid,784,finish_time,214121.29282569457
taskid,783,finish_time,214451.79179725065
taskid,768,finish_time,214952.39117299457
taskid,785,start_time,214952.39117299457
taskid,767,finish_time,217280.6604527967
taskid,786,start_time,217280.6604527967
taskid,787,start_time,217280.6604527967
taskid,788,start_time,217280.6604527967
taskid,789,start_time,217280.6604527967
taskid,790,start_time,217280.6604527967
taskid,791,start_time,217280.6604527967
taskid,792,start_time,217280.6604527967
taskid,793,start_time,217280.6604527967
taskid,794,start_time,217280.6604527967
taskid,773,finish_time,218543.3125985696
taskid,795,start_time,218543.3125985696
taskid,796,start_time,218543.3125985696
taskid,797,start_time,218543.3125985696
taskid,791,finish_time,218888.17516208798
taskid,468,finish_time,219512.2615657313
taskid,797,finish_time,219795.49203144765
taskid,777,finish_time,219941.4972684028
taskid,798,start_time,219941.4972684028
taskid,799,start_time,219941.4972684028
taskid,800,start_time,219941.4972684028
taskid,801,start_time,219941.4972684028
taskid,802,start_time,219941.4972684028
taskid,790,finish_time,220091.13287440498
taskid,787,finish_time,220267.48318875584
taskid,788,finish_time,220928.97661581312
taskid,802,finish_time,221065.03281461968
taskid,789,finish_time,221214.34297643628
taskid,799,finish_time,221250.75193235526
taskid,801,finish_time,221334.09191364763
taskid,803,start_time,221334.09191364763
taskid,800,finish_time,221364.51697252566
taskid,747,finish_time,222356.50868100443
taskid,796,finish_time,222391.42457827664
taskid,696,finish_time,222672.09489666254
taskid,778,finish_time,224121.41950599375
taskid,804,start_time,224121.41950599375
taskid,805,start_time,224121.41950599375
taskid,806,start_time,224121.41950599375
taskid,807,start_time,224121.41950599375
taskid,808,start_time,224121.41950599375
taskid,809,start_time,224121.41950599375
taskid,806,finish_time,225012.6592365209
taskid,805,finish_time,225311.58435436364
taskid,810,start_time,225311.58435436364
taskid,808,finish_time,225379.6761642541
taskid,811,start_time,225379.6761642541
taskid,807,finish_time,225390.73034167718
taskid,812,start_time,225390.73034167718
taskid,809,finish_time,225755.78139491662
taskid,813,start_time,225755.78139491662
taskid,792,finish_time,225866.6867861818
taskid,794,finish_time,225895.4592817812
taskid,811,finish_time,226657.74097338543
taskid,812,finish_time,226863.62134641668
taskid,813,finish_time,227007.4255589232
taskid,785,finish_time,228805.64672321
taskid,814,start_time,228805.64672321
taskid,815,start_time,228805.64672321
taskid,816,start_time,228805.64672321
taskid,793,finish_time,228818.30114057605
taskid,817,start_time,228818.30114057605
taskid,786,finish_time,228849.0719146089
taskid,818,start_time,228849.0719146089
taskid,819,start_time,228849.0719146089
taskid,820,start_time,228849.0719146089
taskid,300,finish_time,229057.62552154966
taskid,821,start_time,229057.62552154966
taskid,479,finish_time,229295.49868643054
taskid,822,start_time,229295.49868643054
taskid,823,start_time,229295.49868643054
taskid,824,start_time,229295.49868643054
taskid,825,start_time,229295.49868643054
taskid,826,start_time,229295.49868643054
taskid,827,start_time,229295.49868643054
taskid,828,start_time,229295.49868643054
taskid,694,finish_time,229509.55578135766
taskid,818,finish_time,229879.25021755506
taskid,817,finish_time,229931.5303165052
taskid,816,finish_time,229943.05968548934
taskid,819,finish_time,230006.88205922805
taskid,824,finish_time,230429.9202970989
taskid,829,start_time,230429.9202970989
taskid,830,start_time,230429.9202970989
taskid,831,start_time,230429.9202970989
taskid,825,finish_time,230681.95407864815
taskid,823,finish_time,230702.61309390163
taskid,826,finish_time,230710.07051040189
taskid,827,finish_time,230870.31842496627
taskid,832,start_time,230870.31842496627
taskid,829,finish_time,231370.14830119765
taskid,833,start_time,231370.14830119765
taskid,834,start_time,231370.14830119765
taskid,831,finish_time,231425.30521217096
taskid,830,finish_time,231794.24349916316
taskid,835,start_time,231794.24349916316
taskid,822,finish_time,232389.8291728637
taskid,836,start_time,232389.8291728637
taskid,834,finish_time,232576.33067120714
taskid,711,finish_time,233643.2512593519
taskid,837,start_time,233643.2512593519
taskid,838,start_time,233643.2512593519
taskid,803,finish_time,234360.2546686455
taskid,839,start_time,234360.2546686455
taskid,840,start_time,234360.2546686455
taskid,838,finish_time,234848.0728401924
taskid,841,start_time,234848.0728401924
taskid,839,finish_time,236005.54595478752
taskid,842,start_time,236005.54595478752
taskid,836,finish_time,236167.05539272897
taskid,843,start_time,236167.05539272897
taskid,804,finish_time,236443.36907113632
taskid,844,start_time,236443.36907113632
taskid,845,start_time,236443.36907113632
taskid,844,finish_time,237231.93652446286
taskid,846,start_time,237231.93652446286
taskid,847,start_time,237231.93652446286
taskid,848,start_time,237231.93652446286
taskid,849,start_time,237231.93652446286
taskid,842,finish_time,237583.0091300927
taskid,845,finish_time,237689.34040028564
taskid,843,finish_time,238469.7479101259
taskid,850,start_time,238469.7479101259
taskid,848,finish_time,238770.2577033216
taskid,841,finish_time,238924.27851732573
taskid,851,start_time,238924.27851732573
taskid,840,finish_time,239067.3370540607
taskid,852,start_time,239067.3370540607
taskid,782,finish_time,239233.0734633873
taskid,853,start_time,239233.0734633873
taskid,854,start_time,239233.0734633873
taskid,828,finish_time,239253.27701648264
taskid,833,finish_time,240104.02462583475
taskid,855,start_time,240104.02462583475
taskid,853,finish_time,240838.96878080006
taskid,856,start_time,240838.96878080006
taskid,857,start_time,240838.96878080006
taskid,858,start_time,240838.96878080006
taskid,859,start_time,240838.96878080006
taskid,860,start_time,240838.96878080006
taskid,861,start_time,240838.96878080006
taskid,862,start_time,240838.96878080006
taskid,863,start_time,240838.96878080006
taskid,814,finish_time,240918.70204396505
taskid,864,start_time,240918.70204396505
taskid,865,start_time,240918.70204396505
taskid,866,start_time,240918.70204396505
taskid,867,start_time,240918.70204396505
taskid,868,start_time,240918.70204396505
taskid,869,start_time,240918.70204396505
taskid,870,start_time,240918.70204396505
taskid,871,start_time,240918.70204396505
taskid,872,start_time,240918.70204396505
taskid,873,start_time,240918.70204396505
taskid,874,start_time,240918.70204396505
taskid,875,start_time,240918.70204396505
taskid,876,start_time,240918.70204396505
taskid,877,start_time,240918.70204396505
taskid,878,start_time,240918.70204396505
taskid,879,start_time,240918.70204396505
taskid,852,finish_time,241460.77505233412
taskid,880,start_time,241460.77505233412
taskid,881,start_time,241460.77505233412
taskid,882,start_time,241460.77505233412
taskid,883,start_time,241460.77505233412
taskid,884,start_time,241460.77505233412
taskid,885,start_time,241460.77505233412
taskid,886,start_time,241460.77505233412
taskid,887,start_time,241460.77505233412
taskid,874,finish_time,242840.66804580262
taskid,867,finish_time,242925.14955344656
taskid,875,finish_time,242934.43741472106
taskid,868,finish_time,242964.26683061832
taskid,869,finish_time,242983.9515235466
taskid,858,finish_time,243022.3862009897
taskid,878,finish_time,243095.60139177297
taskid,876,finish_time,243152.09503106237
taskid,888,start_time,243152.09503106237
taskid,873,finish_time,243159.95040113502
taskid,889,start_time,243159.95040113502
taskid,857,finish_time,243202.0566258175
taskid,887,finish_time,243260.52392065123
taskid,865,finish_time,243271.64867442235
taskid,859,finish_time,243329.96185843775
taskid,860,finish_time,243368.61105776305
taskid,861,finish_time,243394.40440242732
taskid,863,finish_time,243421.723637236
taskid,862,finish_time,243463.20433215937
taskid,890,start_time,243463.20433215937
taskid,856,finish_time,243487.0155635482
taskid,870,finish_time,243510.9539612527
taskid,866,finish_time,243516.2980912389
taskid,877,finish_time,243551.4769570671
taskid,772,finish_time,243566.27277951592
taskid,872,finish_time,243572.72752941138
taskid,864,finish_time,243633.6400946636
taskid,886,finish_time,243648.35741150606
taskid,871,finish_time,243667.63574462663
taskid,891,start_time,243667.63574462663
taskid,880,finish_time,243687.79915161582
taskid,884,finish_time,243793.72256930108
taskid,885,finish_time,243806.4300633301
taskid,879,finish_time,243881.1477971396
taskid,882,finish_time,243934.73830470938
taskid,849,finish_time,244027.75316361213
taskid,881,finish_time,244059.59465675644
taskid,883,finish_time,244116.4841148997
taskid,892,start_time,244116.4841148997
taskid,256,finish_time,244786.74655284136
taskid,890,finish_time,244798.46676726767
taskid,893,start_time,244798.46676726767
taskid,837,finish_time,245176.89753370805
taskid,894,start_time,245176.89753370805
taskid,697,finish_time,248015.32295903863
taskid,821,finish_time,248143.215177701
taskid,847,finish_time,251204.008496566
taskid,741,finish_time,252160.07478346562
taskid,895,start_time,252160.07478346562
taskid,896,start_time,252160.07478346562
taskid,731,finish_time,254853.28254117
taskid,897,start_time,254853.28254117
taskid,895,finish_time,256002.88050680398
taskid,898,start_time,256002.88050680398
taskid,899,start_time,256002.88050680398
taskid,820,finish_time,256587.04677080514
taskid,900,start_time,256587.04677080514
taskid,901,start_time,256587.04677080514
taskid,898,finish_time,256759.53016564169
taskid,902,start_time,256759.53016564169
taskid,903,start_time,256759.53016564169
taskid,899,finish_time,256885.16247749713
taskid,904,start_time,256885.16247749713
taskid,905,start_time,256885.16247749713
taskid,906,start_time,256885.16247749713
taskid,907,start_time,256885.16247749713
taskid,908,start_time,256885.16247749713
taskid,909,start_time,256885.16247749713
taskid,910,start_time,256885.16247749713
taskid,911,start_time,256885.16247749713
taskid,901,finish_time,257512.88495875528
taskid,912,start_time,257512.88495875528
taskid,903,finish_time,258389.54203836276
taskid,913,start_time,258389.54203836276
taskid,907,finish_time,258721.33742442535
taskid,914,start_time,258721.33742442535
taskid,904,finish_time,258848.146224797
taskid,915,start_time,258848.146224797
taskid,906,finish_time,259214.0035329166
taskid,916,start_time,259214.0035329166
taskid,905,finish_time,259264.16337138833
taskid,917,start_time,259264.16337138833
taskid,911,finish_time,259404.46911319223
taskid,918,start_time,259404.46911319223
taskid,909,finish_time,259496.74976915098
taskid,919,start_time,259496.74976915098
taskid,910,finish_time,259499.71925489698
taskid,920,start_time,259499.71925489698
taskid,912,finish_time,259539.20372601697
taskid,921,start_time,259539.20372601697
taskid,908,finish_time,259837.47920826258
taskid,922,start_time,259837.47920826258
taskid,913,finish_time,260437.2309478562
taskid,923,start_time,260437.2309478562
taskid,915,finish_time,260861.02538315236
taskid,924,start_time,260861.02538315236
taskid,914,finish_time,261049.56894212175
taskid,925,start_time,261049.56894212175
taskid,918,finish_time,261260.49467361363
taskid,926,start_time,261260.49467361363
taskid,920,finish_time,261335.46544083284
taskid,927,start_time,261335.46544083284
taskid,917,finish_time,261857.50639994023
taskid,928,start_time,261857.50639994023
taskid,922,finish_time,261857.54833309742
taskid,929,start_time,261857.54833309742
taskid,916,finish_time,261873.63340526243
taskid,930,start_time,261873.63340526243
taskid,919,finish_time,262149.4798098222
taskid,931,start_time,262149.4798098222
taskid,921,finish_time,262156.8484737853
taskid,932,start_time,262156.8484737853
taskid,923,finish_time,262912.06680720916
taskid,933,start_time,262912.06680720916
taskid,924,finish_time,263111.26261463366
taskid,934,start_time,263111.26261463366
taskid,855,finish_time,263299.81334272074
taskid,935,start_time,263299.81334272074
taskid,936,start_time,263299.81334272074
taskid,937,start_time,263299.81334272074
taskid,938,start_time,263299.81334272074
taskid,939,start_time,263299.81334272074
taskid,940,start_time,263299.81334272074
taskid,941,start_time,263299.81334272074
taskid,942,start_time,263299.81334272074
taskid,925,finish_time,263422.0189813693
taskid,943,start_time,263422.0189813693
taskid,928,finish_time,263674.0917220563
taskid,944,start_time,263674.0917220563
taskid,927,finish_time,263863.4088793405
taskid,945,start_time,263863.4088793405
taskid,926,finish_time,263887.6929890556
taskid,946,start_time,263887.6929890556
taskid,930,finish_time,263932.80562179984
taskid,947,start_time,263932.80562179984
taskid,730,finish_time,264132.30237932404
taskid,948,start_time,264132.30237932404
taskid,949,start_time,264132.30237932404
taskid,950,start_time,264132.30237932404
taskid,951,start_time,264132.30237932404
taskid,952,start_time,264132.30237932404
taskid,953,start_time,264132.30237932404
taskid,954,start_time,264132.30237932404
taskid,929,finish_time,264441.109153874
taskid,931,finish_time,264657.53903727717
taskid,464,finish_time,264792.54314754385
taskid,932,finish_time,264805.47028043086
taskid,466,finish_time,264912.8740885544
taskid,465,finish_time,264988.1544823742
taskid,955,start_time,264988.1544823742
taskid,934,finish_time,265047.22866419796
taskid,956,start_time,265047.22866419796
taskid,933,finish_time,265053.5183589953
taskid,957,start_time,265053.5183589953
taskid,954,finish_time,265172.403639657
taskid,958,start_time,265172.403639657
taskid,959,start_time,265172.403639657
taskid,960,start_time,265172.403639657
taskid,961,start_time,265172.403639657
taskid,962,start_time,265172.403639657
taskid,963,start_time,265172.403639657
taskid,964,start_time,265172.403639657
taskid,965,start_time,265172.403639657
taskid,942,finish_time,265242.7574719349
taskid,938,finish_time,265385.5306791718
taskid,940,finish_time,265676.62361892
taskid,937,finish_time,265751.5622211073
taskid,935,finish_time,265855.72282051435
taskid,945,finish_time,265874.00295313005
taskid,939,finish_time,265940.87800582696
taskid,947,finish_time,265944.62978102796
taskid,966,start_time,265944.62978102796
taskid,941,finish_time,265979.2816942296
taskid,967,start_time,265979.2816942296
taskid,943,finish_time,266000.8493853337
taskid,950,finish_time,266013.87326700723
taskid,936,finish_time,266049.4315095659
taskid,948,finish_time,266176.9860279274
taskid,946,finish_time,266307.6699651527
taskid,944,finish_time,266326.53875905
taskid,949,finish_time,266372.13453204074
taskid,951,finish_time,266653.26629374054
taskid,952,finish_time,266898.32203756605
taskid,965,finish_time,267030.12210292584
taskid,953,finish_time,267045.8063661755
taskid,967,finish_time,267100.17938191595
taskid,743,finish_time,270480.7120785333
taskid,832,finish_time,272141.59926589276
taskid,958,finish_time,272720.1453245974
taskid,959,finish_time,273366.84158400825
taskid,960,finish_time,275922.0200036765
taskid,957,finish_time,276599.34875091724
taskid,968,start_time,276599.34875091724
taskid,966,finish_time,277328.1016370811
taskid,962,finish_time,278448.86393396725
taskid,963,finish_time,278519.99675118265
taskid,961,finish_time,279586.90631439345
taskid,964,finish_time,279879.61733835883
taskid,732,finish_time,281390.7665191133
taskid,969,start_time,281390.7665191133
taskid,894,finish_time,282280.2834834873
taskid,970,start_time,282280.2834834873
taskid,971,start_time,282280.2834834873
taskid,972,start_time,282280.2834834873
taskid,973,start_time,282280.2834834873
taskid,974,start_time,282280.2834834873
taskid,968,finish_time,282443.7762841001
taskid,975,start_time,282443.7762841001
taskid,976,start_time,282443.7762841001
taskid,977,start_time,282443.7762841001
taskid,971,finish_time,283937.67705613794
taskid,978,start_time,283937.67705613794
taskid,969,finish_time,283996.31890342594
taskid,979,start_time,283996.31890342594
taskid,980,start_time,283996.31890342594
taskid,981,start_time,283996.31890342594
taskid,982,start_time,283996.31890342594
taskid,983,start_time,283996.31890342594
taskid,972,finish_time,284082.13024998887
taskid,976,finish_time,284132.79133146635
taskid,973,finish_time,284294.84683902457
taskid,846,finish_time,284611.51872741233
taskid,984,start_time,284611.51872741233
taskid,985,start_time,284611.51872741233
taskid,975,finish_time,284759.8743770175
taskid,986,start_time,284759.8743770175
taskid,987,start_time,284759.8743770175
taskid,988,start_time,284759.8743770175
taskid,989,start_time,284759.8743770175
taskid,982,finish_time,284781.81387092476
taskid,979,finish_time,285675.2170955817
taskid,988,finish_time,286331.3439061175
taskid,987,finish_time,286662.6262382845
taskid,974,finish_time,286958.74710240855
taskid,986,finish_time,286996.8718264883
taskid,990,start_time,286996.8718264883
taskid,991,start_time,286996.8718264883
taskid,985,finish_time,287004.3241497426
taskid,989,finish_time,287059.35895252705
taskid,990,finish_time,287869.6452157359
taskid,992,start_time,287869.6452157359
taskid,956,finish_time,288051.981881554
taskid,810,finish_time,288612.0379791001
taskid,993,start_time,288612.0379791001
taskid,733,finish_time,289068.91739944596
taskid,994,start_time,289068.91739944596
taskid,995,start_time,289068.91739944596
taskid,992,finish_time,289107.96312848665
taskid,996,start_time,289107.96312848665
taskid,997,start_time,289107.96312848665
taskid,998,start_time,289107.96312848665
taskid,999,start_time,289107.96312848665
taskid,897,finish_time,289778.94999863935
taskid,978,finish_time,289851.47733611456
taskid,993,finish_time,289855.21216734167
taskid,994,finish_time,290620.83740079036
taskid,998,finish_time,292762.26812256593
taskid,981,finish_time,293027.44622411346
taskid,999,finish_time,293222.6604590947
taskid,997,finish_time,293515.01130321214
taskid,902,finish_time,293796.2882681861
taskid,980,finish_time,294937.58532905974
taskid,995,finish_time,296875.91540614277
taskid,0,finish_time,297259.68261303083
taskid,996,finish_time,297499.00269047567
taskid,955,finish_time,303876.7200552309
taskid,516,finish_time,305640.9306075811
taskid,554,finish_time,310034.38628978643
taskid,517,finish_time,311767.0406202729
taskid,850,finish_time,313296.1440113433
taskid,835,finish_time,319208.44504091697
taskid,515,finish_time,319581.5866862476
taskid,718,finish_time,320790.1012380568
taskid,556,finish_time,327122.31511670124
taskid,798,finish_time,335590.6819424008
taskid,795,finish_time,339826.6196091042
taskid,983,finish_time,343259.9929177781
taskid,888,finish_time,344390.538505973
taskid,892,finish_time,349730.73725583917
taskid,891,finish_time,353045.24960054987
taskid,706,finish_time,354694.1864508615
taskid,691,finish_time,360618.17869658454
taskid,766,finish_time,370346.5985220166
taskid,970,finish_time,371278.9400166386
taskid,991,finish_time,372501.7631899565
taskid,851,finish_time,372973.83970428386
taskid,977,finish_time,381556.0134189722
taskid,893,finish_time,388427.39152824366
taskid,57,finish_time,394290.97451323835
taskid,896,finish_time,398552.02476585156
taskid,984,finish_time,413882.699964782
taskid,181,finish_time,425049.6081172098
taskid,900,finish_time,430753.66939513857
taskid,96,finish_time,447240.5311145801
taskid,214,finish_time,467157.10945425666
taskid,854,finish_time,473205.8748180271
taskid,815,finish_time,479500.45601576904
taskid,248,finish_time,500816.90200232377
taskid,154,finish_time,632189.9608375953
taskid,889,finish_time,658240.8501168923
taskid,417,finish_time,660833.687905835
taskid,215,finish_time,668505.0540189306
taskid,254,finish_time,669139.2244918455
taskid,246,finish_time,669353.8710452253
taskid,345,finish_time,720044.5422284743
taskid,421,finish_time,746733.9528947567
taskid,723,finish_time,791094.2777608753
