task_id,0,arriving_time,312.6753838073729
task_id,1,arriving_time,504.4063584134274
task_id,2,arriving_time,891.9003833612207
task_id,3,arriving_time,955.3399855486797
task_id,4,arriving_time,1306.4491291121385
task_id,5,arriving_time,1381.1194772742867
task_id,6,arriving_time,1569.5975049433534
task_id,7,arriving_time,2123.408055796179
task_id,8,arriving_time,2335.7787518247274
task_id,9,arriving_time,2575.603702602904
task_id,10,arriving_time,3238.2692915024854
task_id,11,arriving_time,3499.8727203590583
task_id,12,arriving_time,3645.847433044039
task_id,13,arriving_time,4218.348117795197
task_id,14,arriving_time,4332.210841710112
task_id,15,arriving_time,4445.166057342225
task_id,16,arriving_time,4479.8201088470105
task_id,17,arriving_time,4979.038144492977
task_id,18,arriving_time,5117.778293093103
task_id,19,arriving_time,5292.300336161422
task_id,20,arriving_time,5562.957625471429
task_id,21,arriving_time,5616.053501307438
task_id,22,arriving_time,5633.86333004471
task_id,23,arriving_time,5635.313235402235
task_id,24,arriving_time,5671.324224097926
task_id,25,arriving_time,5721.981911965298
task_id,26,arriving_time,5829.161889234402
task_id,27,arriving_time,6100.784106463395
task_id,28,arriving_time,6312.587847396709
task_id,29,arriving_time,6325.8910939965435
task_id,30,arriving_time,6605.459669009156
task_id,31,arriving_time,6715.7784268408095
task_id,32,arriving_time,6783.111954089094
task_id,33,arriving_time,6797.268131583483
task_id,34,arriving_time,6887.87661541528
task_id,35,arriving_time,7005.64111156472
task_id,36,arriving_time,8118.231132386698
task_id,37,arriving_time,8120.302054967051
task_id,38,arriving_time,8336.975024406682
task_id,39,arriving_time,8562.0480394928
task_id,40,arriving_time,8563.541263580591
task_id,41,arriving_time,8624.501175352749
task_id,42,arriving_time,8660.812022731394
task_id,43,arriving_time,8707.808890214608
task_id,44,arriving_time,9489.640187314742
task_id,45,arriving_time,9577.003745283362
task_id,46,arriving_time,9965.322177359332
task_id,47,arriving_time,10274.973679586716
task_id,48,arriving_time,10321.95109090893
task_id,49,arriving_time,10726.577486091239
task_id,50,arriving_time,10957.845796340724
task_id,51,arriving_time,11659.307069551374
task_id,52,arriving_time,11862.944125591823
task_id,53,arriving_time,12197.121702276183
task_id,54,arriving_time,12268.359682214686
task_id,55,arriving_time,12504.81460105641
task_id,56,arriving_time,12811.896008630873
task_id,57,arriving_time,12863.610825846126
task_id,58,arriving_time,12925.972474524471
task_id,59,arriving_time,12957.903736706017
task_id,60,arriving_time,13364.932459763153
task_id,61,arriving_time,13420.599206242045
task_id,62,arriving_time,13649.355106186482
task_id,63,arriving_time,13725.188211756646
task_id,64,arriving_time,14254.794956341464
task_id,65,arriving_time,14348.53485204113
task_id,66,arriving_time,14582.938868147832
task_id,67,arriving_time,14691.785043802221
task_id,68,arriving_time,14863.586119890742
task_id,69,arriving_time,15413.735627875902
task_id,70,arriving_time,15868.079622845911
task_id,71,arriving_time,15891.169713217692
task_id,72,arriving_time,15944.435933369557
task_id,73,arriving_time,15964.474118773049
task_id,74,arriving_time,16153.590499032605
task_id,75,arriving_time,16533.511791732188
task_id,76,arriving_time,17108.88984614629
task_id,77,arriving_time,17582.394250282734
task_id,78,arriving_time,17643.879973532272
task_id,79,arriving_time,17836.065993476575
task_id,80,arriving_time,18141.56821018346
task_id,81,arriving_time,18232.767452238946
task_id,82,arriving_time,18295.14826552089
task_id,83,arriving_time,19068.68619396445
task_id,84,arriving_time,20495.21745390845
task_id,85,arriving_time,20610.817197329165
task_id,86,arriving_time,20817.9372462624
task_id,87,arriving_time,20898.452158019194
task_id,88,arriving_time,21439.438328147062
task_id,89,arriving_time,22231.36653831758
task_id,90,arriving_time,22407.259633420683
task_id,91,arriving_time,22426.77320872622
task_id,92,arriving_time,22615.46693520197
task_id,93,arriving_time,22991.918837432135
task_id,94,arriving_time,23441.50206707941
task_id,95,arriving_time,23939.495211013284
task_id,96,arriving_time,23982.504491032163
task_id,97,arriving_time,24052.208821417884
task_id,98,arriving_time,24422.13773827148
task_id,99,arriving_time,24443.668475803814
task_id,100,arriving_time,24776.041586379804
task_id,101,arriving_time,24822.034561483597
task_id,102,arriving_time,25394.387283956916
task_id,103,arriving_time,26656.095759016003
task_id,104,arriving_time,26849.12109701274
task_id,105,arriving_time,27014.99543821869
task_id,106,arriving_time,27071.983787829075
task_id,107,arriving_time,27648.164622906337
task_id,108,arriving_time,27848.796679796742
task_id,109,arriving_time,27884.332291618728
task_id,110,arriving_time,27919.83785392006
task_id,111,arriving_time,27994.79588650729
task_id,112,arriving_time,28041.297061722184
task_id,113,arriving_time,28237.83688364425
task_id,114,arriving_time,28559.55530067382
task_id,115,arriving_time,29072.039744903217
task_id,116,arriving_time,29437.86822204065
task_id,117,arriving_time,29849.699953578263
task_id,118,arriving_time,29866.914343111428
task_id,119,arriving_time,30705.29698701892
task_id,120,arriving_time,30721.807583039637
task_id,121,arriving_time,30785.038307043906
task_id,122,arriving_time,30855.495502313628
task_id,123,arriving_time,31346.3690309453
task_id,124,arriving_time,31619.01032037064
task_id,125,arriving_time,31627.23066360908
task_id,126,arriving_time,31638.357518378212
task_id,127,arriving_time,31685.020157737334
task_id,128,arriving_time,31750.273373669857
task_id,129,arriving_time,32532.29337928603
task_id,130,arriving_time,32880.32593776644
task_id,131,arriving_time,32945.347830090104
task_id,132,arriving_time,32980.73571131815
task_id,133,arriving_time,33407.72652034674
task_id,134,arriving_time,33448.89452124282
task_id,135,arriving_time,34124.969889900996
task_id,136,arriving_time,34197.75079740549
task_id,137,arriving_time,34296.40242972777
task_id,138,arriving_time,34844.15428477594
task_id,139,arriving_time,35115.79555080452
task_id,140,arriving_time,35154.68253429084
task_id,141,arriving_time,35313.59495183665
task_id,142,arriving_time,35638.49500806493
task_id,143,arriving_time,35816.11507656605
task_id,144,arriving_time,35948.579999654445
task_id,145,arriving_time,36007.702437984546
task_id,146,arriving_time,36365.65757750476
task_id,147,arriving_time,36660.66365901915
task_id,148,arriving_time,37715.18702849937
task_id,149,arriving_time,37947.864213831956
task_id,150,arriving_time,37993.988253139
task_id,151,arriving_time,38199.75684332059
task_id,152,arriving_time,38404.57768438706
task_id,153,arriving_time,38441.10695293383
task_id,154,arriving_time,38554.1860915174
task_id,155,arriving_time,39009.811264109725
task_id,156,arriving_time,39098.43564740793
task_id,157,arriving_time,39594.3628927897
task_id,158,arriving_time,39710.596380763105
task_id,159,arriving_time,40071.83586435079
task_id,160,arriving_time,40102.25753645269
task_id,161,arriving_time,40346.197239042776
task_id,162,arriving_time,40443.500543212656
task_id,163,arriving_time,40541.7158165352
task_id,164,arriving_time,41020.637446810586
task_id,165,arriving_time,41345.62234721416
task_id,166,arriving_time,41407.20419979202
task_id,167,arriving_time,41433.331305678614
task_id,168,arriving_time,41542.25084312763
task_id,169,arriving_time,41807.678151142034
task_id,170,arriving_time,42275.654870067265
task_id,171,arriving_time,42434.61550300978
task_id,172,arriving_time,43205.2026753156
task_id,173,arriving_time,43241.34362330325
task_id,174,arriving_time,43358.698749059695
task_id,175,arriving_time,43590.20473777355
task_id,176,arriving_time,43733.99171227161
task_id,177,arriving_time,44702.86094770019
task_id,178,arriving_time,44776.01032767401
task_id,179,arriving_time,45233.59074735444
task_id,180,arriving_time,45321.552148963005
task_id,181,arriving_time,45414.055252977945
task_id,182,arriving_time,45787.747060553105
task_id,183,arriving_time,45908.27694413057
task_id,184,arriving_time,46056.771485283105
task_id,185,arriving_time,46410.38720973425
task_id,186,arriving_time,46436.524555863456
task_id,187,arriving_time,46593.5449698552
task_id,188,arriving_time,46823.18929229285
task_id,189,arriving_time,47132.12955721927
task_id,190,arriving_time,47182.05077383282
task_id,191,arriving_time,47702.8944612985
task_id,192,arriving_time,47755.09411298287
task_id,193,arriving_time,47793.28837941238
task_id,194,arriving_time,48008.50635463374
task_id,195,arriving_time,48524.308231751165
task_id,196,arriving_time,48527.83400904093
task_id,197,arriving_time,48656.01746462864
task_id,198,arriving_time,48770.396698339726
task_id,199,arriving_time,49377.06302988867
task_id,200,arriving_time,49531.8799855491
task_id,201,arriving_time,49594.06260932399
task_id,202,arriving_time,49875.76438635509
task_id,203,arriving_time,50278.31883076701
task_id,204,arriving_time,50890.318716404305
task_id,205,arriving_time,51580.70594120767
task_id,206,arriving_time,51886.809036832296
task_id,207,arriving_time,51891.93593628045
task_id,208,arriving_time,52346.54205856718
task_id,209,arriving_time,52722.73315871481
task_id,210,arriving_time,52778.49346306661
task_id,211,arriving_time,52948.97938399632
task_id,212,arriving_time,53485.61360427071
task_id,213,arriving_time,53608.52531854767
task_id,214,arriving_time,53613.15258810367
task_id,215,arriving_time,53901.752566307936
task_id,216,arriving_time,54080.77681173508
task_id,217,arriving_time,54135.672761557966
task_id,218,arriving_time,55137.261856713274
task_id,219,arriving_time,55145.90092612985
task_id,220,arriving_time,55285.52719065487
task_id,221,arriving_time,55656.36436079655
task_id,222,arriving_time,56171.30819668319
task_id,223,arriving_time,56860.83528150257
task_id,224,arriving_time,57475.00381773425
task_id,225,arriving_time,58000.201840990536
task_id,226,arriving_time,58660.13436181216
task_id,227,arriving_time,59053.66649879251
task_id,228,arriving_time,59341.925458620615
task_id,229,arriving_time,59700.84164653182
task_id,230,arriving_time,59856.744449315556
task_id,231,arriving_time,59998.259435302156
task_id,232,arriving_time,60257.41665829223
task_id,233,arriving_time,60261.84785117973
task_id,234,arriving_time,60386.181932975225
task_id,235,arriving_time,60641.07150009586
task_id,236,arriving_time,60751.24073769642
task_id,237,arriving_time,61088.8155106781
task_id,238,arriving_time,61105.50952288412
task_id,239,arriving_time,61182.55268053482
task_id,240,arriving_time,61656.38579849136
task_id,241,arriving_time,61690.18748688267
task_id,242,arriving_time,62058.99922288723
task_id,243,arriving_time,62171.62587889872
task_id,244,arriving_time,62442.229785550655
task_id,245,arriving_time,62504.32048002942
task_id,246,arriving_time,62532.60175347329
task_id,247,arriving_time,62728.322659947975
task_id,248,arriving_time,62761.24662371467
task_id,249,arriving_time,62792.417674382494
task_id,250,arriving_time,63043.32176577143
task_id,251,arriving_time,63194.03360890881
task_id,252,arriving_time,64154.23751587391
task_id,253,arriving_time,64182.047751459155
task_id,254,arriving_time,64217.33495662027
task_id,255,arriving_time,64220.36317822229
task_id,256,arriving_time,64366.15129518607
task_id,257,arriving_time,64402.380360139396
task_id,258,arriving_time,64484.1795271481
task_id,259,arriving_time,64663.672339103476
task_id,260,arriving_time,64687.566326080705
task_id,261,arriving_time,64902.70528288872
task_id,262,arriving_time,65032.13156897678
task_id,263,arriving_time,65298.51298615657
task_id,264,arriving_time,65493.696519171695
task_id,265,arriving_time,65566.45970563787
task_id,266,arriving_time,66121.90157037386
task_id,267,arriving_time,66136.83250939447
task_id,268,arriving_time,66156.99430366367
task_id,269,arriving_time,66204.61015011286
task_id,270,arriving_time,66293.42706669371
task_id,271,arriving_time,66329.37842084114
task_id,272,arriving_time,66388.68645749445
task_id,273,arriving_time,66430.63643522514
task_id,274,arriving_time,67065.2153539051
task_id,275,arriving_time,67384.86115366637
task_id,276,arriving_time,67498.43505602442
task_id,277,arriving_time,68586.0026603257
task_id,278,arriving_time,69574.05735929184
task_id,279,arriving_time,69805.39329274357
task_id,280,arriving_time,70214.3011759097
task_id,281,arriving_time,70250.37209469917
task_id,282,arriving_time,70376.93931274171
task_id,283,arriving_time,70842.62004461604
task_id,284,arriving_time,70843.06023754227
task_id,285,arriving_time,70860.63256399399
task_id,286,arriving_time,70989.63985365895
task_id,287,arriving_time,71089.05757624967
task_id,288,arriving_time,71125.89372279731
task_id,289,arriving_time,71420.61026419299
task_id,290,arriving_time,71450.10292895742
task_id,291,arriving_time,72045.40928115135
task_id,292,arriving_time,72059.1294577777
task_id,293,arriving_time,72343.04368821204
task_id,294,arriving_time,72971.5101048379
task_id,295,arriving_time,73063.06618712745
task_id,296,arriving_time,73185.59230533024
task_id,297,arriving_time,73192.21351487383
task_id,298,arriving_time,73228.44892703832
task_id,299,arriving_time,73642.67313957462
task_id,300,arriving_time,73666.52683680109
task_id,301,arriving_time,73762.6556015476
task_id,302,arriving_time,73789.74283228297
task_id,303,arriving_time,74110.37527073498
task_id,304,arriving_time,74213.64695900859
task_id,305,arriving_time,74412.86084468708
task_id,306,arriving_time,74622.53125699502
task_id,307,arriving_time,74676.4757196268
task_id,308,arriving_time,74703.2626802206
task_id,309,arriving_time,75070.10982736178
task_id,310,arriving_time,75101.2089615211
task_id,311,arriving_time,75354.48650486565
task_id,312,arriving_time,75884.45249269501
task_id,313,arriving_time,76117.35492445092
task_id,314,arriving_time,76310.73335076339
task_id,315,arriving_time,76376.2990058799
task_id,316,arriving_time,76728.08213023904
task_id,317,arriving_time,76943.77823406251
task_id,318,arriving_time,77053.86207096087
task_id,319,arriving_time,77171.8300154837
task_id,320,arriving_time,77584.68958059694
task_id,321,arriving_time,77590.92311965753
task_id,322,arriving_time,77820.40193083166
task_id,323,arriving_time,77894.8558796751
task_id,324,arriving_time,78246.49594965053
task_id,325,arriving_time,78564.74613641044
task_id,326,arriving_time,78714.92825441575
task_id,327,arriving_time,78864.83920809317
task_id,328,arriving_time,78871.01415683661
task_id,329,arriving_time,78901.30057376194
task_id,330,arriving_time,78911.25489906603
task_id,331,arriving_time,79608.9387320428
task_id,332,arriving_time,79807.83971567982
task_id,333,arriving_time,80104.46043087383
task_id,334,arriving_time,80340.6857139154
task_id,335,arriving_time,80567.28540621673
task_id,336,arriving_time,80788.91766101986
task_id,337,arriving_time,81004.0464631166
task_id,338,arriving_time,81100.6246025554
task_id,339,arriving_time,81201.92890520829
task_id,340,arriving_time,81281.95066260148
task_id,341,arriving_time,81541.5805075615
task_id,342,arriving_time,81550.39050623371
task_id,343,arriving_time,81585.64361178763
task_id,344,arriving_time,81856.92621251984
task_id,345,arriving_time,81931.47191906974
task_id,346,arriving_time,82222.04784169563
task_id,347,arriving_time,82540.22564452297
task_id,348,arriving_time,82769.18251709371
task_id,349,arriving_time,82781.12308049893
task_id,350,arriving_time,82880.70790567264
task_id,351,arriving_time,82957.43391031538
task_id,352,arriving_time,83481.08234612866
task_id,353,arriving_time,83997.40861276683
task_id,354,arriving_time,84186.8144437096
task_id,355,arriving_time,84266.23873817563
task_id,356,arriving_time,84667.42123049567
task_id,357,arriving_time,84928.16039455023
task_id,358,arriving_time,85027.53594188618
task_id,359,arriving_time,85279.41100573944
task_id,360,arriving_time,85438.11932485292
task_id,361,arriving_time,85703.67865917509
task_id,362,arriving_time,85865.05203379017
task_id,363,arriving_time,85935.44678484285
task_id,364,arriving_time,86223.83322465338
task_id,365,arriving_time,86943.70695402121
task_id,366,arriving_time,87264.12748217737
task_id,367,arriving_time,87336.91807914853
task_id,368,arriving_time,87365.92922641085
task_id,369,arriving_time,87446.79309054092
task_id,370,arriving_time,87587.71570767465
task_id,371,arriving_time,87679.01481446983
task_id,372,arriving_time,87951.05435611252
task_id,373,arriving_time,87956.11123317425
task_id,374,arriving_time,87977.32448070573
task_id,375,arriving_time,88437.59055109028
task_id,376,arriving_time,88757.21460920435
task_id,377,arriving_time,89134.06877949061
task_id,378,arriving_time,89216.90376969585
task_id,379,arriving_time,89311.30412955408
task_id,380,arriving_time,90663.27052513463
task_id,381,arriving_time,90692.46677727991
task_id,382,arriving_time,90885.72292095647
task_id,383,arriving_time,91084.0747586795
task_id,384,arriving_time,91151.69563007315
task_id,385,arriving_time,91195.3519055498
task_id,386,arriving_time,91275.8693914551
task_id,387,arriving_time,91311.23002140052
task_id,388,arriving_time,91531.85254152726
task_id,389,arriving_time,91708.37389092387
task_id,390,arriving_time,91921.967415478
task_id,391,arriving_time,92117.01648441987
task_id,392,arriving_time,92625.56147043561
task_id,393,arriving_time,92657.12309372771
task_id,394,arriving_time,93078.11277065813
task_id,395,arriving_time,93151.5557331228
task_id,396,arriving_time,93695.63267938641
task_id,397,arriving_time,93806.65987061051
task_id,398,arriving_time,93949.42373586485
task_id,399,arriving_time,93981.57810839885
task_id,400,arriving_time,94230.26638634855
task_id,401,arriving_time,94526.50241917705
task_id,402,arriving_time,94600.73342475986
task_id,403,arriving_time,94766.02344186156
task_id,404,arriving_time,95093.60409811817
task_id,405,arriving_time,95207.59194988254
task_id,406,arriving_time,95211.08173785079
task_id,407,arriving_time,95298.0269235132
task_id,408,arriving_time,95384.58787980779
task_id,409,arriving_time,95474.20187957672
task_id,410,arriving_time,95557.30961781241
task_id,411,arriving_time,95584.65970116605
task_id,412,arriving_time,95764.09605440653
task_id,413,arriving_time,96832.42199279224
task_id,414,arriving_time,97022.52426325668
task_id,415,arriving_time,97184.56440927507
task_id,416,arriving_time,97216.66060951208
task_id,417,arriving_time,97909.50106954885
task_id,418,arriving_time,97987.76876208784
task_id,419,arriving_time,98141.19787363449
task_id,420,arriving_time,98319.2860983378
task_id,421,arriving_time,98398.09794314246
task_id,422,arriving_time,98671.661014468
task_id,423,arriving_time,98894.35475672728
task_id,424,arriving_time,98963.12856466927
task_id,425,arriving_time,99062.66634652948
task_id,426,arriving_time,99241.83457052178
task_id,427,arriving_time,99715.71986897787
task_id,428,arriving_time,100259.52687456615
task_id,429,arriving_time,100308.23976244206
task_id,430,arriving_time,100398.81422343754
task_id,431,arriving_time,100614.3978852224
task_id,432,arriving_time,100828.25960521234
task_id,433,arriving_time,101262.29688811999
task_id,434,arriving_time,101273.14117635872
task_id,435,arriving_time,101275.73287757611
task_id,436,arriving_time,101305.46918742343
task_id,437,arriving_time,101673.46831585385
task_id,438,arriving_time,102217.3204841714
task_id,439,arriving_time,102485.52501248154
task_id,440,arriving_time,102899.3453451977
task_id,441,arriving_time,102945.638443382
task_id,442,arriving_time,103134.63467833512
task_id,443,arriving_time,103865.10906710362
task_id,444,arriving_time,103937.00462648594
task_id,445,arriving_time,104182.65605253493
task_id,446,arriving_time,104283.69860430935
task_id,447,arriving_time,104540.2834697323
task_id,448,arriving_time,104776.61298149738
task_id,449,arriving_time,105217.06152040185
task_id,450,arriving_time,105594.43777826738
task_id,451,arriving_time,105772.18708357871
task_id,452,arriving_time,105824.93103468171
task_id,453,arriving_time,105953.56396166394
task_id,454,arriving_time,106586.73614763212
task_id,455,arriving_time,107002.30168485138
task_id,456,arriving_time,107794.34140793284
task_id,457,arriving_time,107898.7426929102
task_id,458,arriving_time,107919.13357722815
task_id,459,arriving_time,108507.78767893954
task_id,460,arriving_time,108643.58031241484
task_id,461,arriving_time,108680.52871077912
task_id,462,arriving_time,108689.39501283625
task_id,463,arriving_time,108998.70592817289
task_id,464,arriving_time,109186.91727689763
task_id,465,arriving_time,109482.59561658186
task_id,466,arriving_time,109813.66975117577
task_id,467,arriving_time,109904.8382302166
task_id,468,arriving_time,110019.05532981774
task_id,469,arriving_time,110090.606563712
task_id,470,arriving_time,110378.49093894465
task_id,471,arriving_time,110561.4139369083
task_id,472,arriving_time,111345.4270165764
task_id,473,arriving_time,111896.81316617766
task_id,474,arriving_time,112143.18214537356
task_id,475,arriving_time,113579.67305593078
task_id,476,arriving_time,113722.66069619509
task_id,477,arriving_time,113757.95882226333
task_id,478,arriving_time,113824.27880928168
task_id,479,arriving_time,113957.2062180836
task_id,480,arriving_time,114035.63165476319
task_id,481,arriving_time,114399.91752914104
task_id,482,arriving_time,114588.65981317707
task_id,483,arriving_time,114853.2776017036
task_id,484,arriving_time,114925.64710300208
task_id,485,arriving_time,115536.52011400223
task_id,486,arriving_time,115725.6040327668
task_id,487,arriving_time,115796.26268251697
task_id,488,arriving_time,116297.6838554102
task_id,489,arriving_time,116395.43104435714
task_id,490,arriving_time,116463.3333318822
task_id,491,arriving_time,116475.44044457443
task_id,492,arriving_time,116598.485686566
task_id,493,arriving_time,116731.45520231884
task_id,494,arriving_time,116874.5456047422
task_id,495,arriving_time,116944.95536496895
task_id,496,arriving_time,117091.26673884073
task_id,497,arriving_time,117235.56722747568
task_id,498,arriving_time,117391.08479323916
task_id,499,arriving_time,117462.69742661524
task_id,500,arriving_time,117573.89582462017
task_id,501,arriving_time,117625.07019309724
task_id,502,arriving_time,117648.15778814827
task_id,503,arriving_time,117682.38496655971
task_id,504,arriving_time,118094.10196983498
task_id,505,arriving_time,118164.84532872691
task_id,506,arriving_time,118221.56316046466
task_id,507,arriving_time,118505.17698869586
task_id,508,arriving_time,119342.30231790707
task_id,509,arriving_time,119476.78076606277
task_id,510,arriving_time,119730.66534664696
task_id,511,arriving_time,119862.87111470252
task_id,512,arriving_time,119987.42944866403
task_id,513,arriving_time,120076.12465817615
task_id,514,arriving_time,120167.30645305193
task_id,515,arriving_time,120265.15074474493
task_id,516,arriving_time,120328.45512934744
task_id,517,arriving_time,121273.76209692105
task_id,518,arriving_time,121473.36827213745
task_id,519,arriving_time,121886.73980237107
task_id,520,arriving_time,122279.66414948445
task_id,521,arriving_time,122396.24443494667
task_id,522,arriving_time,122418.20783725397
task_id,523,arriving_time,122613.1691354215
task_id,524,arriving_time,123900.52616178822
task_id,525,arriving_time,123934.13355916343
task_id,526,arriving_time,125326.87004742859
task_id,527,arriving_time,125577.43221958366
task_id,528,arriving_time,125785.53449686061
task_id,529,arriving_time,126155.52003317907
task_id,530,arriving_time,126397.49790341292
task_id,531,arriving_time,126515.48150805903
task_id,532,arriving_time,126964.3898146871
task_id,533,arriving_time,126976.05906931573
task_id,534,arriving_time,127635.77966964152
task_id,535,arriving_time,127833.06508763801
task_id,536,arriving_time,127969.21027508639
task_id,537,arriving_time,128281.42969946026
task_id,538,arriving_time,128369.15446992498
task_id,539,arriving_time,128382.36679688607
task_id,540,arriving_time,128452.81228580767
task_id,541,arriving_time,128484.20477606608
task_id,542,arriving_time,129027.65193863532
task_id,543,arriving_time,129113.63046027534
task_id,544,arriving_time,129196.36119228903
task_id,545,arriving_time,129274.99178488392
task_id,546,arriving_time,129378.25800832371
task_id,547,arriving_time,129692.13892557957
task_id,548,arriving_time,130164.15825020782
task_id,549,arriving_time,130193.4738023907
task_id,550,arriving_time,130307.98996393345
task_id,551,arriving_time,130959.80767861923
task_id,552,arriving_time,130986.23619204405
task_id,553,arriving_time,131353.35601120628
task_id,554,arriving_time,131402.10486694472
task_id,555,arriving_time,131670.38176617792
task_id,556,arriving_time,131708.29531764064
task_id,557,arriving_time,132030.9916007301
task_id,558,arriving_time,132107.80193096344
task_id,559,arriving_time,133001.07455806155
task_id,560,arriving_time,133057.48286422773
task_id,561,arriving_time,133121.75405567326
task_id,562,arriving_time,133633.1897532651
task_id,563,arriving_time,133804.6616873651
task_id,564,arriving_time,134068.43510024622
task_id,565,arriving_time,134104.87614857368
task_id,566,arriving_time,134134.3322044938
task_id,567,arriving_time,134893.24015894666
task_id,568,arriving_time,135074.41007264602
task_id,569,arriving_time,135477.17043727086
task_id,570,arriving_time,135733.29842019008
task_id,571,arriving_time,135832.86045749363
task_id,572,arriving_time,136435.5654260543
task_id,573,arriving_time,136604.0478853521
task_id,574,arriving_time,136825.60043657786
task_id,575,arriving_time,137133.54847622523
task_id,576,arriving_time,137545.5816346195
task_id,577,arriving_time,137755.2508613068
task_id,578,arriving_time,137916.76008245087
task_id,579,arriving_time,138031.88605950534
task_id,580,arriving_time,138190.125862383
task_id,581,arriving_time,138214.060543562
task_id,582,arriving_time,138324.9449212821
task_id,583,arriving_time,138326.2419767485
task_id,584,arriving_time,138695.95071192813
task_id,585,arriving_time,139280.97106439417
task_id,586,arriving_time,139451.60827688748
task_id,587,arriving_time,139612.41155727714
task_id,588,arriving_time,139909.47763710102
task_id,589,arriving_time,139909.55196333377
task_id,590,arriving_time,139996.48618839626
task_id,591,arriving_time,140016.47240651926
task_id,592,arriving_time,140060.5819529649
task_id,593,arriving_time,140137.28355499136
task_id,594,arriving_time,140234.70672588586
task_id,595,arriving_time,140466.66958712443
task_id,596,arriving_time,140479.00737409352
task_id,597,arriving_time,140533.89303811497
task_id,598,arriving_time,140577.462125889
task_id,599,arriving_time,140588.7281507323
task_id,600,arriving_time,141042.04822134285
task_id,601,arriving_time,141415.57995861684
task_id,602,arriving_time,141943.46125708046
task_id,603,arriving_time,141994.65247689938
task_id,604,arriving_time,142063.08909733733
task_id,605,arriving_time,142151.08600519202
task_id,606,arriving_time,142392.32282143197
task_id,607,arriving_time,142528.466064916
task_id,608,arriving_time,142948.17306788298
task_id,609,arriving_time,143258.1906598984
task_id,610,arriving_time,143358.00101383557
task_id,611,arriving_time,143366.0202326851
task_id,612,arriving_time,143714.5443250426
task_id,613,arriving_time,144362.64996070924
task_id,614,arriving_time,144876.19525928725
task_id,615,arriving_time,145063.872205496
task_id,616,arriving_time,145200.57477367847
task_id,617,arriving_time,145259.88827561695
task_id,618,arriving_time,145367.0387189457
task_id,619,arriving_time,145450.28932787676
task_id,620,arriving_time,145587.88062428858
task_id,621,arriving_time,145683.13575235923
task_id,622,arriving_time,146264.22103010188
task_id,623,arriving_time,146268.9216115655
task_id,624,arriving_time,146349.35172216955
task_id,625,arriving_time,146479.3629111591
task_id,626,arriving_time,146583.2392967918
task_id,627,arriving_time,146598.78120837975
task_id,628,arriving_time,146728.77360768736
task_id,629,arriving_time,147265.15277876012
task_id,630,arriving_time,147524.63663769673
task_id,631,arriving_time,147609.40457842164
task_id,632,arriving_time,148200.74085490278
task_id,633,arriving_time,148307.14767346546
task_id,634,arriving_time,148406.37427055486
task_id,635,arriving_time,148423.22565014075
task_id,636,arriving_time,148551.84275395903
task_id,637,arriving_time,148726.12950976327
task_id,638,arriving_time,148747.89331712862
task_id,639,arriving_time,148951.2592090753
task_id,640,arriving_time,149156.9132222652
task_id,641,arriving_time,149207.25202772705
task_id,642,arriving_time,149376.77318542887
task_id,643,arriving_time,149615.71783005015
task_id,644,arriving_time,149642.225856806
task_id,645,arriving_time,149970.49066147755
task_id,646,arriving_time,150152.11632460012
task_id,647,arriving_time,150617.18524988668
task_id,648,arriving_time,150909.47856173277
task_id,649,arriving_time,151816.82108289524
task_id,650,arriving_time,152065.85597757617
task_id,651,arriving_time,152155.614939615
task_id,652,arriving_time,152195.4180017743
task_id,653,arriving_time,152212.2351160239
task_id,654,arriving_time,152417.16692150038
task_id,655,arriving_time,152569.91878100878
task_id,656,arriving_time,153078.67141538748
task_id,657,arriving_time,153823.343010917
task_id,658,arriving_time,153839.54714319712
task_id,659,arriving_time,154112.66936960505
task_id,660,arriving_time,154521.69763439283
task_id,661,arriving_time,155043.5126741089
task_id,662,arriving_time,155412.3404951821
task_id,663,arriving_time,155428.7451497454
task_id,664,arriving_time,155521.2142810265
task_id,665,arriving_time,155565.7530897361
task_id,666,arriving_time,156089.8088119015
task_id,667,arriving_time,156353.70411823332
task_id,668,arriving_time,156637.023383805
task_id,669,arriving_time,156710.64042499175
task_id,670,arriving_time,156997.56525457397
task_id,671,arriving_time,157108.74667594334
task_id,672,arriving_time,157437.22708181385
task_id,673,arriving_time,157513.9826695343
task_id,674,arriving_time,157616.01561360667
task_id,675,arriving_time,157696.4169259786
task_id,676,arriving_time,157901.24900245087
task_id,677,arriving_time,157916.52577464833
task_id,678,arriving_time,158066.7770629665
task_id,679,arriving_time,158161.17801125956
task_id,680,arriving_time,158512.48483238224
task_id,681,arriving_time,158862.0821875632
task_id,682,arriving_time,159470.52461396425
task_id,683,arriving_time,159558.5799588908
task_id,684,arriving_time,159623.9693671126
task_id,685,arriving_time,159629.8550831027
task_id,686,arriving_time,159750.8803864187
task_id,687,arriving_time,159830.32083766832
task_id,688,arriving_time,159931.62052872486
task_id,689,arriving_time,160054.81871937227
task_id,690,arriving_time,160371.63344353437
task_id,691,arriving_time,160718.8865392713
task_id,692,arriving_time,160801.89449440938
task_id,693,arriving_time,160855.8335705703
task_id,694,arriving_time,161360.23619850317
task_id,695,arriving_time,161536.0865991588
task_id,696,arriving_time,161765.4001800208
task_id,697,arriving_time,162787.09488859266
task_id,698,arriving_time,162808.22739453116
task_id,699,arriving_time,162982.75804196112
task_id,700,arriving_time,163547.95201422606
task_id,701,arriving_time,163637.20748515526
task_id,702,arriving_time,163724.0161991479
task_id,703,arriving_time,163764.0894152513
task_id,704,arriving_time,164037.06692263682
task_id,705,arriving_time,164721.3732017719
task_id,706,arriving_time,165214.99637083054
task_id,707,arriving_time,165631.53101449416
task_id,708,arriving_time,165639.65389142785
task_id,709,arriving_time,166208.89345473272
task_id,710,arriving_time,167173.32567365002
task_id,711,arriving_time,167309.67393481077
task_id,712,arriving_time,168086.55440210213
task_id,713,arriving_time,168291.43086241637
task_id,714,arriving_time,168377.2963795653
task_id,715,arriving_time,168393.8819558262
task_id,716,arriving_time,168433.66274367328
task_id,717,arriving_time,168619.16387719705
task_id,718,arriving_time,169121.72926588287
task_id,719,arriving_time,169189.83282417577
task_id,720,arriving_time,169401.2625795277
task_id,721,arriving_time,169514.8804013891
task_id,722,arriving_time,169643.28060905548
task_id,723,arriving_time,170115.45603820833
task_id,724,arriving_time,170261.80490763034
task_id,725,arriving_time,170328.79170107807
task_id,726,arriving_time,170501.20545706965
task_id,727,arriving_time,170644.80820897175
task_id,728,arriving_time,171139.76227136873
task_id,729,arriving_time,171172.2545461901
task_id,730,arriving_time,171714.63056649704
task_id,731,arriving_time,171837.5551154391
task_id,732,arriving_time,171958.8661639628
task_id,733,arriving_time,172134.7288567312
task_id,734,arriving_time,172317.7343937114
task_id,735,arriving_time,173327.15005011886
task_id,736,arriving_time,173392.2524374897
task_id,737,arriving_time,173420.23802520736
task_id,738,arriving_time,173553.61817258273
task_id,739,arriving_time,173570.46924085834
task_id,740,arriving_time,173582.0175482867
task_id,741,arriving_time,173770.85982186746
task_id,742,arriving_time,174536.6199813814
task_id,743,arriving_time,175496.38889374226
task_id,744,arriving_time,175530.02634092388
task_id,745,arriving_time,175881.8938300398
task_id,746,arriving_time,175937.41910672144
task_id,747,arriving_time,175990.39753262338
task_id,748,arriving_time,176164.7564423046
task_id,749,arriving_time,176170.41034823167
task_id,750,arriving_time,176316.2125826379
task_id,751,arriving_time,176331.98600315396
task_id,752,arriving_time,177135.81913943705
task_id,753,arriving_time,177188.9558662726
task_id,754,arriving_time,177520.0213126134
task_id,755,arriving_time,177797.49796373435
task_id,756,arriving_time,178167.09972637377
task_id,757,arriving_time,178204.8192198827
task_id,758,arriving_time,178572.627883097
task_id,759,arriving_time,178902.32775914582
task_id,760,arriving_time,178922.68258090643
task_id,761,arriving_time,178938.09295678363
task_id,762,arriving_time,178952.3315922674
task_id,763,arriving_time,179389.8712727293
task_id,764,arriving_time,179392.5437539997
task_id,765,arriving_time,179513.02990435745
task_id,766,arriving_time,179649.4232436634
task_id,767,arriving_time,179721.10964188914
task_id,768,arriving_time,180127.80349765538
task_id,769,arriving_time,180130.74439358062
task_id,770,arriving_time,180191.20380836038
task_id,771,arriving_time,180297.90811100166
task_id,772,arriving_time,180763.38523685752
task_id,773,arriving_time,180792.3723929589
task_id,774,arriving_time,180844.29085204107
task_id,775,arriving_time,180848.0464676597
task_id,776,arriving_time,181266.88704207668
task_id,777,arriving_time,182144.81188278872
task_id,778,arriving_time,182570.1600815488
task_id,779,arriving_time,182922.91944469226
task_id,780,arriving_time,183007.6882431013
task_id,781,arriving_time,183464.74789146415
task_id,782,arriving_time,183625.65293959217
task_id,783,arriving_time,183790.08289367842
task_id,784,arriving_time,184204.7518787404
task_id,785,arriving_time,184436.98211268632
task_id,786,arriving_time,184448.04833544136
task_id,787,arriving_time,184648.78744853238
task_id,788,arriving_time,184784.9039753882
task_id,789,arriving_time,185664.02661123313
task_id,790,arriving_time,185795.09232726
task_id,791,arriving_time,186106.41212735698
task_id,792,arriving_time,186127.15301130887
task_id,793,arriving_time,186281.90224601005
task_id,794,arriving_time,186316.16091014055
task_id,795,arriving_time,186426.75799850177
task_id,796,arriving_time,186614.33414878315
task_id,797,arriving_time,186761.1445543856
task_id,798,arriving_time,186853.67907915867
task_id,799,arriving_time,186962.72967926352
task_id,800,arriving_time,186997.2219923304
task_id,801,arriving_time,187604.96988994104
task_id,802,arriving_time,187725.6484879661
task_id,803,arriving_time,188383.40070028388
task_id,804,arriving_time,188428.9590836423
task_id,805,arriving_time,188543.17333794976
task_id,806,arriving_time,189330.95928245236
task_id,807,arriving_time,189531.39346440503
task_id,808,arriving_time,189960.9564986298
task_id,809,arriving_time,191183.19807412606
task_id,810,arriving_time,191722.19770256933
task_id,811,arriving_time,191845.7283672443
task_id,812,arriving_time,192141.85016633163
task_id,813,arriving_time,192223.93641779668
task_id,814,arriving_time,192651.1271975552
task_id,815,arriving_time,192746.54421310773
task_id,816,arriving_time,192901.3675163228
task_id,817,arriving_time,192970.1334907719
task_id,818,arriving_time,192998.04222332913
task_id,819,arriving_time,193015.58948252266
task_id,820,arriving_time,193229.00800048735
task_id,821,arriving_time,193391.04317124796
task_id,822,arriving_time,193464.09423767726
task_id,823,arriving_time,193660.4067573733
task_id,824,arriving_time,193698.49847133225
task_id,825,arriving_time,194211.67840327046
task_id,826,arriving_time,194333.23128652052
task_id,827,arriving_time,194937.48701543556
task_id,828,arriving_time,195119.24694578335
task_id,829,arriving_time,195121.95969066955
task_id,830,arriving_time,195138.8344453309
task_id,831,arriving_time,195278.33310680083
task_id,832,arriving_time,195814.27676190058
task_id,833,arriving_time,195915.46485660135
task_id,834,arriving_time,196157.1517540652
task_id,835,arriving_time,196298.32636815752
task_id,836,arriving_time,196573.42355558337
task_id,837,arriving_time,196616.38809280834
task_id,838,arriving_time,197126.82076614292
task_id,839,arriving_time,197167.7064170645
task_id,840,arriving_time,197261.76388683554
task_id,841,arriving_time,197696.55536318314
task_id,842,arriving_time,197760.57628178113
task_id,843,arriving_time,197934.48558474836
task_id,844,arriving_time,198307.75605191258
task_id,845,arriving_time,198817.87796982724
task_id,846,arriving_time,198928.02203408146
task_id,847,arriving_time,199071.11108411098
task_id,848,arriving_time,199308.7394073731
task_id,849,arriving_time,199397.63993304296
task_id,850,arriving_time,199479.29961986575
task_id,851,arriving_time,199509.62293106588
task_id,852,arriving_time,199575.28142114333
task_id,853,arriving_time,200106.95271819213
task_id,854,arriving_time,200155.25557278737
task_id,855,arriving_time,200180.10526159927
task_id,856,arriving_time,200223.31947369216
task_id,857,arriving_time,200610.80655605954
task_id,858,arriving_time,200993.51147238142
task_id,859,arriving_time,201323.13384966884
task_id,860,arriving_time,201674.40094523257
task_id,861,arriving_time,201782.3231530179
task_id,862,arriving_time,201826.737787112
task_id,863,arriving_time,201862.6474576869
task_id,864,arriving_time,201879.40412682676
task_id,865,arriving_time,201906.33209403194
task_id,866,arriving_time,202080.03892329542
task_id,867,arriving_time,202129.98582073377
task_id,868,arriving_time,202134.03533826311
task_id,869,arriving_time,202198.65542517995
task_id,870,arriving_time,202486.78104373586
task_id,871,arriving_time,202493.13889223395
task_id,872,arriving_time,202512.70259316982
task_id,873,arriving_time,202716.30304585205
task_id,874,arriving_time,203166.31536033776
task_id,875,arriving_time,204209.41092792948
task_id,876,arriving_time,204493.61839786143
task_id,877,arriving_time,204642.21290956807
task_id,878,arriving_time,204724.27511432834
task_id,879,arriving_time,204806.84325766345
task_id,880,arriving_time,205005.19748726048
task_id,881,arriving_time,205301.52009154262
task_id,882,arriving_time,205712.99665365447
task_id,883,arriving_time,205780.02227067546
task_id,884,arriving_time,205942.68478229715
task_id,885,arriving_time,206003.97223088233
task_id,886,arriving_time,206168.26067972145
task_id,887,arriving_time,206595.09927191533
task_id,888,arriving_time,207518.76282978593
task_id,889,arriving_time,207603.02889896938
task_id,890,arriving_time,208289.61297882028
task_id,891,arriving_time,208294.19101853488
task_id,892,arriving_time,208461.3709803935
task_id,893,arriving_time,208567.28437855007
task_id,894,arriving_time,208822.9292233764
task_id,895,arriving_time,208858.2371215154
task_id,896,arriving_time,209614.1516993404
task_id,897,arriving_time,209742.143152591
task_id,898,arriving_time,209835.76966569625
task_id,899,arriving_time,209838.02478709706
task_id,900,arriving_time,210017.0403122135
task_id,901,arriving_time,210148.2199383796
task_id,902,arriving_time,210387.91493323914
task_id,903,arriving_time,210495.86741082516
task_id,904,arriving_time,210626.0266514051
task_id,905,arriving_time,210837.67239287225
task_id,906,arriving_time,211271.92426487882
task_id,907,arriving_time,211482.2093480585
task_id,908,arriving_time,211787.99703557964
task_id,909,arriving_time,212220.4366172026
task_id,910,arriving_time,212615.02169036085
task_id,911,arriving_time,212987.30045681924
task_id,912,arriving_time,213562.96587670955
task_id,913,arriving_time,214015.89791351027
task_id,914,arriving_time,214104.5194553485
task_id,915,arriving_time,214215.011198677
task_id,916,arriving_time,214240.3951478727
task_id,917,arriving_time,214633.72626265194
task_id,918,arriving_time,214778.7615970312
task_id,919,arriving_time,214978.18090912074
task_id,920,arriving_time,215688.12657468877
task_id,921,arriving_time,215798.6468563575
task_id,922,arriving_time,216450.65575217392
task_id,923,arriving_time,216516.03108928085
task_id,924,arriving_time,216673.8681173028
task_id,925,arriving_time,216917.08314023065
task_id,926,arriving_time,217323.0874900621
task_id,927,arriving_time,217585.75963275938
task_id,928,arriving_time,217992.50809304204
task_id,929,arriving_time,218008.53050953845
task_id,930,arriving_time,218082.07297378016
task_id,931,arriving_time,218155.63080873303
task_id,932,arriving_time,218261.58709424097
task_id,933,arriving_time,218320.50906229654
task_id,934,arriving_time,218458.42622107934
task_id,935,arriving_time,218614.3432899606
task_id,936,arriving_time,218948.32272351635
task_id,937,arriving_time,219166.81671943964
task_id,938,arriving_time,219424.14816499435
task_id,939,arriving_time,219729.00138856488
task_id,940,arriving_time,219779.3254430046
task_id,941,arriving_time,219780.37177650214
task_id,942,arriving_time,219850.18925888132
task_id,943,arriving_time,220037.99078193502
task_id,944,arriving_time,220229.34369219257
task_id,945,arriving_time,220250.6088153337
task_id,946,arriving_time,220435.54705621896
task_id,947,arriving_time,220628.18324525122
task_id,948,arriving_time,220740.45241847206
task_id,949,arriving_time,221052.94193719697
task_id,950,arriving_time,221729.5537807577
task_id,951,arriving_time,221754.12096869794
task_id,952,arriving_time,221787.57943975527
task_id,953,arriving_time,221835.71997852362
task_id,954,arriving_time,222283.78076636055
task_id,955,arriving_time,222327.45914184971
task_id,956,arriving_time,222914.0889379034
task_id,957,arriving_time,223116.91525109392
task_id,958,arriving_time,223319.5818286284
task_id,959,arriving_time,223465.72969332777
task_id,960,arriving_time,224009.10678609757
task_id,961,arriving_time,224322.29176293316
task_id,962,arriving_time,224427.42051576477
task_id,963,arriving_time,224443.86854756493
task_id,964,arriving_time,224495.0575229136
task_id,965,arriving_time,224690.2833722739
task_id,966,arriving_time,224955.36305675094
task_id,967,arriving_time,225099.3427382828
task_id,968,arriving_time,225247.12344708818
task_id,969,arriving_time,226359.64933255306
task_id,970,arriving_time,226860.65034397866
task_id,971,arriving_time,226985.6648136001
task_id,972,arriving_time,227357.0717479825
task_id,973,arriving_time,227703.10563314176
task_id,974,arriving_time,227847.65195592967
task_id,975,arriving_time,227871.11570707412
task_id,976,arriving_time,228134.5877448323
task_id,977,arriving_time,228591.1206763865
task_id,978,arriving_time,228658.4409319905
task_id,979,arriving_time,228955.3101271974
task_id,980,arriving_time,229077.20506049597
task_id,981,arriving_time,229123.14686382544
task_id,982,arriving_time,229167.91842903846
task_id,983,arriving_time,229209.01225432364
task_id,984,arriving_time,229408.67945937646
task_id,985,arriving_time,229530.24046556698
task_id,986,arriving_time,229750.4819374515
task_id,987,arriving_time,229940.64323351436
task_id,988,arriving_time,229965.95069431807
task_id,989,arriving_time,230272.3027097404
task_id,990,arriving_time,230348.21871517264
task_id,991,arriving_time,230499.9343754491
task_id,992,arriving_time,231088.735074848
task_id,993,arriving_time,231937.29738026022
task_id,994,arriving_time,231962.8876287566
task_id,995,arriving_time,232742.97819861685
task_id,996,arriving_time,233081.47815246033
task_id,997,arriving_time,233553.2816375069
task_id,998,arriving_time,233624.9476196226
task_id,999,arriving_time,233681.05264244412
taskid,0,start_time,312.6753838073729
taskid,1,start_time,504.4063584134274
taskid,2,start_time,891.9003833612207
taskid,3,start_time,955.3399855486797
taskid,4,start_time,1306.4491291121385
taskid,5,start_time,1381.1194772742867
taskid,6,start_time,1569.5975049433534
taskid,7,start_time,2123.408055796179
taskid,8,start_time,2335.7787518247274
taskid,9,start_time,2575.603702602904
taskid,10,start_time,3238.2692915024854
taskid,11,start_time,3499.8727203590583
taskid,12,start_time,3645.847433044039
taskid,13,start_time,4218.348117795197
taskid,14,start_time,4332.210841710112
taskid,15,start_time,4445.166057342225
taskid,16,start_time,4479.8201088470105
taskid,11,finish_time,4522.031035779223
taskid,17,start_time,4979.038144492977
taskid,16,finish_time,5040.040471539541
taskid,14,finish_time,5083.595268959998
taskid,18,start_time,5117.778293093103
taskid,19,start_time,5292.300336161422
taskid,20,start_time,5562.957625471429
taskid,21,start_time,5616.053501307438
taskid,22,start_time,5633.86333004471
taskid,23,start_time,5635.313235402235
taskid,24,start_time,5671.324224097926
taskid,25,start_time,5721.981911965298
taskid,26,start_time,5829.161889234402
taskid,18,finish_time,5948.918056429289
taskid,17,finish_time,6086.0634709341575
taskid,27,start_time,6100.784106463395
taskid,28,start_time,6312.587847396709
taskid,29,start_time,6325.8910939965435
taskid,24,finish_time,6450.070227056213
taskid,30,start_time,6605.459669009156
taskid,31,start_time,6715.7784268408095
taskid,32,start_time,6783.111954089094
taskid,33,start_time,6797.268131583483
taskid,26,finish_time,6881.987218538153
taskid,34,start_time,6887.87661541528
taskid,35,start_time,7005.64111156472
taskid,29,finish_time,7043.098660346078
taskid,28,finish_time,7350.022791068887
taskid,6,finish_time,7974.0532084403
taskid,36,start_time,8118.231132386698
taskid,37,start_time,8120.302054967051
taskid,9,finish_time,8142.305536899908
taskid,38,start_time,8336.975024406682
taskid,15,finish_time,8520.123869352892
taskid,39,start_time,8562.0480394928
taskid,40,start_time,8563.541263580591
taskid,34,finish_time,8609.320324535081
taskid,41,start_time,8624.501175352749
taskid,42,start_time,8660.812022731394
taskid,21,finish_time,8661.50732906434
taskid,43,start_time,8707.808890214608
taskid,35,finish_time,9047.735441501693
taskid,33,finish_time,9072.322809308309
taskid,44,start_time,9489.640187314742
taskid,45,start_time,9577.003745283362
taskid,46,start_time,9965.322177359332
taskid,47,start_time,10274.973679586716
taskid,41,finish_time,10289.13491587126
taskid,22,finish_time,10290.77569040886
taskid,48,start_time,10321.95109090893
taskid,36,finish_time,10377.926461337589
taskid,43,finish_time,10462.045209478063
taskid,13,finish_time,10656.670616811653
taskid,49,start_time,10726.577486091239
taskid,40,finish_time,10781.005104065189
taskid,39,finish_time,10783.52230864453
taskid,42,finish_time,10876.876761975478
taskid,50,start_time,10957.845796340724
taskid,47,finish_time,11039.657071358039
taskid,44,finish_time,11063.909132072566
taskid,51,start_time,11659.307069551374
taskid,52,start_time,11862.944125591823
taskid,45,finish_time,11864.76403590608
taskid,46,finish_time,11878.125632836101
taskid,31,finish_time,11901.008680537288
taskid,53,start_time,12197.121702276183
taskid,54,start_time,12268.359682214686
taskid,30,finish_time,12436.223315297066
taskid,49,finish_time,12437.616387075042
taskid,55,start_time,12504.81460105641
taskid,48,finish_time,12568.551422215383
taskid,56,start_time,12811.896008630873
taskid,57,start_time,12863.610825846126
taskid,52,finish_time,12871.299811541105
taskid,58,start_time,12925.972474524471
taskid,59,start_time,12957.903736706017
taskid,50,finish_time,13133.530546420869
taskid,53,finish_time,13234.734100423813
taskid,54,finish_time,13290.0737425212
taskid,60,start_time,13364.932459763153
taskid,61,start_time,13420.599206242045
taskid,51,finish_time,13437.752491399675
taskid,37,finish_time,13578.207612481156
taskid,62,start_time,13649.355106186482
taskid,63,start_time,13725.188211756646
taskid,32,finish_time,13728.405478054816
taskid,64,start_time,14254.794956341464
taskid,65,start_time,14348.53485204113
taskid,61,finish_time,14446.226027521501
taskid,66,start_time,14582.938868147832
taskid,67,start_time,14691.785043802221
taskid,68,start_time,14863.586119890742
taskid,64,finish_time,15285.35004056999
taskid,69,start_time,15413.735627875902
taskid,70,start_time,15868.079622845911
taskid,62,finish_time,15871.77010495621
taskid,5,finish_time,15882.472475769393
taskid,71,start_time,15891.169713217692
taskid,63,finish_time,15913.029227810744
taskid,72,start_time,15944.435933369557
taskid,73,start_time,15964.474118773049
taskid,25,finish_time,16063.61829614035
taskid,38,finish_time,16118.78979820466
taskid,74,start_time,16153.590499032605
taskid,67,finish_time,16482.09915091514
taskid,75,start_time,16533.511791732188
taskid,68,finish_time,16640.980224211264
taskid,27,finish_time,16665.48113995628
taskid,66,finish_time,16796.404708964365
taskid,69,finish_time,17031.685699697133
taskid,76,start_time,17108.88984614629
taskid,60,finish_time,17510.630536527922
taskid,77,start_time,17582.394250282734
taskid,78,start_time,17643.879973532272
taskid,79,start_time,17836.065993476575
taskid,55,finish_time,17983.75446312459
taskid,80,start_time,18141.56821018346
taskid,77,finish_time,18200.46817040365
taskid,81,start_time,18232.767452238946
taskid,82,start_time,18295.14826552089
taskid,79,finish_time,18757.186655927388
taskid,59,finish_time,18851.593530428283
taskid,83,start_time,19068.68619396445
taskid,75,finish_time,19098.093167478033
taskid,58,finish_time,19258.12290828575
taskid,73,finish_time,19646.683764282672
taskid,83,finish_time,19905.554372560866
taskid,56,finish_time,20194.38092695291
taskid,84,start_time,20495.21745390845
taskid,85,start_time,20610.817197329165
taskid,86,start_time,20817.9372462624
taskid,87,start_time,20898.452158019194
taskid,72,finish_time,21004.66402769022
taskid,81,finish_time,21134.224977730697
taskid,84,finish_time,21332.03388828221
taskid,88,start_time,21439.438328147062
taskid,78,finish_time,22168.38938668909
taskid,89,start_time,22231.36653831758
taskid,90,start_time,22407.259633420683
taskid,91,start_time,22426.77320872622
taskid,92,start_time,22615.46693520197
taskid,93,start_time,22991.918837432135
taskid,90,finish_time,23104.283458896272
taskid,94,start_time,23441.50206707941
taskid,95,start_time,23939.495211013284
taskid,96,start_time,23982.504491032163
taskid,97,start_time,24052.208821417884
taskid,2,finish_time,24096.76649510841
taskid,98,start_time,24422.13773827148
taskid,99,start_time,24443.668475803814
taskid,65,finish_time,24694.1569573896
taskid,100,start_time,24776.041586379804
taskid,97,finish_time,24795.259496419127
taskid,101,start_time,24822.034561483597
taskid,93,finish_time,25175.61183245573
taskid,70,finish_time,25386.95896566434
taskid,102,start_time,25394.387283956916
taskid,74,finish_time,25768.991581099974
taskid,103,start_time,26656.095759016003
taskid,104,start_time,26849.12109701274
taskid,105,start_time,27014.99543821869
taskid,106,start_time,27071.983787829075
taskid,92,finish_time,27277.71053903651
taskid,107,start_time,27648.164622906337
taskid,108,start_time,27848.796679796742
taskid,109,start_time,27884.332291618728
taskid,110,start_time,27919.83785392006
taskid,111,start_time,27994.79588650729
taskid,112,start_time,28041.297061722184
taskid,113,start_time,28237.83688364425
taskid,114,start_time,28559.55530067382
taskid,115,start_time,29072.039744903217
taskid,116,start_time,29437.86822204065
taskid,117,start_time,29849.699953578263
taskid,99,finish_time,29852.05749057885
taskid,118,start_time,29866.914343111428
taskid,116,finish_time,30290.768332161515
taskid,118,finish_time,30690.85933095216
taskid,119,start_time,30705.29698701892
taskid,120,start_time,30721.807583039637
taskid,121,start_time,30785.038307043906
taskid,117,finish_time,30800.962176730452
taskid,122,start_time,30855.495502313628
taskid,123,start_time,31346.3690309453
taskid,71,finish_time,31595.524480256307
taskid,124,start_time,31619.01032037064
taskid,125,start_time,31627.23066360908
taskid,126,start_time,31638.357518378212
taskid,121,finish_time,31646.242333220398
taskid,127,start_time,31685.020157737334
taskid,119,finish_time,31722.106604061446
taskid,120,finish_time,31747.3580111918
taskid,128,start_time,31750.273373669857
taskid,104,finish_time,31772.33037214881
taskid,122,finish_time,31902.96726854713
taskid,123,finish_time,32221.473738275985
taskid,3,finish_time,32402.56075901564
taskid,126,finish_time,32429.476987079248
taskid,125,finish_time,32464.723453821607
taskid,127,finish_time,32489.981369418554
taskid,129,start_time,32532.29337928603
taskid,128,finish_time,32538.77276993671
taskid,130,start_time,32880.32593776644
taskid,131,start_time,32945.347830090104
taskid,132,start_time,32980.73571131815
taskid,114,finish_time,33275.402184878454
taskid,133,start_time,33407.72652034674
taskid,134,start_time,33448.89452124282
taskid,129,finish_time,33529.63714192205
taskid,109,finish_time,33572.06088735266
taskid,130,finish_time,33879.32971050175
taskid,135,start_time,34124.969889900996
taskid,112,finish_time,34175.77762941495
taskid,136,start_time,34197.75079740549
taskid,137,start_time,34296.40242972777
taskid,138,start_time,34844.15428477594
taskid,12,finish_time,34851.45846569768
taskid,139,start_time,35115.79555080452
taskid,140,start_time,35154.68253429084
taskid,141,start_time,35313.59495183665
taskid,138,finish_time,35632.59026499734
taskid,142,start_time,35638.49500806493
taskid,143,start_time,35816.11507656605
taskid,144,start_time,35948.579999654445
taskid,145,start_time,36007.702437984546
taskid,146,start_time,36365.65757750476
taskid,147,start_time,36660.66365901915
taskid,144,finish_time,36753.667897624524
taskid,91,finish_time,36806.897456515624
taskid,94,finish_time,36978.84461199471
taskid,146,finish_time,37162.43546246275
taskid,101,finish_time,37214.89930590838
taskid,85,finish_time,37475.37684958862
taskid,140,finish_time,37638.98153468566
taskid,148,start_time,37715.18702849937
taskid,149,start_time,37947.864213831956
taskid,150,start_time,37993.988253139
taskid,151,start_time,38199.75684332059
taskid,152,start_time,38404.57768438706
taskid,153,start_time,38441.10695293383
taskid,150,finish_time,38462.02274855886
taskid,154,start_time,38554.1860915174
taskid,151,finish_time,38909.819247285646
taskid,133,finish_time,38990.615096896654
taskid,155,start_time,39009.811264109725
taskid,156,start_time,39098.43564740793
taskid,145,finish_time,39438.82809995824
taskid,157,start_time,39594.3628927897
taskid,107,finish_time,39630.50598128609
taskid,158,start_time,39710.596380763105
taskid,149,finish_time,39988.31454494467
taskid,159,start_time,40071.83586435079
taskid,160,start_time,40102.25753645269
taskid,161,start_time,40346.197239042776
taskid,162,start_time,40443.500543212656
taskid,163,start_time,40541.7158165352
taskid,158,finish_time,40567.77824835104
taskid,159,finish_time,40805.228084547845
taskid,164,start_time,41020.637446810586
taskid,165,start_time,41345.62234721416
taskid,161,finish_time,41360.47535455404
taskid,162,finish_time,41364.06744441964
taskid,166,start_time,41407.20419979202
taskid,167,start_time,41433.331305678614
taskid,168,start_time,41542.25084312763
taskid,167,finish_time,42266.72126483677
taskid,108,finish_time,42467.186512092696
taskid,169,start_time,42467.186512092696
taskid,110,finish_time,43013.27467104514
taskid,170,start_time,43013.27467104514
taskid,171,start_time,43013.27467104514
taskid,172,start_time,43205.2026753156
taskid,148,finish_time,43529.94898948268
taskid,171,finish_time,44034.784124818536
taskid,172,finish_time,44271.78615805759
taskid,166,finish_time,44536.6949818142
taskid,142,finish_time,45118.571676274165
taskid,173,start_time,45118.571676274165
taskid,136,finish_time,45236.32601112648
taskid,174,start_time,45236.32601112648
taskid,175,start_time,45236.32601112648
taskid,176,start_time,45236.32601112648
taskid,177,start_time,45236.32601112648
taskid,155,finish_time,45567.063566769124
taskid,178,start_time,45567.063566769124
taskid,163,finish_time,45593.15908080911
taskid,113,finish_time,45754.37511165343
taskid,179,start_time,45754.37511165343
taskid,175,finish_time,45994.62657531822
taskid,177,finish_time,46005.62612067316
taskid,176,finish_time,46246.408975785496
taskid,164,finish_time,46654.716341425745
taskid,180,start_time,46654.716341425745
taskid,134,finish_time,47038.06900249027
taskid,156,finish_time,47490.95456764365
taskid,181,start_time,47490.95456764365
taskid,157,finish_time,47895.63926292283
taskid,135,finish_time,48081.22358915226
taskid,182,start_time,48081.22358915226
taskid,174,finish_time,48893.646066964255
taskid,183,start_time,48893.646066964255
taskid,139,finish_time,48934.49688642633
taskid,184,start_time,48934.49688642633
taskid,153,finish_time,49159.6711609774
taskid,185,start_time,49159.6711609774
taskid,147,finish_time,49396.21131966197
taskid,186,start_time,49396.21131966197
taskid,187,start_time,49396.21131966197
taskid,188,start_time,49396.21131966197
taskid,189,start_time,49396.21131966197
taskid,190,start_time,49396.21131966197
taskid,191,start_time,49396.21131966197
taskid,192,start_time,49396.21131966197
taskid,185,finish_time,49723.78945184226
taskid,190,finish_time,50025.21390243936
taskid,191,finish_time,50310.03717429216
taskid,187,finish_time,50310.44278261354
taskid,189,finish_time,50403.107237926386
taskid,188,finish_time,50448.769781959934
taskid,179,finish_time,50481.28265530424
taskid,193,start_time,50481.28265530424
taskid,192,finish_time,50574.63110826103
taskid,194,start_time,50574.63110826103
taskid,111,finish_time,51028.73014659017
taskid,195,start_time,51028.73014659017
taskid,137,finish_time,51729.871216637264
taskid,196,start_time,51729.871216637264
taskid,195,finish_time,52061.86537277645
taskid,197,start_time,52061.86537277645
taskid,198,start_time,52061.86537277645
taskid,180,finish_time,52446.38364672218
taskid,199,start_time,52446.38364672218
taskid,124,finish_time,52572.31990142237
taskid,200,start_time,52572.31990142237
taskid,82,finish_time,52648.149269781265
taskid,201,start_time,52648.149269781265
taskid,202,start_time,52648.149269781265
taskid,203,start_time,52648.149269781265
taskid,184,finish_time,53274.62109918697
taskid,204,start_time,53274.62109918697
taskid,186,finish_time,53705.29537676553
taskid,205,start_time,53705.29537676553
taskid,205,finish_time,54335.74028994265
taskid,202,finish_time,54772.475766687625
taskid,206,start_time,54772.475766687625
taskid,204,finish_time,55293.682515323795
taskid,207,start_time,55293.682515323795
taskid,206,finish_time,55538.292861862734
taskid,208,start_time,55538.292861862734
taskid,207,finish_time,55926.18361168539
taskid,209,start_time,55926.18361168539
taskid,197,finish_time,56573.713471993884
taskid,210,start_time,56573.713471993884
taskid,209,finish_time,56743.76390741859
taskid,211,start_time,56743.76390741859
taskid,182,finish_time,56752.938280391565
taskid,212,start_time,56752.938280391565
taskid,213,start_time,56752.938280391565
taskid,102,finish_time,56827.3187145042
taskid,214,start_time,56827.3187145042
taskid,210,finish_time,57514.65825276811
taskid,215,start_time,57514.65825276811
taskid,216,start_time,57514.65825276811
taskid,131,finish_time,57706.3125179075
taskid,103,finish_time,57921.514827722676
taskid,217,start_time,57921.514827722676
taskid,105,finish_time,58413.7895922924
taskid,106,finish_time,58746.313341477486
taskid,218,start_time,58746.313341477486
taskid,219,start_time,58746.313341477486
taskid,211,finish_time,59457.770655618275
taskid,193,finish_time,59510.07154188267
taskid,203,finish_time,59684.969949447026
taskid,213,finish_time,60341.73268203714
taskid,216,finish_time,60783.65467887355
taskid,219,finish_time,60797.66294934785
taskid,165,finish_time,61909.10923522763
taskid,220,start_time,61909.10923522763
taskid,221,start_time,61909.10923522763
taskid,222,start_time,61909.10923522763
taskid,198,finish_time,62796.50569272268
taskid,223,start_time,62796.50569272268
taskid,183,finish_time,63101.82136375023
taskid,224,start_time,63101.82136375023
taskid,115,finish_time,63299.365269088674
taskid,225,start_time,63299.365269088674
taskid,222,finish_time,64038.7865117248
taskid,221,finish_time,64956.56909984395
taskid,224,finish_time,66704.4774807937
taskid,226,start_time,66704.4774807937
taskid,227,start_time,66704.4774807937
taskid,223,finish_time,66879.4332058578
taskid,228,start_time,66879.4332058578
taskid,229,start_time,66879.4332058578
taskid,230,start_time,66879.4332058578
taskid,231,start_time,66879.4332058578
taskid,232,start_time,66879.4332058578
taskid,199,finish_time,66932.09577372423
taskid,233,start_time,66932.09577372423
taskid,234,start_time,66932.09577372423
taskid,235,start_time,66932.09577372423
taskid,236,start_time,66932.09577372423
taskid,237,start_time,66932.09577372423
taskid,226,finish_time,67489.41987789817
taskid,238,start_time,67489.41987789817
taskid,239,start_time,67489.41987789817
taskid,240,start_time,67489.41987789817
taskid,241,start_time,67489.41987789817
taskid,242,start_time,67489.41987789817
taskid,235,finish_time,67545.63028771279
taskid,243,start_time,67545.63028771279
taskid,236,finish_time,67680.59984209869
taskid,244,start_time,67680.59984209869
taskid,231,finish_time,67750.18225083871
taskid,245,start_time,67750.18225083871
taskid,230,finish_time,67842.32169930795
taskid,232,finish_time,67914.41728347172
taskid,243,finish_time,67978.3898979745
taskid,229,finish_time,68057.68383075295
taskid,246,start_time,68057.68383075295
taskid,240,finish_time,68080.5560939625
taskid,247,start_time,68080.5560939625
taskid,237,finish_time,68117.14325263814
taskid,242,finish_time,68173.52285970394
taskid,239,finish_time,68212.34846557344
taskid,238,finish_time,68369.13197418746
taskid,248,start_time,68369.13197418746
taskid,196,finish_time,68397.0486116346
taskid,249,start_time,68397.0486116346
taskid,250,start_time,68397.0486116346
taskid,251,start_time,68397.0486116346
taskid,252,start_time,68397.0486116346
taskid,253,start_time,68397.0486116346
taskid,244,finish_time,68450.77167119621
taskid,254,start_time,68450.77167119621
taskid,247,finish_time,68736.9198475193
taskid,255,start_time,68736.9198475193
taskid,98,finish_time,69470.23197393455
taskid,256,start_time,69470.23197393455
taskid,257,start_time,69470.23197393455
taskid,258,start_time,69470.23197393455
taskid,259,start_time,69470.23197393455
taskid,260,start_time,69470.23197393455
taskid,261,start_time,69470.23197393455
taskid,262,start_time,69470.23197393455
taskid,263,start_time,69470.23197393455
taskid,264,start_time,69470.23197393455
taskid,255,finish_time,69667.60959771344
taskid,265,start_time,69667.60959771344
taskid,228,finish_time,70139.46090938103
taskid,266,start_time,70139.46090938103
taskid,260,finish_time,70196.61658996627
taskid,267,start_time,70196.61658996627
taskid,264,finish_time,70242.60805914483
taskid,257,finish_time,70275.12759070405
taskid,259,finish_time,70412.6386770536
taskid,263,finish_time,70459.44271919927
taskid,261,finish_time,70471.49864463862
taskid,265,finish_time,70685.85758736778
taskid,266,finish_time,70912.1618228042
taskid,267,finish_time,70939.93435921306
taskid,268,start_time,70939.93435921306
taskid,268,finish_time,71906.65256302555
taskid,269,start_time,71906.65256302555
taskid,168,finish_time,72346.27519863487
taskid,270,start_time,72346.27519863487
taskid,271,start_time,72346.27519863487
taskid,272,start_time,72346.27519863487
taskid,273,start_time,72346.27519863487
taskid,274,start_time,72346.27519863487
taskid,275,start_time,72346.27519863487
taskid,276,start_time,72346.27519863487
taskid,277,start_time,72346.27519863487
taskid,233,finish_time,72694.12097825532
taskid,269,finish_time,73043.4501943257
taskid,278,start_time,73043.4501943257
taskid,279,start_time,73043.4501943257
taskid,280,start_time,73043.4501943257
taskid,276,finish_time,73325.5270482785
taskid,270,finish_time,73339.0851057279
taskid,262,finish_time,73910.1033629111
taskid,280,finish_time,74025.75635644505
taskid,160,finish_time,74056.35592928668
taskid,275,finish_time,74901.40240851576
taskid,220,finish_time,74902.11007242995
taskid,281,start_time,74902.11007242995
taskid,282,start_time,74902.11007242995
taskid,283,start_time,74902.11007242995
taskid,284,start_time,74902.11007242995
taskid,277,finish_time,74926.2159928642
taskid,282,finish_time,75766.21883660513
taskid,284,finish_time,75783.92271042643
taskid,281,finish_time,75797.86502574106
taskid,285,start_time,75797.86502574106
taskid,286,start_time,75797.86502574106
taskid,287,start_time,75797.86502574106
taskid,288,start_time,75797.86502574106
taskid,289,start_time,75797.86502574106
taskid,290,start_time,75797.86502574106
taskid,291,start_time,75797.86502574106
taskid,292,start_time,75797.86502574106
taskid,293,start_time,75797.86502574106
taskid,279,finish_time,75863.49984070344
taskid,294,start_time,75863.49984070344
taskid,227,finish_time,75932.39869580312
taskid,283,finish_time,76010.86209272516
taskid,287,finish_time,76390.86061463969
taskid,295,start_time,76390.86061463969
taskid,285,finish_time,76567.24370770056
taskid,296,start_time,76567.24370770056
taskid,297,start_time,76567.24370770056
taskid,298,start_time,76567.24370770056
taskid,299,start_time,76567.24370770056
taskid,288,finish_time,76593.31480158043
taskid,252,finish_time,76610.80208883599
taskid,272,finish_time,76841.05628815033
taskid,274,finish_time,76860.44418996204
taskid,169,finish_time,77099.71400034432
taskid,300,start_time,77099.71400034432
taskid,178,finish_time,77112.55933206364
taskid,299,finish_time,77203.15867393353
taskid,301,start_time,77203.15867393353
taskid,295,finish_time,77261.03320995401
taskid,302,start_time,77261.03320995401
taskid,303,start_time,77261.03320995401
taskid,304,start_time,77261.03320995401
taskid,286,finish_time,77496.35239024575
taskid,296,finish_time,77596.56192787735
taskid,305,start_time,77596.56192787735
taskid,271,finish_time,77634.42578667022
taskid,249,finish_time,77636.31181807235
taskid,306,start_time,77636.31181807235
taskid,303,finish_time,78016.66088246432
taskid,304,finish_time,78042.43294905737
taskid,294,finish_time,78299.0212639721
taskid,253,finish_time,78589.77763175331
taskid,251,finish_time,78610.72246193253
taskid,250,finish_time,78617.45707749702
taskid,298,finish_time,79861.45874647658
taskid,273,finish_time,80454.22026770921
taskid,307,start_time,80454.22026770921
taskid,212,finish_time,81950.88446309305
taskid,308,start_time,81950.88446309305
taskid,309,start_time,81950.88446309305
taskid,241,finish_time,82218.65819787343
taskid,292,finish_time,82257.82935177429
taskid,218,finish_time,82322.02935021104
taskid,152,finish_time,82457.43974910391
taskid,310,start_time,82457.43974910391
taskid,311,start_time,82457.43974910391
taskid,312,start_time,82457.43974910391
taskid,313,start_time,82457.43974910391
taskid,314,start_time,82457.43974910391
taskid,315,start_time,82457.43974910391
taskid,297,finish_time,82630.01428780657
taskid,316,start_time,82630.01428780657
taskid,313,finish_time,83229.47253062649
taskid,317,start_time,83229.47253062649
taskid,312,finish_time,83245.96206284169
taskid,80,finish_time,83282.11235191528
taskid,311,finish_time,83296.88521312008
taskid,290,finish_time,83344.84616065909
taskid,289,finish_time,84136.45397327536
taskid,291,finish_time,84203.33515971129
taskid,141,finish_time,84366.8366566499
taskid,318,start_time,84366.8366566499
taskid,319,start_time,84366.8366566499
taskid,320,start_time,84366.8366566499
taskid,321,start_time,84366.8366566499
taskid,322,start_time,84366.8366566499
taskid,323,start_time,84366.8366566499
taskid,324,start_time,84366.8366566499
taskid,320,finish_time,85038.40240589947
taskid,325,start_time,85038.40240589947
taskid,321,finish_time,85191.86399191232
taskid,326,start_time,85191.86399191232
taskid,319,finish_time,85230.08021883703
taskid,327,start_time,85230.08021883703
taskid,310,finish_time,85919.7884775185
taskid,328,start_time,85919.7884775185
taskid,329,start_time,85919.7884775185
taskid,330,start_time,85919.7884775185
taskid,331,start_time,85919.7884775185
taskid,332,start_time,85919.7884775185
taskid,333,start_time,85919.7884775185
taskid,334,start_time,85919.7884775185
taskid,335,start_time,85919.7884775185
taskid,315,finish_time,86049.08513222323
taskid,170,finish_time,86069.78953296374
taskid,336,start_time,86069.78953296374
taskid,337,start_time,86069.78953296374
taskid,338,start_time,86069.78953296374
taskid,339,start_time,86069.78953296374
taskid,293,finish_time,86086.34729979663
taskid,234,finish_time,86426.72934761018
taskid,337,finish_time,86856.74044725293
taskid,323,finish_time,86996.42672719747
taskid,340,start_time,86996.42672719747
taskid,339,finish_time,87071.66601555434
taskid,338,finish_time,87079.40753348358
taskid,341,start_time,87079.40753348358
taskid,217,finish_time,87359.84424668842
taskid,342,start_time,87359.84424668842
taskid,343,start_time,87359.84424668842
taskid,344,start_time,87359.84424668842
taskid,343,finish_time,88191.3118794208
taskid,342,finish_time,88319.77855319373
taskid,344,finish_time,88378.26175386025
taskid,345,start_time,88378.26175386025
taskid,322,finish_time,89063.0103523803
taskid,346,start_time,89063.0103523803
taskid,317,finish_time,89649.02534172876
taskid,347,start_time,89649.02534172876
taskid,346,finish_time,89864.09775659158
taskid,306,finish_time,90209.38910199715
taskid,348,start_time,90209.38910199715
taskid,309,finish_time,90471.76129144889
taskid,349,start_time,90471.76129144889
taskid,100,finish_time,90916.24634042692
taskid,350,start_time,90916.24634042692
taskid,351,start_time,90916.24634042692
taskid,352,start_time,90916.24634042692
taskid,353,start_time,90916.24634042692
taskid,354,start_time,90916.24634042692
taskid,355,start_time,90916.24634042692
taskid,347,finish_time,90967.0485779958
taskid,194,finish_time,91237.96288803255
taskid,349,finish_time,91250.9068849774
taskid,86,finish_time,91553.27323404253
taskid,356,start_time,91553.27323404253
taskid,350,finish_time,91587.73651716376
taskid,351,finish_time,91646.03243062903
taskid,353,finish_time,91752.20202356334
taskid,355,finish_time,91900.26201191857
taskid,354,finish_time,91952.10613695094
taskid,89,finish_time,92058.44964659525
taskid,357,start_time,92058.44964659525
taskid,357,finish_time,92629.36716507422
taskid,356,finish_time,93462.48005035167
taskid,358,start_time,93462.48005035167
taskid,325,finish_time,93627.11303407494
taskid,332,finish_time,93984.69861138573
taskid,143,finish_time,94908.68215049311
taskid,359,start_time,94908.68215049311
taskid,360,start_time,94908.68215049311
taskid,361,start_time,94908.68215049311
taskid,362,start_time,94908.68215049311
taskid,363,start_time,94908.68215049311
taskid,364,start_time,94908.68215049311
taskid,327,finish_time,95037.7288407756
taskid,365,start_time,95037.7288407756
taskid,331,finish_time,95144.5215774555
taskid,366,start_time,95144.5215774555
taskid,324,finish_time,95313.25088413541
taskid,367,start_time,95313.25088413541
taskid,360,finish_time,95680.11667022292
taskid,368,start_time,95680.11667022292
taskid,362,finish_time,95728.46940921358
taskid,369,start_time,95728.46940921358
taskid,326,finish_time,95811.97975354378
taskid,370,start_time,95811.97975354378
taskid,363,finish_time,95984.22171486425
taskid,371,start_time,95984.22171486425
taskid,359,finish_time,96339.21533109053
taskid,372,start_time,96339.21533109053
taskid,373,start_time,96339.21533109053
taskid,374,start_time,96339.21533109053
taskid,375,start_time,96339.21533109053
taskid,376,start_time,96339.21533109053
taskid,377,start_time,96339.21533109053
taskid,378,start_time,96339.21533109053
taskid,379,start_time,96339.21533109053
taskid,380,start_time,96339.21533109053
taskid,364,finish_time,96450.94622694349
taskid,381,start_time,96450.94622694349
taskid,371,finish_time,96634.24428666709
taskid,382,start_time,96634.24428666709
taskid,333,finish_time,96719.92147903443
taskid,383,start_time,96719.92147903443
taskid,316,finish_time,96807.5433295985
taskid,384,start_time,96807.5433295985
taskid,385,start_time,96807.5433295985
taskid,386,start_time,96807.5433295985
taskid,387,start_time,96807.5433295985
taskid,388,start_time,96807.5433295985
taskid,389,start_time,96807.5433295985
taskid,390,start_time,96807.5433295985
taskid,391,start_time,96807.5433295985
taskid,328,finish_time,96915.1855193159
taskid,376,finish_time,96935.04610404387
taskid,392,start_time,96935.04610404387
taskid,393,start_time,96935.04610404387
taskid,367,finish_time,97142.03882942464
taskid,394,start_time,97142.03882942464
taskid,379,finish_time,97200.9370133681
taskid,395,start_time,97200.9370133681
taskid,365,finish_time,97301.09004539983
taskid,396,start_time,97301.09004539983
taskid,308,finish_time,97379.56792092892
taskid,397,start_time,97379.56792092892
taskid,398,start_time,97379.56792092892
taskid,399,start_time,97379.56792092892
taskid,400,start_time,97379.56792092892
taskid,401,start_time,97379.56792092892
taskid,329,finish_time,97391.79066950096
taskid,366,finish_time,97407.29783353968
taskid,378,finish_time,97408.41903856999
taskid,389,finish_time,97426.87069012734
taskid,392,finish_time,97502.71819653499
taskid,402,start_time,97502.71819653499
taskid,403,start_time,97502.71819653499
taskid,404,start_time,97502.71819653499
taskid,368,finish_time,97507.22879778405
taskid,375,finish_time,97549.86999224435
taskid,377,finish_time,97610.25576735803
taskid,405,start_time,97610.25576735803
taskid,380,finish_time,97610.73939134047
taskid,406,start_time,97610.73939134047
taskid,374,finish_time,97661.75772232396
taskid,407,start_time,97661.75772232396
taskid,373,finish_time,97708.82100634
taskid,408,start_time,97708.82100634
taskid,381,finish_time,97821.86796469134
taskid,409,start_time,97821.86796469134
taskid,369,finish_time,97993.92930029397
taskid,410,start_time,97993.92930029397
taskid,384,finish_time,98027.57589181297
taskid,411,start_time,98027.57589181297
taskid,387,finish_time,98041.15641320977
taskid,412,start_time,98041.15641320977
taskid,383,finish_time,98067.65691544574
taskid,413,start_time,98067.65691544574
taskid,370,finish_time,98074.47526030715
taskid,414,start_time,98074.47526030715
taskid,388,finish_time,98151.59531986932
taskid,415,start_time,98151.59531986932
taskid,394,finish_time,98188.94913230157
taskid,391,finish_time,98430.37156236381
taskid,330,finish_time,98553.58110986014
taskid,382,finish_time,98639.88915933238
taskid,385,finish_time,98785.8188854479
taskid,397,finish_time,98895.91998570914
taskid,398,finish_time,99094.41408424881
taskid,399,finish_time,99106.43115299444
taskid,386,finish_time,99179.91485351662
taskid,401,finish_time,99198.44734434747
taskid,400,finish_time,99202.44641513457
taskid,395,finish_time,99212.31364919411
taskid,390,finish_time,99267.79529416724
taskid,403,finish_time,99467.83353652922
taskid,396,finish_time,99555.16152424309
taskid,414,finish_time,99652.40708304154
taskid,416,start_time,99652.40708304154
taskid,361,finish_time,99841.21452013351
taskid,411,finish_time,100310.59488597407
taskid,408,finish_time,100373.25933537868
taskid,416,finish_time,100661.1934510689
taskid,417,start_time,100661.1934510689
taskid,418,start_time,100661.1934510689
taskid,419,start_time,100661.1934510689
taskid,420,start_time,100661.1934510689
taskid,413,finish_time,100689.88925498725
taskid,421,start_time,100689.88925498725
taskid,412,finish_time,100763.96009130485
taskid,422,start_time,100763.96009130485
taskid,393,finish_time,101152.65155992878
taskid,423,start_time,101152.65155992878
taskid,420,finish_time,101165.94582618338
taskid,424,start_time,101165.94582618338
taskid,336,finish_time,101342.97578563899
taskid,425,start_time,101342.97578563899
taskid,426,start_time,101342.97578563899
taskid,427,start_time,101342.97578563899
taskid,428,start_time,101342.97578563899
taskid,429,start_time,101342.97578563899
taskid,430,start_time,101342.97578563899
taskid,404,finish_time,101366.67968573573
taskid,334,finish_time,101540.73383750962
taskid,431,start_time,101540.73383750962
taskid,340,finish_time,101634.05403834496
taskid,432,start_time,101634.05403834496
taskid,433,start_time,101634.05403834496
taskid,434,start_time,101634.05403834496
taskid,435,start_time,101634.05403834496
taskid,418,finish_time,101760.26303949118
taskid,436,start_time,101760.26303949118
taskid,419,finish_time,101760.73995199004
taskid,437,start_time,101760.73995199004
taskid,410,finish_time,101902.35759448915
taskid,406,finish_time,102111.96069605852
taskid,433,finish_time,102122.69492718075
taskid,438,start_time,102217.3204841714
taskid,439,start_time,102485.52501248154
taskid,424,finish_time,102746.15135673164
taskid,440,start_time,102899.3453451977
taskid,407,finish_time,102929.2690233649
taskid,441,start_time,102945.638443382
taskid,442,start_time,103134.63467833512
taskid,423,finish_time,103174.67218076519
taskid,427,finish_time,103297.18309130913
taskid,429,finish_time,103297.94477715681
taskid,425,finish_time,103298.19454946715
taskid,426,finish_time,103300.66598596808
taskid,428,finish_time,103300.95200982294
taskid,422,finish_time,103669.2402445795
taskid,415,finish_time,103773.01394093267
taskid,443,start_time,103865.10906710362
taskid,438,finish_time,103925.76121372146
taskid,444,start_time,103937.00462648594
taskid,409,finish_time,104026.43098349014
taskid,439,finish_time,104163.26079267282
taskid,445,start_time,104182.65605253493
taskid,372,finish_time,104482.3027155525
taskid,437,finish_time,104567.11490709473
taskid,441,finish_time,104658.07534123781
taskid,442,finish_time,104864.30989780826
taskid,440,finish_time,105145.73455136943
taskid,445,finish_time,105236.62686795511
taskid,430,finish_time,105387.77760591722
taskid,348,finish_time,105776.69963977663
taskid,443,finish_time,105896.73998244209
taskid,446,start_time,105896.73998244209
taskid,436,finish_time,105947.71347918235
taskid,447,start_time,105947.71347918235
taskid,444,finish_time,105967.53253241528
taskid,448,start_time,105967.53253241528
taskid,132,finish_time,106260.73428708596
taskid,449,start_time,106260.73428708596
taskid,450,start_time,106260.73428708596
taskid,451,start_time,106260.73428708596
taskid,452,start_time,106260.73428708596
taskid,447,finish_time,106973.20875081765
taskid,452,finish_time,107050.6895955981
taskid,448,finish_time,107097.2282664774
taskid,358,finish_time,107196.3581392068
taskid,453,start_time,107196.3581392068
taskid,449,finish_time,107204.63779269355
taskid,454,start_time,107204.63779269355
taskid,451,finish_time,107293.81406909526
taskid,446,finish_time,107299.96443511997
taskid,455,start_time,107299.96443511997
taskid,450,finish_time,107526.57448178799
taskid,453,finish_time,107897.51240521955
taskid,454,finish_time,108059.87192826303
taskid,456,start_time,108059.87192826303
taskid,457,start_time,108059.87192826303
taskid,455,finish_time,108340.3924697235
taskid,458,start_time,108340.3924697235
taskid,459,start_time,108507.78767893954
taskid,460,start_time,108643.58031241484
taskid,458,finish_time,109187.80532413127
taskid,461,start_time,109187.80532413127
taskid,462,start_time,109187.80532413127
taskid,459,finish_time,109377.54968021564
taskid,314,finish_time,109648.24901704193
taskid,460,finish_time,109651.61304791122
taskid,463,start_time,109651.61304791122
taskid,464,start_time,109651.61304791122
taskid,465,start_time,109651.61304791122
taskid,318,finish_time,109784.07618395206
taskid,466,start_time,109813.66975117577
taskid,467,start_time,109904.8382302166
taskid,434,finish_time,109919.74546414528
taskid,468,start_time,110019.05532981774
taskid,469,start_time,110090.606563712
taskid,405,finish_time,110335.9867705571
taskid,470,start_time,110378.49093894465
taskid,457,finish_time,110540.98957056871
taskid,471,start_time,110561.4139369083
taskid,471,finish_time,111270.2747935727
taskid,472,start_time,111345.4270165764
taskid,431,finish_time,111512.14220736481
taskid,473,start_time,111896.81316617766
taskid,474,start_time,112143.18214537356
taskid,472,finish_time,112388.28773649552
taskid,10,finish_time,112462.77186876627
taskid,341,finish_time,112488.48770236298
taskid,473,finish_time,112780.88237867129
taskid,474,finish_time,113182.82912160632
taskid,475,start_time,113579.67305593078
taskid,476,start_time,113722.66069619509
taskid,477,start_time,113757.95882226333
taskid,478,start_time,113824.27880928168
taskid,479,start_time,113957.2062180836
taskid,480,start_time,114035.63165476319
taskid,481,start_time,114399.91752914104
taskid,475,finish_time,114443.384020963
taskid,482,start_time,114588.65981317707
taskid,402,finish_time,114692.81546207334
taskid,477,finish_time,114709.38283374374
taskid,483,start_time,114853.2776017036
taskid,484,start_time,114925.64710300208
taskid,480,finish_time,115068.22876803234
taskid,482,finish_time,115331.56295452281
taskid,484,finish_time,115520.29601451587
taskid,485,start_time,115536.52011400223
taskid,467,finish_time,115601.20584202204
taskid,486,start_time,115725.6040327668
taskid,435,finish_time,115787.97999578605
taskid,487,start_time,115796.26268251697
taskid,488,start_time,116297.6838554102
taskid,489,start_time,116395.43104435714
taskid,490,start_time,116463.3333318822
taskid,491,start_time,116475.44044457443
taskid,492,start_time,116598.485686566
taskid,493,start_time,116731.45520231884
taskid,494,start_time,116874.5456047422
taskid,225,finish_time,116933.44665214205
taskid,495,start_time,116944.95536496895
taskid,496,start_time,117091.26673884073
taskid,491,finish_time,117230.16902505531
taskid,497,start_time,117235.56722747568
taskid,498,start_time,117391.08479323916
taskid,432,finish_time,117449.95232267266
taskid,499,start_time,117462.69742661524
taskid,500,start_time,117573.89582462017
taskid,307,finish_time,117599.14830919246
taskid,501,start_time,117625.07019309724
taskid,502,start_time,117648.15778814827
taskid,503,start_time,117682.38496655971
taskid,495,finish_time,118031.60253265119
taskid,494,finish_time,118074.3003015631
taskid,496,finish_time,118092.73766441018
taskid,504,start_time,118094.10196983498
taskid,505,start_time,118164.84532872691
taskid,506,start_time,118221.56316046466
taskid,507,start_time,118505.17698869586
taskid,476,finish_time,118703.80142331269
taskid,278,finish_time,118838.33396508344
taskid,506,finish_time,118996.33196718723
taskid,505,finish_time,119069.3429388609
taskid,504,finish_time,119106.85698330078
taskid,507,finish_time,119292.39307305642
taskid,508,start_time,119342.30231790707
taskid,503,finish_time,119393.52799737369
taskid,502,finish_time,119470.90006420654
taskid,509,start_time,119476.78076606277
taskid,501,finish_time,119477.82075554384
taskid,497,finish_time,119490.55153977154
taskid,498,finish_time,119644.10111299064
taskid,499,finish_time,119716.54456811976
taskid,510,start_time,119730.66534664696
taskid,500,finish_time,119828.59775561989
taskid,511,start_time,119862.87111470252
taskid,512,start_time,119987.42944866403
taskid,513,start_time,120076.12465817615
taskid,514,start_time,120167.30645305193
taskid,515,start_time,120265.15074474493
taskid,516,start_time,120328.45512934744
taskid,508,finish_time,120383.62056580756
taskid,509,finish_time,120518.93717402364
taskid,512,finish_time,120603.59672582081
taskid,511,finish_time,120835.1823861112
taskid,510,finish_time,121004.06850483468
taskid,513,finish_time,121217.81002146893
taskid,514,finish_time,121270.82878190537
taskid,517,start_time,121273.76209692105
taskid,518,start_time,121473.36827213745
taskid,519,start_time,121886.73980237107
taskid,520,start_time,122279.66414948445
taskid,521,start_time,122396.24443494667
taskid,522,start_time,122418.20783725397
taskid,518,finish_time,122490.57057053971
taskid,485,finish_time,122526.52151054938
taskid,523,start_time,122613.1691354215
taskid,488,finish_time,122698.41705805206
taskid,519,finish_time,122906.98770691035
taskid,520,finish_time,123134.1750022315
taskid,522,finish_time,123208.61544224327
taskid,481,finish_time,123370.3749795502
taskid,523,finish_time,123414.20793163533
taskid,524,start_time,123900.52616178822
taskid,525,start_time,123934.13355916343
taskid,525,finish_time,124712.43327429239
taskid,492,finish_time,124885.53488540843
taskid,478,finish_time,124983.91076749627
taskid,490,finish_time,125232.06451443842
taskid,526,start_time,125326.87004742859
taskid,527,start_time,125577.43221958366
taskid,528,start_time,125785.53449686061
taskid,483,finish_time,125911.61671875438
taskid,529,start_time,126155.52003317907
taskid,530,start_time,126397.49790341292
taskid,526,finish_time,126466.86842316427
taskid,531,start_time,126515.48150805903
taskid,527,finish_time,126693.80435920769
taskid,487,finish_time,126770.02327369613
taskid,486,finish_time,126774.00861288299
taskid,532,start_time,126964.3898146871
taskid,533,start_time,126976.05906931573
taskid,529,finish_time,127140.60264236339
taskid,489,finish_time,127253.12820030948
taskid,530,finish_time,127591.51540323776
taskid,534,start_time,127635.77966964152
taskid,535,start_time,127833.06508763801
taskid,536,start_time,127969.21027508639
taskid,201,finish_time,128021.98813408642
taskid,537,start_time,128281.42969946026
taskid,538,start_time,128369.15446992498
taskid,539,start_time,128382.36679688607
taskid,540,start_time,128452.81228580767
taskid,541,start_time,128484.20477606608
taskid,533,finish_time,128518.35639740914
taskid,531,finish_time,128529.51122285887
taskid,532,finish_time,128788.077285915
taskid,542,start_time,129027.65193863532
taskid,543,start_time,129113.63046027534
taskid,493,finish_time,129192.43594119683
taskid,544,start_time,129196.36119228903
taskid,521,finish_time,129264.99396596798
taskid,545,start_time,129274.99178488392
taskid,546,start_time,129378.25800832371
taskid,541,finish_time,129435.72262963546
taskid,540,finish_time,129482.47537909738
taskid,547,start_time,129692.13892557957
taskid,534,finish_time,129896.26084530249
taskid,542,finish_time,130057.51958552974
taskid,543,finish_time,130065.4747975714
taskid,535,finish_time,130093.36088117145
taskid,544,finish_time,130148.5523204303
taskid,548,start_time,130164.15825020782
taskid,536,finish_time,130225.59292498526
taskid,547,finish_time,130453.77464046302
taskid,537,finish_time,130538.09671405905
taskid,548,finish_time,131290.96754562343
taskid,528,finish_time,131501.84064682003
taskid,335,finish_time,132715.23019008173
taskid,545,finish_time,134180.6057294234
taskid,549,start_time,134180.6057294234
taskid,549,finish_time,135280.65733752446
taskid,550,start_time,135280.65733752446
taskid,551,start_time,135280.65733752446
taskid,524,finish_time,136990.6724929527
taskid,552,start_time,136990.6724929527
taskid,553,start_time,136990.6724929527
taskid,552,finish_time,137617.7598599222
taskid,554,start_time,137617.7598599222
taskid,200,finish_time,137618.07809779898
taskid,555,start_time,137618.07809779898
taskid,553,finish_time,138104.31135937772
taskid,456,finish_time,141166.24481632287
taskid,556,start_time,141166.24481632287
taskid,546,finish_time,141203.15538018805
taskid,557,start_time,141203.15538018805
taskid,558,start_time,141203.15538018805
taskid,551,finish_time,141341.13388095377
taskid,559,start_time,141341.13388095377
taskid,560,start_time,141341.13388095377
taskid,208,finish_time,142485.61248364436
taskid,561,start_time,142485.61248364436
taskid,562,start_time,142485.61248364436
taskid,95,finish_time,143369.30890009075
taskid,563,start_time,143369.30890009075
taskid,564,start_time,143369.30890009075
taskid,555,finish_time,143476.51769437233
taskid,565,start_time,143476.51769437233
taskid,352,finish_time,143525.31422297595
taskid,566,start_time,143525.31422297595
taskid,567,start_time,143525.31422297595
taskid,568,start_time,143525.31422297595
taskid,562,finish_time,143728.8680950644
taskid,568,finish_time,144437.11616523398
taskid,567,finish_time,144760.97990195334
taskid,550,finish_time,145596.226655092
taskid,569,start_time,145596.226655092
taskid,19,finish_time,147144.75936198715
taskid,561,finish_time,148557.39356466438
taskid,570,start_time,148557.39356466438
taskid,571,start_time,148557.39356466438
taskid,572,start_time,148557.39356466438
taskid,573,start_time,148557.39356466438
taskid,565,finish_time,149141.8153829851
taskid,572,finish_time,149247.42200813474
taskid,574,start_time,149247.42200813474
taskid,575,start_time,149247.42200813474
taskid,573,finish_time,149438.33242716952
taskid,571,finish_time,149662.999281425
taskid,575,finish_time,150250.67563279372
taskid,557,finish_time,153954.06871337802
taskid,20,finish_time,154211.98035656268
taskid,576,start_time,154211.98035656268
taskid,23,finish_time,154690.80799108834
taskid,577,start_time,154690.80799108834
taskid,577,finish_time,155392.02515754758
taskid,570,finish_time,155857.0655489569
taskid,569,finish_time,156925.99935843036
taskid,578,start_time,156925.99935843036
taskid,579,start_time,156925.99935843036
taskid,559,finish_time,157386.9773061249
taskid,580,start_time,157386.9773061249
taskid,581,start_time,157386.9773061249
taskid,560,finish_time,157549.03999212568
taskid,579,finish_time,157677.072097133
taskid,578,finish_time,158080.26410409206
taskid,582,start_time,158080.26410409206
taskid,583,start_time,158080.26410409206
taskid,584,start_time,158080.26410409206
taskid,585,start_time,158080.26410409206
taskid,586,start_time,158080.26410409206
taskid,581,finish_time,158234.36238495153
taskid,563,finish_time,158996.4889778531
taskid,587,start_time,158996.4889778531
taskid,588,start_time,158996.4889778531
taskid,558,finish_time,159159.10264046918
taskid,589,start_time,159159.10264046918
taskid,590,start_time,159159.10264046918
taskid,591,start_time,159159.10264046918
taskid,592,start_time,159159.10264046918
taskid,593,start_time,159159.10264046918
taskid,583,finish_time,159186.60065838005
taskid,585,finish_time,159249.589256966
taskid,564,finish_time,159890.2747159184
taskid,594,start_time,159890.2747159184
taskid,595,start_time,159890.2747159184
taskid,596,start_time,159890.2747159184
taskid,588,finish_time,159976.5016386052
taskid,576,finish_time,160033.30137309004
taskid,597,start_time,160033.30137309004
taskid,598,start_time,160033.30137309004
taskid,599,start_time,160033.30137309004
taskid,600,start_time,160033.30137309004
taskid,601,start_time,160033.30137309004
taskid,589,finish_time,160310.95740373826
taskid,602,start_time,160310.95740373826
taskid,593,finish_time,160326.3866060576
taskid,603,start_time,160326.3866060576
taskid,566,finish_time,160851.84174440082
taskid,604,start_time,160851.84174440082
taskid,605,start_time,160851.84174440082
taskid,606,start_time,160851.84174440082
taskid,607,start_time,160851.84174440082
taskid,595,finish_time,161660.89146575867
taskid,574,finish_time,162191.53413150966
taskid,608,start_time,162191.53413150966
taskid,609,start_time,162191.53413150966
taskid,610,start_time,162191.53413150966
taskid,611,start_time,162191.53413150966
taskid,612,start_time,162191.53413150966
taskid,613,start_time,162191.53413150966
taskid,614,start_time,162191.53413150966
taskid,610,finish_time,163011.57337601337
taskid,615,start_time,163011.57337601337
taskid,611,finish_time,163072.85191323474
taskid,616,start_time,163072.85191323474
taskid,609,finish_time,163073.4090867922
taskid,617,start_time,163073.4090867922
taskid,613,finish_time,163251.9576971368
taskid,618,start_time,163251.9576971368
taskid,612,finish_time,163273.09359477204
taskid,619,start_time,163273.09359477204
taskid,584,finish_time,163661.58503756058
taskid,620,start_time,163661.58503756058
taskid,621,start_time,163661.58503756058
taskid,617,finish_time,163923.82892548788
taskid,615,finish_time,163961.37921359693
taskid,622,start_time,163961.37921359693
taskid,582,finish_time,163982.4080179691
taskid,623,start_time,163982.4080179691
taskid,624,start_time,163982.4080179691
taskid,625,start_time,163982.4080179691
taskid,626,start_time,163982.4080179691
taskid,627,start_time,163982.4080179691
taskid,628,start_time,163982.4080179691
taskid,629,start_time,163982.4080179691
taskid,630,start_time,163982.4080179691
taskid,631,start_time,163982.4080179691
taskid,8,finish_time,164207.8197123536
taskid,632,start_time,164207.8197123536
taskid,633,start_time,164207.8197123536
taskid,634,start_time,164207.8197123536
taskid,635,start_time,164207.8197123536
taskid,636,start_time,164207.8197123536
taskid,637,start_time,164207.8197123536
taskid,638,start_time,164207.8197123536
taskid,639,start_time,164207.8197123536
taskid,619,finish_time,164308.6411091957
taskid,640,start_time,164308.6411091957
taskid,618,finish_time,164395.62899897876
taskid,641,start_time,164395.62899897876
taskid,620,finish_time,164509.81681279736
taskid,642,start_time,164509.81681279736
taskid,596,finish_time,164714.21593314013
taskid,643,start_time,164714.21593314013
taskid,621,finish_time,164776.31891402663
taskid,644,start_time,164776.31891402663
taskid,592,finish_time,165467.45527751217
taskid,645,start_time,165467.45527751217
taskid,625,finish_time,165488.13601056678
taskid,646,start_time,165488.13601056678
taskid,624,finish_time,165503.55649464193
taskid,647,start_time,165503.55649464193
taskid,591,finish_time,165718.47333057664
taskid,648,start_time,165718.47333057664
taskid,630,finish_time,165785.48437833914
taskid,649,start_time,165785.48437833914
taskid,628,finish_time,165809.39194862364
taskid,650,start_time,165809.39194862364
taskid,629,finish_time,165818.06505349738
taskid,651,start_time,165818.06505349738
taskid,639,finish_time,165894.8425098105
taskid,652,start_time,165894.8425098105
taskid,635,finish_time,165903.9781248096
taskid,653,start_time,165903.9781248096
taskid,640,finish_time,166009.3062336453
taskid,654,start_time,166009.3062336453
taskid,633,finish_time,166028.62556966845
taskid,655,start_time,166028.62556966845
taskid,632,finish_time,166114.65209957366
taskid,656,start_time,166114.65209957366
taskid,626,finish_time,166216.175516224
taskid,657,start_time,166216.175516224
taskid,627,finish_time,166217.156791305
taskid,658,start_time,166217.156791305
taskid,631,finish_time,166236.87989296054
taskid,659,start_time,166236.87989296054
taskid,641,finish_time,166246.26392324176
taskid,660,start_time,166246.26392324176
taskid,638,finish_time,166259.94878467036
taskid,661,start_time,166259.94878467036
taskid,642,finish_time,166339.67754717552
taskid,662,start_time,166339.67754717552
taskid,616,finish_time,166362.34551622573
taskid,663,start_time,166362.34551622573
taskid,643,finish_time,166435.86006803153
taskid,664,start_time,166435.86006803153
taskid,636,finish_time,166446.52048249214
taskid,665,start_time,166446.52048249214
taskid,634,finish_time,166484.79575295592
taskid,666,start_time,166484.79575295592
taskid,637,finish_time,166494.22042079133
taskid,667,start_time,166494.22042079133
taskid,301,finish_time,166667.92646243432
taskid,668,start_time,166667.92646243432
taskid,669,start_time,166667.92646243432
taskid,670,start_time,166667.92646243432
taskid,671,start_time,166667.92646243432
taskid,672,start_time,166667.92646243432
taskid,673,start_time,166667.92646243432
taskid,674,start_time,166667.92646243432
taskid,675,start_time,166667.92646243432
taskid,676,start_time,166667.92646243432
taskid,677,start_time,166667.92646243432
taskid,678,start_time,166667.92646243432
taskid,679,start_time,166667.92646243432
taskid,680,start_time,166667.92646243432
taskid,681,start_time,166667.92646243432
taskid,682,start_time,166667.92646243432
taskid,683,start_time,166667.92646243432
taskid,644,finish_time,167053.74956950734
taskid,684,start_time,167053.74956950734
taskid,646,finish_time,167332.86669327423
taskid,685,start_time,167332.86669327423
taskid,647,finish_time,167373.2097096594
taskid,686,start_time,167373.2097096594
taskid,600,finish_time,167438.0218253133
taskid,687,start_time,167438.0218253133
taskid,653,finish_time,167683.14550061835
taskid,649,finish_time,167736.53342313902
taskid,645,finish_time,167736.78723818998
taskid,657,finish_time,167752.3394028829
taskid,607,finish_time,167754.34071840902
taskid,652,finish_time,167775.2099632333
taskid,462,finish_time,167870.94314197946
taskid,688,start_time,167870.94314197946
taskid,689,start_time,167870.94314197946
taskid,690,start_time,167870.94314197946
taskid,656,finish_time,167940.05690796135
taskid,659,finish_time,167966.80799277598
taskid,463,finish_time,167969.85419097118
taskid,590,finish_time,168014.40788960314
taskid,614,finish_time,168032.08421285643
taskid,691,start_time,168032.08421285643
taskid,648,finish_time,168043.80955990052
taskid,650,finish_time,168126.89415447222
taskid,651,finish_time,168151.8402283538
taskid,675,finish_time,168206.70667356803
taskid,662,finish_time,168225.56611118445
taskid,663,finish_time,168278.14482207043
taskid,665,finish_time,168314.49186369203
taskid,654,finish_time,168324.91409993276
taskid,677,finish_time,168370.95558501306
taskid,692,start_time,168370.95558501306
taskid,664,finish_time,168466.1648775827
taskid,658,finish_time,168477.4952484136
taskid,660,finish_time,168508.8631685507
taskid,676,finish_time,168512.8165441349
taskid,661,finish_time,168520.1016600943
taskid,669,finish_time,168535.07443479224
taskid,678,finish_time,168578.44560215532
taskid,681,finish_time,168650.80180958254
taskid,687,finish_time,168654.15095543923
taskid,674,finish_time,168725.55897360193
taskid,689,finish_time,168738.08995912573
taskid,667,finish_time,168758.75150410467
taskid,671,finish_time,168905.54705693552
taskid,672,finish_time,168933.34489020452
taskid,673,finish_time,168944.30624415798
taskid,666,finish_time,168972.6053897752
taskid,693,start_time,168972.6053897752
taskid,682,finish_time,169088.29885318255
taskid,694,start_time,169088.29885318255
taskid,680,finish_time,169122.35766436954
taskid,695,start_time,169122.35766436954
taskid,679,finish_time,169123.96025254703
taskid,696,start_time,169123.96025254703
taskid,683,finish_time,169126.42894699462
taskid,697,start_time,169126.42894699462
taskid,670,finish_time,169158.94570547933
taskid,668,finish_time,169174.79132392202
taskid,608,finish_time,169258.4220009782
taskid,698,start_time,169258.4220009782
taskid,599,finish_time,169294.11889436826
taskid,602,finish_time,169318.97572215207
taskid,685,finish_time,169342.81031255214
taskid,655,finish_time,169373.2953922891
taskid,1,finish_time,169488.20100985817
taskid,699,start_time,169488.20100985817
taskid,684,finish_time,169519.44578704293
taskid,686,finish_time,169779.09310081578
taskid,700,start_time,169779.09310081578
taskid,586,finish_time,169965.4742820538
taskid,701,start_time,169965.4742820538
taskid,702,start_time,169965.4742820538
taskid,703,start_time,169965.4742820538
taskid,704,start_time,169965.4742820538
taskid,705,start_time,169965.4742820538
taskid,605,finish_time,170119.12099073126
taskid,606,finish_time,170316.19041407286
taskid,703,finish_time,170551.28844345137
taskid,587,finish_time,170582.1099884943
taskid,706,start_time,170582.1099884943
taskid,604,finish_time,170800.30725484373
taskid,580,finish_time,170809.7356171486
taskid,707,start_time,170809.7356171486
taskid,708,start_time,170809.7356171486
taskid,704,finish_time,170884.033071482
taskid,598,finish_time,170973.44839238908
taskid,601,finish_time,170999.93172129613
taskid,701,finish_time,171093.20607001576
taskid,603,finish_time,171438.0227845511
taskid,698,finish_time,171958.75898289512
taskid,709,start_time,171958.75898289512
taskid,710,start_time,171958.75898289512
taskid,539,finish_time,172026.40107296113
taskid,711,start_time,172026.40107296113
taskid,712,start_time,172026.40107296113
taskid,713,start_time,172026.40107296113
taskid,709,finish_time,172751.70467747707
taskid,714,start_time,172751.70467747707
taskid,712,finish_time,173181.3822815238
taskid,715,start_time,173181.3822815238
taskid,713,finish_time,173182.44645307682
taskid,708,finish_time,173871.8093001728
taskid,623,finish_time,174073.9617217633
taskid,88,finish_time,174231.47053107098
taskid,716,start_time,174231.47053107098
taskid,717,start_time,174231.47053107098
taskid,718,start_time,174231.47053107098
taskid,719,start_time,174231.47053107098
taskid,710,finish_time,174274.03916508442
taskid,720,start_time,174274.03916508442
taskid,720,finish_time,174942.285692146
taskid,721,start_time,174942.285692146
taskid,721,finish_time,175808.5954936386
taskid,722,start_time,175808.5954936386
taskid,597,finish_time,176168.99780522505
taskid,723,start_time,176168.99780522505
taskid,724,start_time,176168.99780522505
taskid,725,start_time,176168.99780522505
taskid,726,start_time,176168.99780522505
taskid,727,start_time,176168.99780522505
taskid,728,start_time,176168.99780522505
taskid,729,start_time,176168.99780522505
taskid,722,finish_time,176651.42554800393
taskid,688,finish_time,176731.13864950603
taskid,705,finish_time,176953.28029468426
taskid,724,finish_time,176988.05435692045
taskid,719,finish_time,177088.99105867287
taskid,725,finish_time,177457.04348526135
taskid,726,finish_time,177490.4950099406
taskid,730,start_time,177490.4950099406
taskid,702,finish_time,178114.74548265603
taskid,700,finish_time,178492.81738526007
taskid,699,finish_time,179098.25264920585
taskid,731,start_time,179098.25264920585
taskid,727,finish_time,179196.0379117599
taskid,622,finish_time,180264.0216957423
taskid,690,finish_time,180351.46360963868
taskid,461,finish_time,180881.5383027037
taskid,732,start_time,180881.5383027037
taskid,695,finish_time,181058.16768577023
taskid,692,finish_time,181337.03490971986
taskid,733,start_time,181337.03490971986
taskid,714,finish_time,181537.6393181241
taskid,693,finish_time,181824.2125298812
taskid,734,start_time,181824.2125298812
taskid,735,start_time,181824.2125298812
taskid,736,start_time,181824.2125298812
taskid,737,start_time,181824.2125298812
taskid,738,start_time,181824.2125298812
taskid,739,start_time,181824.2125298812
taskid,740,start_time,181824.2125298812
taskid,707,finish_time,182611.26685456923
taskid,741,start_time,182611.26685456923
taskid,742,start_time,182611.26685456923
taskid,737,finish_time,182736.28372511172
taskid,743,start_time,182736.28372511172
taskid,740,finish_time,182787.18323149878
taskid,717,finish_time,182922.81249963623
taskid,735,finish_time,183017.84971521658
taskid,302,finish_time,184864.08747321198
taskid,744,start_time,184864.08747321198
taskid,745,start_time,184864.08747321198
taskid,746,start_time,184864.08747321198
taskid,747,start_time,184864.08747321198
taskid,748,start_time,184864.08747321198
taskid,739,finish_time,184889.50320242133
taskid,749,start_time,184889.50320242133
taskid,728,finish_time,184922.84466974493
taskid,750,start_time,184922.84466974493
taskid,746,finish_time,186023.81796580332
taskid,751,start_time,186023.81796580332
taskid,745,finish_time,186052.9947732063
taskid,752,start_time,186052.9947732063
taskid,715,finish_time,186410.7563630574
taskid,753,start_time,186410.7563630574
taskid,754,start_time,186410.7563630574
taskid,755,start_time,186410.7563630574
taskid,756,start_time,186410.7563630574
taskid,757,start_time,186410.7563630574
taskid,758,start_time,186410.7563630574
taskid,759,start_time,186410.7563630574
taskid,760,start_time,186410.7563630574
taskid,761,start_time,186410.7563630574
taskid,762,start_time,186410.7563630574
taskid,763,start_time,186410.7563630574
taskid,764,start_time,186410.7563630574
taskid,765,start_time,186410.7563630574
taskid,751,finish_time,187153.72494321113
taskid,538,finish_time,187584.99086574858
taskid,750,finish_time,188256.07550026846
taskid,752,finish_time,188354.1433386132
taskid,749,finish_time,188490.64085004953
taskid,716,finish_time,188828.5403619723
taskid,753,finish_time,188855.00578036162
taskid,748,finish_time,188981.19660478755
taskid,470,finish_time,190213.64963980313
taskid,173,finish_time,190775.4856870075
taskid,729,finish_time,191976.5465980631
taskid,736,finish_time,193626.23494368934
taskid,759,finish_time,193980.5154628453
taskid,754,finish_time,194897.00199128778
taskid,734,finish_time,195587.9497987371
taskid,738,finish_time,195641.71329019868
taskid,764,finish_time,195650.5252682241
taskid,766,start_time,195650.5252682241
taskid,762,finish_time,195794.36196079195
taskid,756,finish_time,196051.63258291731
taskid,760,finish_time,196428.58071795062
taskid,469,finish_time,196993.35598067346
taskid,763,finish_time,197361.26080217314
taskid,757,finish_time,197419.74601068426
taskid,761,finish_time,197460.01585402506
taskid,758,finish_time,197497.9576453192
taskid,755,finish_time,197858.58634421087
taskid,258,finish_time,199141.08537721628
taskid,765,finish_time,200070.28280439271
taskid,87,finish_time,200578.3713632059
taskid,767,start_time,200578.3713632059
taskid,742,finish_time,200849.6868101932
taskid,768,start_time,200849.6868101932
taskid,769,start_time,200849.6868101932
taskid,770,start_time,200849.6868101932
taskid,771,start_time,200849.6868101932
taskid,305,finish_time,200872.48868959837
taskid,772,start_time,200872.48868959837
taskid,771,finish_time,201678.6111202824
taskid,770,finish_time,202009.88951533884
taskid,594,finish_time,202152.16562322306
taskid,773,start_time,202152.16562322306
taskid,774,start_time,202152.16562322306
taskid,775,start_time,202152.16562322306
taskid,7,finish_time,202284.68374708222
taskid,776,start_time,202284.68374708222
taskid,775,finish_time,203176.37686498166
taskid,774,finish_time,203323.56733068643
taskid,776,finish_time,203457.04480102626
taskid,769,finish_time,203960.66511314854
taskid,744,finish_time,206789.02834098748
taskid,777,start_time,206789.02834098748
taskid,76,finish_time,207106.37850337257
taskid,778,start_time,207106.37850337257
taskid,779,start_time,207106.37850337257
taskid,780,start_time,207106.37850337257
taskid,781,start_time,207106.37850337257
taskid,780,finish_time,207995.6432010257
taskid,781,finish_time,208010.40560011202
taskid,245,finish_time,208842.98661258258
taskid,779,finish_time,209416.93712266718
taskid,4,finish_time,212699.6766014749
taskid,782,start_time,212699.6766014749
taskid,783,start_time,212699.6766014749
taskid,784,start_time,212699.6766014749
taskid,768,finish_time,213083.6632037071
taskid,785,start_time,213083.6632037071
taskid,784,finish_time,213453.94566195752
taskid,783,finish_time,213870.64639407906
taskid,767,finish_time,216513.80798417577
taskid,786,start_time,216513.80798417577
taskid,787,start_time,216513.80798417577
taskid,788,start_time,216513.80798417577
taskid,789,start_time,216513.80798417577
taskid,790,start_time,216513.80798417577
taskid,791,start_time,216513.80798417577
taskid,792,start_time,216513.80798417577
taskid,793,start_time,216513.80798417577
taskid,794,start_time,216513.80798417577
taskid,773,finish_time,217086.2240197818
taskid,795,start_time,217086.2240197818
taskid,796,start_time,217086.2240197818
taskid,797,start_time,217086.2240197818
taskid,468,finish_time,217695.44942190128
taskid,791,finish_time,217864.59738492148
taskid,797,finish_time,218174.63168765826
taskid,796,finish_time,218214.5100322034
taskid,777,finish_time,219018.70901439912
taskid,798,start_time,219018.70901439912
taskid,799,start_time,219018.70901439912
taskid,800,start_time,219018.70901439912
taskid,801,start_time,219018.70901439912
taskid,802,start_time,219018.70901439912
taskid,790,finish_time,219088.89892679724
taskid,787,finish_time,219275.21288034707
taskid,788,finish_time,219848.6458163874
taskid,802,finish_time,219990.1373518857
taskid,799,finish_time,220004.90405390874
taskid,801,finish_time,220071.79569528808
taskid,803,start_time,220071.79569528808
taskid,800,finish_time,220124.59127138244
taskid,789,finish_time,220192.81839305328
taskid,747,finish_time,220341.64556653623
taskid,696,finish_time,220618.82997204657
taskid,778,finish_time,221922.82315576225
taskid,804,start_time,221922.82315576225
taskid,805,start_time,221922.82315576225
taskid,806,start_time,221922.82315576225
taskid,807,start_time,221922.82315576225
taskid,808,start_time,221922.82315576225
taskid,809,start_time,221922.82315576225
taskid,806,finish_time,222720.2049384791
taskid,807,finish_time,222803.97764612842
taskid,810,start_time,222803.97764612842
taskid,809,finish_time,222936.7632261519
taskid,811,start_time,222936.7632261519
taskid,805,finish_time,222966.30572569478
taskid,812,start_time,222966.30572569478
taskid,808,finish_time,222974.9764407884
taskid,813,start_time,222974.9764407884
taskid,811,finish_time,223887.6142487635
taskid,812,finish_time,224027.16531622582
taskid,813,finish_time,224066.41929042476
taskid,792,finish_time,224797.9938429972
taskid,794,finish_time,224986.61972025727
taskid,785,finish_time,226812.09438391277
taskid,814,start_time,226812.09438391277
taskid,815,start_time,226812.09438391277
taskid,816,start_time,226812.09438391277
taskid,694,finish_time,227561.53486915855
taskid,817,start_time,227561.53486915855
taskid,816,finish_time,227640.159676271
taskid,818,start_time,227640.159676271
taskid,786,finish_time,227889.32013483383
taskid,819,start_time,227889.32013483383
taskid,820,start_time,227889.32013483383
taskid,793,finish_time,227933.37375170315
taskid,821,start_time,227933.37375170315
taskid,300,finish_time,228048.4569507842
taskid,822,start_time,228048.4569507842
taskid,817,finish_time,228300.42318558632
taskid,823,start_time,228300.42318558632
taskid,818,finish_time,228449.74176251751
taskid,819,finish_time,228703.85570615632
taskid,479,finish_time,229040.55742145499
taskid,824,start_time,229040.55742145499
taskid,825,start_time,229040.55742145499
taskid,826,start_time,229040.55742145499
taskid,827,start_time,229040.55742145499
taskid,828,start_time,229040.55742145499
taskid,823,finish_time,229353.69060778516
taskid,824,finish_time,229803.78147768683
taskid,829,start_time,229803.78147768683
taskid,830,start_time,229803.78147768683
taskid,831,start_time,229803.78147768683
taskid,827,finish_time,230115.52252242295
taskid,826,finish_time,230136.9532253836
taskid,825,finish_time,230168.05076647736
taskid,832,start_time,230168.05076647736
taskid,822,finish_time,230423.45510057686
taskid,833,start_time,230423.45510057686
taskid,834,start_time,230423.45510057686
taskid,830,finish_time,230550.5123392616
taskid,831,finish_time,230566.00406824244
taskid,835,start_time,230566.00406824244
taskid,829,finish_time,230567.26227814693
taskid,836,start_time,230567.26227814693
taskid,711,finish_time,230935.73095646608
taskid,837,start_time,230935.73095646608
taskid,834,finish_time,231279.60021634604
taskid,838,start_time,231279.60021634604
taskid,838,finish_time,232241.83311533666
taskid,839,start_time,232241.83311533666
taskid,803,finish_time,232847.5148617248
taskid,840,start_time,232847.5148617248
taskid,841,start_time,232847.5148617248
taskid,839,finish_time,233338.5792372194
taskid,842,start_time,233338.5792372194
taskid,804,finish_time,234155.6169222427
taskid,843,start_time,234155.6169222427
taskid,844,start_time,234155.6169222427
taskid,836,finish_time,234251.69703323615
taskid,845,start_time,234251.69703323615
taskid,842,finish_time,234464.3406677213
taskid,846,start_time,234464.3406677213
taskid,844,finish_time,234677.7524875175
taskid,847,start_time,234677.7524875175
taskid,848,start_time,234677.7524875175
taskid,849,start_time,234677.7524875175
taskid,845,finish_time,235137.74267069082
taskid,848,finish_time,235932.5550664444
taskid,843,finish_time,236242.53152885148
taskid,850,start_time,236242.53152885148
taskid,841,finish_time,236646.65722806202
taskid,851,start_time,236646.65722806202
taskid,840,finish_time,237146.6268926133
taskid,852,start_time,237146.6268926133
taskid,814,finish_time,238508.09052160112
taskid,853,start_time,238508.09052160112
taskid,854,start_time,238508.09052160112
taskid,855,start_time,238508.09052160112
taskid,856,start_time,238508.09052160112
taskid,857,start_time,238508.09052160112
taskid,858,start_time,238508.09052160112
taskid,859,start_time,238508.09052160112
taskid,860,start_time,238508.09052160112
taskid,861,start_time,238508.09052160112
taskid,782,finish_time,238596.13710520155
taskid,862,start_time,238596.13710520155
taskid,863,start_time,238596.13710520155
taskid,864,start_time,238596.13710520155
taskid,865,start_time,238596.13710520155
taskid,866,start_time,238596.13710520155
taskid,867,start_time,238596.13710520155
taskid,868,start_time,238596.13710520155
taskid,869,start_time,238596.13710520155
taskid,828,finish_time,238868.66159118054
taskid,870,start_time,238868.66159118054
taskid,833,finish_time,238946.9176102929
taskid,871,start_time,238946.9176102929
taskid,852,finish_time,239115.05581233435
taskid,872,start_time,239115.05581233435
taskid,873,start_time,239115.05581233435
taskid,874,start_time,239115.05581233435
taskid,875,start_time,239115.05581233435
taskid,876,start_time,239115.05581233435
taskid,877,start_time,239115.05581233435
taskid,878,start_time,239115.05581233435
taskid,879,start_time,239115.05581233435
taskid,853,finish_time,239951.37452008962
taskid,880,start_time,239951.37452008962
taskid,881,start_time,239951.37452008962
taskid,882,start_time,239951.37452008962
taskid,883,start_time,239951.37452008962
taskid,884,start_time,239951.37452008962
taskid,885,start_time,239951.37452008962
taskid,886,start_time,239951.37452008962
taskid,887,start_time,239951.37452008962
taskid,867,finish_time,240199.7011019584
taskid,869,finish_time,240411.85082118382
taskid,858,finish_time,240469.76979264247
taskid,868,finish_time,240519.18236979813
taskid,857,finish_time,240600.81183952003
taskid,865,finish_time,240738.45066636283
taskid,849,finish_time,240743.5723152309
taskid,876,finish_time,240838.54051305057
taskid,888,start_time,240838.54051305057
taskid,861,finish_time,240852.18116262302
taskid,889,start_time,240852.18116262302
taskid,856,finish_time,240856.759026792
taskid,859,finish_time,240858.7928908145
taskid,860,finish_time,240862.78090193562
taskid,874,finish_time,240895.626815413
taskid,863,finish_time,240947.2889990558
taskid,862,finish_time,240950.77930424077
taskid,864,finish_time,240959.20000765187
taskid,866,finish_time,240966.02097675647
taskid,890,start_time,240966.02097675647
taskid,873,finish_time,240975.03956050368
taskid,875,finish_time,240975.1099147268
taskid,878,finish_time,240982.52106597403
taskid,772,finish_time,241212.89268594378
taskid,870,finish_time,241239.56037295703
taskid,871,finish_time,241328.37254322064
taskid,877,finish_time,241420.57269094035
taskid,872,finish_time,241422.7291526551
taskid,879,finish_time,241441.7623419526
taskid,891,start_time,241441.7623419526
taskid,887,finish_time,241564.12355852287
taskid,884,finish_time,241603.1912646443
taskid,890,finish_time,241704.4218819587
taskid,892,start_time,241704.4218819587
taskid,882,finish_time,241778.03025571574
taskid,880,finish_time,241884.84876883336
taskid,886,finish_time,241909.02399324087
taskid,885,finish_time,241977.4629808858
taskid,837,finish_time,242272.788321442
taskid,893,start_time,242272.788321442
taskid,883,finish_time,242348.12645008878
taskid,881,finish_time,242373.63774850647
taskid,894,start_time,242373.63774850647
taskid,256,finish_time,244371.5444512849
taskid,697,finish_time,245990.55408527833
taskid,821,finish_time,246853.93585727984
taskid,847,finish_time,248045.65994574607
taskid,741,finish_time,250515.88684279358
taskid,895,start_time,250515.88684279358
taskid,896,start_time,250515.88684279358
taskid,731,finish_time,252072.05131324855
taskid,897,start_time,252072.05131324855
taskid,895,finish_time,253951.93205482853
taskid,898,start_time,253951.93205482853
taskid,899,start_time,253951.93205482853
taskid,898,finish_time,254589.3177226582
taskid,900,start_time,254589.3177226582
taskid,901,start_time,254589.3177226582
taskid,899,finish_time,254635.86982242763
taskid,902,start_time,254635.86982242763
taskid,903,start_time,254635.86982242763
taskid,901,finish_time,255252.95437894823
taskid,904,start_time,255252.95437894823
taskid,820,finish_time,255430.2539692024
taskid,905,start_time,255430.2539692024
taskid,906,start_time,255430.2539692024
taskid,907,start_time,255430.2539692024
taskid,908,start_time,255430.2539692024
taskid,909,start_time,255430.2539692024
taskid,910,start_time,255430.2539692024
taskid,911,start_time,255430.2539692024
taskid,912,start_time,255430.2539692024
taskid,903,finish_time,255741.5209490512
taskid,913,start_time,255741.5209490512
taskid,904,finish_time,256986.81831439174
taskid,914,start_time,256986.81831439174
taskid,907,finish_time,257159.2734501388
taskid,915,start_time,257159.2734501388
taskid,912,finish_time,257159.9633865381
taskid,916,start_time,257159.9633865381
taskid,906,finish_time,257303.36064499826
taskid,917,start_time,257303.36064499826
taskid,905,finish_time,257529.5578602465
taskid,918,start_time,257529.5578602465
taskid,913,finish_time,257542.08712582447
taskid,919,start_time,257542.08712582447
taskid,908,finish_time,257733.88569611148
taskid,920,start_time,257733.88569611148
taskid,909,finish_time,257752.31570149417
taskid,921,start_time,257752.31570149417
taskid,910,finish_time,257753.46898699872
taskid,922,start_time,257753.46898699872
taskid,911,finish_time,257754.21783805906
taskid,923,start_time,257754.21783805906
taskid,915,finish_time,258909.86386827973
taskid,924,start_time,258909.86386827973
taskid,914,finish_time,258952.6445277932
taskid,925,start_time,258952.6445277932
taskid,918,finish_time,259108.29041890881
taskid,926,start_time,259108.29041890881
taskid,920,finish_time,259321.34855414444
taskid,927,start_time,259321.34855414444
taskid,922,finish_time,259333.1069483846
taskid,928,start_time,259333.1069483846
taskid,916,finish_time,259508.7994387166
taskid,929,start_time,259508.7994387166
taskid,917,finish_time,259650.5232962977
taskid,930,start_time,259650.5232962977
taskid,919,finish_time,259892.45247297134
taskid,931,start_time,259892.45247297134
taskid,923,finish_time,260094.01676393487
taskid,932,start_time,260094.01676393487
taskid,921,finish_time,260097.87564755412
taskid,933,start_time,260097.87564755412
taskid,924,finish_time,260859.68492167443
taskid,934,start_time,260859.68492167443
taskid,928,finish_time,260908.20542185853
taskid,935,start_time,260908.20542185853
taskid,925,finish_time,261067.7903280652
taskid,936,start_time,261067.7903280652
taskid,855,finish_time,261367.71026147692
taskid,937,start_time,261367.71026147692
taskid,938,start_time,261367.71026147692
taskid,939,start_time,261367.71026147692
taskid,940,start_time,261367.71026147692
taskid,941,start_time,261367.71026147692
taskid,942,start_time,261367.71026147692
taskid,943,start_time,261367.71026147692
taskid,944,start_time,261367.71026147692
taskid,930,finish_time,261391.78166776715
taskid,945,start_time,261391.78166776715
taskid,926,finish_time,261442.4586508728
taskid,946,start_time,261442.4586508728
taskid,927,finish_time,261658.35793281696
taskid,947,start_time,261658.35793281696
taskid,929,finish_time,261852.63215041277
taskid,948,start_time,261852.63215041277
taskid,730,finish_time,261853.70221943976
taskid,949,start_time,261853.70221943976
taskid,950,start_time,261853.70221943976
taskid,951,start_time,261853.70221943976
taskid,952,start_time,261853.70221943976
taskid,953,start_time,261853.70221943976
taskid,954,start_time,261853.70221943976
taskid,933,finish_time,262009.289332352
taskid,931,finish_time,262215.1499744758
taskid,932,finish_time,262432.6172564129
taskid,954,finish_time,262539.645921127
taskid,955,start_time,262539.645921127
taskid,956,start_time,262539.645921127
taskid,957,start_time,262539.645921127
taskid,958,start_time,262539.645921127
taskid,959,start_time,262539.645921127
taskid,960,start_time,262539.645921127
taskid,961,start_time,262539.645921127
taskid,934,finish_time,262643.10493758356
taskid,962,start_time,262643.10493758356
taskid,465,finish_time,262698.9678383603
taskid,963,start_time,262698.9678383603
taskid,464,finish_time,262699.3579419389
taskid,964,start_time,262699.3579419389
taskid,466,finish_time,262855.19231630146
taskid,965,start_time,262855.19231630146
taskid,942,finish_time,263095.6908646231
taskid,945,finish_time,263233.435527326
taskid,940,finish_time,263238.97174320056
taskid,938,finish_time,263240.15513644024
taskid,935,finish_time,263273.41153591196
taskid,946,finish_time,263288.26825005206
taskid,947,finish_time,263399.8478685294
taskid,936,finish_time,263405.36817197094
taskid,966,start_time,263405.36817197094
taskid,950,finish_time,263561.3288864763
taskid,967,start_time,263561.3288864763
taskid,944,finish_time,263671.0872709196
taskid,941,finish_time,263689.61153568036
taskid,939,finish_time,263694.1846918004
taskid,937,finish_time,263696.2428940674
taskid,943,finish_time,263697.6361543068
taskid,948,finish_time,263706.5843472769
taskid,949,finish_time,263719.55044801044
taskid,952,finish_time,264134.8331994553
taskid,951,finish_time,264153.6055798048
taskid,953,finish_time,264321.63384248427
taskid,965,finish_time,264471.8103911961
taskid,967,finish_time,264545.2274916474
taskid,958,finish_time,269628.46055519657
taskid,959,finish_time,270593.9880379587
taskid,743,finish_time,270861.2991930712
taskid,832,finish_time,271166.3410189094
taskid,960,finish_time,272842.5988308329
taskid,957,finish_time,273937.59041322867
taskid,968,start_time,273937.59041322867
taskid,966,finish_time,274362.91044416535
taskid,963,finish_time,275634.946232979
taskid,962,finish_time,275656.70513409656
taskid,961,finish_time,276840.7342833456
taskid,964,finish_time,277211.4047420847
taskid,894,finish_time,279294.39608522836
taskid,969,start_time,279294.39608522836
taskid,968,finish_time,279377.7381815424
taskid,970,start_time,279377.7381815424
taskid,971,start_time,279377.7381815424
taskid,972,start_time,279377.7381815424
taskid,973,start_time,279377.7381815424
taskid,974,start_time,279377.7381815424
taskid,975,start_time,279377.7381815424
taskid,732,finish_time,279540.2566286792
taskid,976,start_time,279540.2566286792
taskid,977,start_time,279540.2566286792
taskid,972,finish_time,280796.1685363145
taskid,978,start_time,280796.1685363145
taskid,971,finish_time,280874.27690476296
taskid,979,start_time,280874.27690476296
taskid,846,finish_time,280928.67916212423
taskid,980,start_time,280928.67916212423
taskid,981,start_time,280928.67916212423
taskid,982,start_time,280928.67916212423
taskid,976,finish_time,280969.28133121505
taskid,973,finish_time,281090.66347570217
taskid,975,finish_time,281371.9969743061
taskid,983,start_time,281371.9969743061
taskid,984,start_time,281371.9969743061
taskid,985,start_time,281371.9969743061
taskid,969,finish_time,281388.28210333333
taskid,986,start_time,281388.28210333333
taskid,987,start_time,281388.28210333333
taskid,988,start_time,281388.28210333333
taskid,989,start_time,281388.28210333333
taskid,982,finish_time,281595.37315903296
taskid,979,finish_time,282401.12792605476
taskid,988,finish_time,282726.94192984985
taskid,987,finish_time,282941.5395262596
taskid,989,finish_time,283074.1219401665
taskid,986,finish_time,283137.0537629034
taskid,990,start_time,283137.0537629034
taskid,991,start_time,283137.0537629034
taskid,985,finish_time,283438.60403783695
taskid,974,finish_time,283840.1040734281
taskid,990,finish_time,283910.81258527265
taskid,992,start_time,283910.81258527265
taskid,992,finish_time,284964.9879167913
taskid,993,start_time,284964.9879167913
taskid,994,start_time,284964.9879167913
taskid,995,start_time,284964.9879167913
taskid,956,finish_time,285275.51936819166
taskid,993,finish_time,285571.22600992006
taskid,996,start_time,285571.22600992006
taskid,997,start_time,285571.22600992006
taskid,998,start_time,285571.22600992006
taskid,810,finish_time,286041.7104861624
taskid,999,start_time,286041.7104861624
taskid,994,finish_time,286055.851626071
taskid,978,finish_time,286361.41632195306
taskid,733,finish_time,286386.37117808126
taskid,897,finish_time,286415.12275888165
taskid,998,finish_time,288992.3820522384
taskid,999,finish_time,289502.60431962967
taskid,997,finish_time,289781.88963988767
taskid,981,finish_time,289832.2905296286
taskid,980,finish_time,291697.52817139734
taskid,902,finish_time,292231.98636450205
taskid,995,finish_time,292413.3326633481
taskid,996,finish_time,293761.5815062264
taskid,0,finish_time,295559.09110478294
taskid,955,finish_time,301167.3426493778
taskid,516,finish_time,305401.2075821319
taskid,554,finish_time,309167.1695286164
taskid,850,finish_time,311437.72250044707
taskid,517,finish_time,311437.985496779
taskid,835,finish_time,317582.2402983174
taskid,718,finish_time,318972.0753531497
taskid,515,finish_time,319228.1290341895
taskid,556,finish_time,326353.61487073585
taskid,798,finish_time,334511.41856041574
taskid,795,finish_time,337889.61696009856
taskid,983,finish_time,340348.84049451177
taskid,888,finish_time,341909.4482108917
taskid,892,finish_time,347180.2451358773
taskid,891,finish_time,350759.605562578
taskid,706,finish_time,351349.4919256113
taskid,691,finish_time,358293.46240489354
taskid,991,finish_time,367661.10609623865
taskid,970,finish_time,367676.1878869069
taskid,766,finish_time,370188.5106046567
taskid,851,finish_time,370501.4994737613
taskid,977,finish_time,378187.6164781959
taskid,893,finish_time,385555.98137457424
taskid,57,finish_time,393874.3119934881
taskid,896,finish_time,396668.7235581066
taskid,984,finish_time,410113.16994080594
taskid,181,finish_time,424563.7950537604
taskid,900,finish_time,428541.9728668237
taskid,96,finish_time,446919.23109720054
taskid,214,finish_time,465681.9025852422
taskid,854,finish_time,472293.13211157685
taskid,815,finish_time,477245.09725543053
taskid,248,finish_time,497157.31926312443
taskid,154,finish_time,631505.1490901258
taskid,889,finish_time,655639.6558946789
taskid,417,finish_time,662325.81801922
taskid,215,finish_time,667378.641992904
taskid,246,finish_time,668173.6533246014
taskid,254,finish_time,668230.6416907269
taskid,345,finish_time,728610.7097608956
taskid,421,finish_time,744781.752120509
taskid,723,finish_time,789151.1495723904
