task_id,0,arriving_time,12867.299745159376
task_id,0,gpu_num,256
task_id,1,arriving_time,20757.463309194543
task_id,1,gpu_num,256
task_id,2,arriving_time,36703.71947988562
task_id,2,gpu_num,512
task_id,3,arriving_time,39314.40269747653
task_id,3,gpu_num,512
task_id,4,arriving_time,53763.33864659006
task_id,4,gpu_num,512
task_id,5,arriving_time,56836.19248042333
task_id,5,gpu_num,32
task_id,6,arriving_time,64592.48991536435
task_id,6,gpu_num,32
task_id,7,arriving_time,87383.04756362877
task_id,7,gpu_num,256
task_id,8,arriving_time,96122.58237961843
task_id,8,gpu_num,256
task_id,9,arriving_time,105991.921917815
task_id,9,gpu_num,256
task_id,10,arriving_time,133262.11076141917
task_id,10,gpu_num,256
task_id,11,arriving_time,144027.68396539337
task_id,11,gpu_num,32
task_id,12,arriving_time,150034.87378782054
task_id,12,gpu_num,256
task_id,13,arriving_time,173594.57274877356
task_id,13,gpu_num,256
task_id,14,arriving_time,178280.28155185646
task_id,14,gpu_num,32
task_id,15,arriving_time,182928.644335071
task_id,15,gpu_num,256
task_id,16,arriving_time,184354.7369895889
task_id,16,gpu_num,256
task_id,17,arriving_time,204898.68907378506
task_id,17,gpu_num,256
task_id,18,arriving_time,210608.1602095927
task_id,18,gpu_num,32
task_id,19,arriving_time,217790.1372905935
task_id,19,gpu_num,256
task_id,20,arriving_time,228928.29734450328
task_id,20,gpu_num,256
task_id,21,arriving_time,231113.3128110057
task_id,21,gpu_num,32
task_id,22,arriving_time,231846.22757385642
task_id,22,gpu_num,32
task_id,23,arriving_time,231905.89446099734
task_id,23,gpu_num,256
task_id,24,arriving_time,233387.82815217806
task_id,24,gpu_num,32
task_id,25,arriving_time,235472.50666523867
task_id,25,gpu_num,128
task_id,26,arriving_time,239883.2053182882
task_id,26,gpu_num,32
task_id,27,arriving_time,251061.07434005744
task_id,27,gpu_num,256
task_id,28,arriving_time,259777.2776706465
task_id,28,gpu_num,32
task_id,29,arriving_time,260324.73637845862
task_id,29,gpu_num,32
task_id,30,arriving_time,271829.61600860726
task_id,30,gpu_num,256
task_id,31,arriving_time,276369.48258604156
task_id,31,gpu_num,32
task_id,32,arriving_time,279140.4096332961
task_id,32,gpu_num,256
task_id,33,arriving_time,279722.96837792115
task_id,33,gpu_num,32
task_id,34,arriving_time,283451.71256853006
task_id,34,gpu_num,32
task_id,35,arriving_time,288297.9881302354
task_id,35,gpu_num,32
task_id,36,arriving_time,334083.58569492586
task_id,36,gpu_num,32
task_id,37,arriving_time,334168.80884638074
task_id,37,gpu_num,256
task_id,38,arriving_time,343085.3919508923
task_id,38,gpu_num,32
task_id,39,arriving_time,352347.6559462058
task_id,39,gpu_num,32
task_id,40,arriving_time,352409.1054971437
task_id,40,gpu_num,32
task_id,41,arriving_time,354917.743841677
task_id,41,gpu_num,32
task_id,42,arriving_time,356412.0173963537
task_id,42,gpu_num,32
task_id,43,arriving_time,358346.0448647987
task_id,43,gpu_num,32
task_id,44,arriving_time,390520.17231747916
task_id,44,gpu_num,32
task_id,45,arriving_time,394115.3804643359
task_id,45,gpu_num,32
task_id,46,arriving_time,410095.5628542935
task_id,46,gpu_num,32
task_id,47,arriving_time,422838.4230282599
task_id,47,gpu_num,32
task_id,48,arriving_time,424771.64983164315
task_id,48,gpu_num,32
task_id,49,arriving_time,441422.9418144543
task_id,49,gpu_num,32
task_id,50,arriving_time,450940.15622801334
task_id,50,gpu_num,32
task_id,51,arriving_time,479806.87529018003
task_id,51,gpu_num,32
task_id,52,arriving_time,488187.0010531615
task_id,52,gpu_num,32
task_id,53,arriving_time,501939.1647027237
task_id,53,gpu_num,32
task_id,54,arriving_time,504870.7688154193
task_id,54,gpu_num,32
task_id,55,arriving_time,514601.4239117865
task_id,55,gpu_num,32
task_id,56,arriving_time,527238.5188736985
task_id,56,gpu_num,32
task_id,57,arriving_time,529366.7006521041
task_id,57,gpu_num,256
task_id,58,arriving_time,531933.0236429825
task_id,58,gpu_num,256
task_id,59,arriving_time,533247.0673541572
task_id,59,gpu_num,256
task_id,60,arriving_time,549997.2205663851
task_id,60,gpu_num,1024
task_id,61,arriving_time,552288.0331786851
task_id,61,gpu_num,32
task_id,62,arriving_time,561701.8562216661
task_id,62,gpu_num,32
task_id,63,arriving_time,564822.5601545947
task_id,63,gpu_num,32
task_id,64,arriving_time,586617.076392653
task_id,64,gpu_num,32
task_id,65,arriving_time,590474.6852691825
task_id,65,gpu_num,256
task_id,66,arriving_time,600120.9410760427
task_id,66,gpu_num,32
task_id,67,arriving_time,604600.2075638777
task_id,67,gpu_num,32
task_id,68,arriving_time,611670.2106950926
task_id,68,gpu_num,32
task_id,69,arriving_time,634310.1081430415
task_id,69,gpu_num,32
task_id,70,arriving_time,653007.3918866633
task_id,70,gpu_num,256
task_id,71,arriving_time,653957.6013669835
task_id,71,gpu_num,1024
task_id,72,arriving_time,656149.6268876364
task_id,72,gpu_num,32
task_id,73,arriving_time,656974.2435709076
task_id,73,gpu_num,32
task_id,74,arriving_time,664756.8106597783
task_id,74,gpu_num,32
task_id,75,arriving_time,680391.4317585266
task_id,75,gpu_num,256
task_id,76,arriving_time,704069.5409936748
task_id,76,gpu_num,512
task_id,77,arriving_time,723555.3189416766
task_id,77,gpu_num,256
task_id,78,arriving_time,726085.5956186124
task_id,78,gpu_num,256
task_id,79,arriving_time,733994.4853282545
task_id,79,gpu_num,32
task_id,80,arriving_time,746566.5930116654
task_id,80,gpu_num,256
task_id,81,arriving_time,750319.6482402862
task_id,81,gpu_num,32
task_id,82,arriving_time,752886.7598979793
task_id,82,gpu_num,512
task_id,83,arriving_time,784719.5964594429
task_id,83,gpu_num,32
task_id,84,arriving_time,843424.5865805951
task_id,84,gpu_num,32
task_id,85,arriving_time,848181.7776678673
task_id,85,gpu_num,256
task_id,86,arriving_time,856705.2364717042
task_id,86,gpu_num,128
task_id,87,arriving_time,860018.6073258932
task_id,87,gpu_num,512
task_id,88,arriving_time,882281.4126809496
task_id,88,gpu_num,512
task_id,89,arriving_time,914871.0509595716
task_id,89,gpu_num,128
task_id,90,arriving_time,922109.4499350081
task_id,90,gpu_num,32
task_id,91,arriving_time,922912.4777253594
task_id,91,gpu_num,32
task_id,92,arriving_time,930677.6516544026
task_id,92,gpu_num,128
task_id,93,arriving_time,946169.4994828043
task_id,93,gpu_num,32
task_id,94,arriving_time,964670.8669580009
task_id,94,gpu_num,256
task_id,95,arriving_time,985164.4119758558
task_id,95,gpu_num,512
task_id,96,arriving_time,986934.3411947398
task_id,96,gpu_num,256
task_id,97,arriving_time,989802.8321571152
task_id,97,gpu_num,512
task_id,98,arriving_time,1005026.2443733127
task_id,98,gpu_num,512
task_id,99,arriving_time,1005912.2829548902
task_id,99,gpu_num,256
task_id,100,arriving_time,1019590.1887399105
task_id,100,gpu_num,512
task_id,101,arriving_time,1021482.9037647579
task_id,101,gpu_num,32
task_id,102,arriving_time,1045036.5137430837
task_id,102,gpu_num,256
task_id,103,arriving_time,1096958.673210536
task_id,103,gpu_num,256
task_id,104,arriving_time,1104902.1027577266
task_id,104,gpu_num,128
task_id,105,arriving_time,1111728.207334103
task_id,105,gpu_num,256
task_id,106,arriving_time,1114073.4069065468
task_id,106,gpu_num,256
task_id,107,arriving_time,1137784.5523829772
task_id,107,gpu_num,256
task_id,108,arriving_time,1146041.015629496
task_id,108,gpu_num,256
task_id,109,arriving_time,1147503.3864863678
task_id,109,gpu_num,128
task_id,110,arriving_time,1148964.5207374515
task_id,110,gpu_num,256
task_id,111,arriving_time,1152049.2134365146
task_id,111,gpu_num,512
task_id,112,arriving_time,1153962.842046181
task_id,112,gpu_num,128
task_id,113,arriving_time,1162050.9005614924
task_id,113,gpu_num,256
task_id,114,arriving_time,1175290.3415915158
task_id,114,gpu_num,256
task_id,115,arriving_time,1196380.2364157708
task_id,115,gpu_num,256
task_id,116,arriving_time,1211434.9062568175
task_id,116,gpu_num,32
task_id,117,arriving_time,1228382.7141390238
task_id,117,gpu_num,32
task_id,118,arriving_time,1229091.1252309235
task_id,118,gpu_num,32
task_id,119,arriving_time,1263592.4686016021
task_id,119,gpu_num,32
task_id,120,arriving_time,1264271.9169975165
task_id,120,gpu_num,32
task_id,121,arriving_time,1266874.0044050997
task_id,121,gpu_num,32
task_id,122,arriving_time,1269773.477461467
task_id,122,gpu_num,32
task_id,123,arriving_time,1289974.0341952809
task_id,123,gpu_num,32
task_id,124,arriving_time,1301193.8403444716
task_id,124,gpu_num,256
task_id,125,arriving_time,1301532.1260744487
task_id,125,gpu_num,32
task_id,126,arriving_time,1301990.0213324376
task_id,126,gpu_num,32
task_id,127,arriving_time,1303910.2945570927
task_id,127,gpu_num,32
task_id,128,arriving_time,1306595.6120851801
task_id,128,gpu_num,32
task_id,129,arriving_time,1338777.5053204137
task_id,129,gpu_num,32
task_id,130,arriving_time,1353099.8328298957
task_id,130,gpu_num,32
task_id,131,arriving_time,1355775.6308679064
task_id,131,gpu_num,256
task_id,132,arriving_time,1357231.922276468
task_id,132,gpu_num,256
task_id,133,arriving_time,1374803.5605080973
task_id,133,gpu_num,256
task_id,134,arriving_time,1376497.716923574
task_id,134,gpu_num,256
task_id,135,arriving_time,1404319.7485555976
task_id,135,gpu_num,256
task_id,136,arriving_time,1407314.8476298566
task_id,136,gpu_num,256
task_id,137,arriving_time,1411374.585585506
task_id,137,gpu_num,256
task_id,138,arriving_time,1433915.8141883113
task_id,138,gpu_num,32
task_id,139,arriving_time,1445094.467111298
task_id,139,gpu_num,256
task_id,140,arriving_time,1446694.7544975665
task_id,140,gpu_num,32
task_id,141,arriving_time,1453234.3601578877
task_id,141,gpu_num,512
task_id,142,arriving_time,1466604.7328421792
task_id,142,gpu_num,256
task_id,143,arriving_time,1473914.2006817316
task_id,143,gpu_num,512
task_id,144,arriving_time,1479365.4320845462
task_id,144,gpu_num,32
task_id,145,arriving_time,1481798.4542380483
task_id,145,gpu_num,256
task_id,146,arriving_time,1496529.1184158348
task_id,146,gpu_num,32
task_id,147,arriving_time,1508669.28637939
task_id,147,gpu_num,256
task_id,148,arriving_time,1552065.3098147903
task_id,148,gpu_num,32
task_id,149,arriving_time,1561640.5026268307
task_id,149,gpu_num,256
task_id,150,arriving_time,1563538.6112402894
task_id,150,gpu_num,256
task_id,151,arriving_time,1572006.4544576386
task_id,151,gpu_num,32
task_id,152,arriving_time,1580435.2956537898
task_id,152,gpu_num,512
task_id,153,arriving_time,1581938.5577339036
task_id,153,gpu_num,256
task_id,154,arriving_time,1586592.0202270546
task_id,154,gpu_num,256
task_id,155,arriving_time,1605342.0273296195
task_id,155,gpu_num,256
task_id,156,arriving_time,1608989.1212925087
task_id,156,gpu_num,256
task_id,157,arriving_time,1629397.6499090423
task_id,157,gpu_num,256
task_id,158,arriving_time,1634180.9210190591
task_id,158,gpu_num,32
task_id,159,arriving_time,1649046.7433889227
task_id,159,gpu_num,32
task_id,160,arriving_time,1650298.6640515525
task_id,160,gpu_num,256
task_id,161,arriving_time,1660337.3349400333
task_id,161,gpu_num,32
task_id,162,arriving_time,1664341.5861404398
task_id,162,gpu_num,32
task_id,163,arriving_time,1668383.3669356063
task_id,163,gpu_num,32
task_id,164,arriving_time,1688092.076000437
task_id,164,gpu_num,32
task_id,165,arriving_time,1701465.9402145755
task_id,165,gpu_num,512
task_id,166,arriving_time,1704000.1728309481
task_id,166,gpu_num,32
task_id,167,arriving_time,1705075.3623736063
task_id,167,gpu_num,32
task_id,168,arriving_time,1709557.6478653355
task_id,168,gpu_num,256
task_id,169,arriving_time,1720480.582351525
task_id,169,gpu_num,256
task_id,170,arriving_time,1739738.8835418639
task_id,170,gpu_num,256
task_id,171,arriving_time,1746280.473374889
task_id,171,gpu_num,32
task_id,172,arriving_time,1777991.8796426184
task_id,172,gpu_num,32
task_id,173,arriving_time,1779479.1614528096
task_id,173,gpu_num,256
task_id,174,arriving_time,1784308.590496285
task_id,174,gpu_num,256
task_id,175,arriving_time,1793835.5859166083
task_id,175,gpu_num,32
task_id,176,arriving_time,1799752.7453609726
task_id,176,gpu_num,32
task_id,177,arriving_time,1839623.907312766
task_id,177,gpu_num,32
task_id,178,arriving_time,1842634.169863129
task_id,178,gpu_num,256
task_id,179,arriving_time,1861464.6398088257
task_id,179,gpu_num,256
task_id,180,arriving_time,1865084.45057461
task_id,180,gpu_num,256
task_id,181,arriving_time,1868891.1626739902
task_id,181,gpu_num,512
task_id,182,arriving_time,1884269.4263602109
task_id,182,gpu_num,512
task_id,183,arriving_time,1889229.5038736868
task_id,183,gpu_num,256
task_id,184,arriving_time,1895340.3903408693
task_id,184,gpu_num,256
task_id,185,arriving_time,1909892.477766842
task_id,185,gpu_num,32
task_id,186,arriving_time,1910968.0887186616
task_id,186,gpu_num,256
task_id,187,arriving_time,1917429.8341504203
task_id,187,gpu_num,32
task_id,188,arriving_time,1926880.21778983
task_id,188,gpu_num,32
task_id,189,arriving_time,1939593.8089390653
task_id,189,gpu_num,32
task_id,190,arriving_time,1941648.179993121
task_id,190,gpu_num,32
task_id,191,arriving_time,1963082.0765966468
task_id,191,gpu_num,32
task_id,192,arriving_time,1965230.2104108187
task_id,192,gpu_num,32
task_id,193,arriving_time,1966801.9909223209
task_id,193,gpu_num,256
task_id,194,arriving_time,1975658.697721554
task_id,194,gpu_num,256
task_id,195,arriving_time,1996885.1124177442
task_id,195,gpu_num,512
task_id,196,arriving_time,1997030.2061333726
task_id,196,gpu_num,256
task_id,197,arriving_time,2002305.2454579698
task_id,197,gpu_num,256
task_id,198,arriving_time,2007012.2098082204
task_id,198,gpu_num,256
task_id,199,arriving_time,2031977.9024645556
task_id,199,gpu_num,256
task_id,200,arriving_time,2038348.9705987298
task_id,200,gpu_num,256
task_id,201,arriving_time,2040907.9263096305
task_id,201,gpu_num,128
task_id,202,arriving_time,2052500.592031075
task_id,202,gpu_num,256
task_id,203,arriving_time,2069066.6185500843
task_id,203,gpu_num,128
task_id,204,arriving_time,2094251.7990289852
task_id,204,gpu_num,256
task_id,205,arriving_time,2122662.7959344736
task_id,205,gpu_num,256
task_id,206,arriving_time,2135259.6311453637
task_id,206,gpu_num,512
task_id,207,arriving_time,2135470.614661749
task_id,207,gpu_num,256
task_id,208,arriving_time,2154178.685537746
task_id,208,gpu_num,512
task_id,209,arriving_time,2169659.800770159
task_id,209,gpu_num,256
task_id,210,arriving_time,2171954.463500686
task_id,210,gpu_num,256
task_id,211,arriving_time,2178970.3450204274
task_id,211,gpu_num,32
task_id,212,arriving_time,2201054.0577889206
task_id,212,gpu_num,512
task_id,213,arriving_time,2206112.1530266553
task_id,213,gpu_num,32
task_id,214,arriving_time,2206302.575642129
task_id,214,gpu_num,256
task_id,215,arriving_time,2218179.1179550616
task_id,215,gpu_num,256
task_id,216,arriving_time,2225546.370853298
task_id,216,gpu_num,32
task_id,217,arriving_time,2227805.463438602
task_id,217,gpu_num,512
task_id,218,arriving_time,2269023.121675446
task_id,218,gpu_num,512
task_id,219,arriving_time,2269378.6389353876
task_id,219,gpu_num,32
task_id,220,arriving_time,2275124.575747117
task_id,220,gpu_num,1024
task_id,221,arriving_time,2290385.3646418364
task_id,221,gpu_num,32
task_id,222,arriving_time,2311576.4689993113
task_id,222,gpu_num,32
task_id,223,arriving_time,2339952.06919764
task_id,223,gpu_num,256
task_id,224,arriving_time,2365226.494556968
task_id,224,gpu_num,256
task_id,225,arriving_time,2386839.58193377
task_id,225,gpu_num,256
task_id,226,arriving_time,2413997.2988400096
task_id,226,gpu_num,256
task_id,227,arriving_time,2430192.0369873494
task_id,227,gpu_num,128
task_id,228,arriving_time,2442054.545622251
task_id,228,gpu_num,32
task_id,229,arriving_time,2456824.7591165393
task_id,229,gpu_num,32
task_id,230,arriving_time,2463240.512317516
task_id,230,gpu_num,32
task_id,231,arriving_time,2469064.1742922734
task_id,231,gpu_num,32
task_id,232,arriving_time,2479729.080588161
task_id,232,gpu_num,32
task_id,233,arriving_time,2479911.4342049304
task_id,233,gpu_num,128
task_id,234,arriving_time,2485028.0630854038
task_id,234,gpu_num,128
task_id,235,arriving_time,2495517.345682961
task_id,235,gpu_num,32
task_id,236,arriving_time,2500051.0591644654
task_id,236,gpu_num,32
task_id,237,arriving_time,2513943.0251307897
task_id,237,gpu_num,32
task_id,238,arriving_time,2514630.0215178686
task_id,238,gpu_num,32
task_id,239,arriving_time,2517800.5218327125
task_id,239,gpu_num,32
task_id,240,arriving_time,2537299.827098414
task_id,240,gpu_num,32
task_id,241,arriving_time,2538690.8430815954
task_id,241,gpu_num,128
task_id,242,arriving_time,2553868.280777256
task_id,242,gpu_num,32
task_id,243,arriving_time,2558503.1225884287
task_id,243,gpu_num,32
task_id,244,arriving_time,2569639.0858251336
task_id,244,gpu_num,32
task_id,245,arriving_time,2572194.2584374286
task_id,245,gpu_num,32
task_id,246,arriving_time,2573358.0968507566
task_id,246,gpu_num,128
task_id,247,arriving_time,2581412.455141896
task_id,247,gpu_num,32
task_id,248,arriving_time,2582767.350770155
task_id,248,gpu_num,128
task_id,249,arriving_time,2584050.110056896
task_id,249,gpu_num,32
task_id,250,arriving_time,2594375.3813074697
task_id,250,gpu_num,32
task_id,251,arriving_time,2600577.5147699136
task_id,251,gpu_num,32
task_id,252,arriving_time,2640092.0788425514
task_id,252,gpu_num,32
task_id,253,arriving_time,2641236.532981862
task_id,253,gpu_num,32
task_id,254,arriving_time,2642688.6813424015
task_id,254,gpu_num,128
task_id,255,arriving_time,2642813.299515324
task_id,255,gpu_num,32
task_id,256,arriving_time,2648812.810501488
task_id,256,gpu_num,32
task_id,257,arriving_time,2650303.7185242586
task_id,257,gpu_num,32
task_id,258,arriving_time,2653669.9393888144
task_id,258,gpu_num,32
task_id,259,arriving_time,2661056.474860229
task_id,259,gpu_num,32
task_id,260,arriving_time,2662039.7665053825
task_id,260,gpu_num,32
task_id,261,arriving_time,2670893.221518058
task_id,261,gpu_num,32
task_id,262,arriving_time,2676219.4061307353
task_id,262,gpu_num,256
task_id,263,arriving_time,2687181.604368587
task_id,263,gpu_num,32
task_id,264,arriving_time,2695213.848525588
task_id,264,gpu_num,32
task_id,265,arriving_time,2698208.2183390106
task_id,265,gpu_num,32
task_id,266,arriving_time,2721065.9082458415
task_id,266,gpu_num,32
task_id,267,arriving_time,2721680.350180846
task_id,267,gpu_num,32
task_id,268,arriving_time,2722510.053648714
task_id,268,gpu_num,256
task_id,269,arriving_time,2724469.5535025904
task_id,269,gpu_num,256
task_id,270,arriving_time,2728124.5706458357
task_id,270,gpu_num,32
task_id,271,arriving_time,2729604.05024038
task_id,271,gpu_num,32
task_id,272,arriving_time,2732044.7101849606
task_id,272,gpu_num,32
task_id,273,arriving_time,2733771.0467170877
task_id,273,gpu_num,32
task_id,274,arriving_time,2759885.405510502
task_id,274,gpu_num,32
task_id,275,arriving_time,2773039.5536488257
task_id,275,gpu_num,32
task_id,276,arriving_time,2777713.376791132
task_id,276,gpu_num,32
task_id,277,arriving_time,2822469.245280897
task_id,277,gpu_num,32
task_id,278,arriving_time,2863129.932481149
task_id,278,gpu_num,256
task_id,279,arriving_time,2872649.929742537
task_id,279,gpu_num,32
task_id,280,arriving_time,2889477.4146464933
task_id,280,gpu_num,32
task_id,281,arriving_time,2890961.8145966767
task_id,281,gpu_num,1024
task_id,282,arriving_time,2896170.3420881396
task_id,282,gpu_num,256
task_id,283,arriving_time,2915334.1582146552
task_id,283,gpu_num,256
task_id,284,arriving_time,2915352.2731498918
task_id,284,gpu_num,32
task_id,285,arriving_time,2916075.414156135
task_id,285,gpu_num,1024
task_id,286,arriving_time,2921384.3561176565
task_id,286,gpu_num,32
task_id,287,arriving_time,2925475.620421801
task_id,287,gpu_num,256
task_id,288,arriving_time,2926991.5112262308
task_id,288,gpu_num,32
task_id,289,arriving_time,2939119.7639585636
task_id,289,gpu_num,32
task_id,290,arriving_time,2940333.4538665647
task_id,290,gpu_num,32
task_id,291,arriving_time,2964831.6576605537
task_id,291,gpu_num,32
task_id,292,arriving_time,2965396.273982626
task_id,292,gpu_num,32
task_id,293,arriving_time,2977079.987169225
task_id,293,gpu_num,32
task_id,294,arriving_time,3002942.802668231
task_id,294,gpu_num,32
task_id,295,arriving_time,3006710.542680146
task_id,295,gpu_num,512
task_id,296,arriving_time,3011752.769766681
task_id,296,gpu_num,256
task_id,297,arriving_time,3012025.2475256766
task_id,297,gpu_num,256
task_id,298,arriving_time,3013516.4167505526
task_id,298,gpu_num,32
task_id,299,arriving_time,3030562.6806409354
task_id,299,gpu_num,512
task_id,300,arriving_time,3031544.314271654
task_id,300,gpu_num,256
task_id,301,arriving_time,3035500.230516366
task_id,301,gpu_num,512
task_id,302,arriving_time,3036614.931369674
task_id,302,gpu_num,512
task_id,303,arriving_time,3049809.6819232544
task_id,303,gpu_num,32
task_id,304,arriving_time,3054059.545638218
task_id,304,gpu_num,32
task_id,305,arriving_time,3062257.647929514
task_id,305,gpu_num,512
task_id,306,arriving_time,3070886.0599586475
task_id,306,gpu_num,256
task_id,307,arriving_time,3073105.996692466
task_id,307,gpu_num,256
task_id,308,arriving_time,3074208.340749824
task_id,308,gpu_num,256
task_id,309,arriving_time,3089304.931167156
task_id,309,gpu_num,32
task_id,310,arriving_time,3090584.7309267987
task_id,310,gpu_num,1024
task_id,311,arriving_time,3101007.675097356
task_id,311,gpu_num,32
task_id,312,arriving_time,3122816.9750080295
task_id,312,gpu_num,32
task_id,313,arriving_time,3132401.437220207
task_id,313,gpu_num,32
task_id,314,arriving_time,3140359.3971507614
task_id,314,gpu_num,32
task_id,315,arriving_time,3143057.572258437
task_id,315,gpu_num,32
task_id,316,arriving_time,3157534.244042764
task_id,316,gpu_num,256
task_id,317,arriving_time,3166410.626916158
task_id,317,gpu_num,256
task_id,318,arriving_time,3170940.825965473
task_id,318,gpu_num,512
task_id,319,arriving_time,3175795.4738882235
task_id,319,gpu_num,32
task_id,320,arriving_time,3192785.5794484387
task_id,320,gpu_num,32
task_id,321,arriving_time,3193042.103689615
task_id,321,gpu_num,32
task_id,322,arriving_time,3202485.676165917
task_id,322,gpu_num,32
task_id,323,arriving_time,3205549.6246779924
task_id,323,gpu_num,256
task_id,324,arriving_time,3220020.409450644
task_id,324,gpu_num,32
task_id,325,arriving_time,3233117.124955167
task_id,325,gpu_num,32
task_id,326,arriving_time,3239297.4590294594
task_id,326,gpu_num,32
task_id,327,arriving_time,3245466.634077913
task_id,327,gpu_num,32
task_id,328,arriving_time,3245720.747194927
task_id,328,gpu_num,32
task_id,329,arriving_time,3246967.101800908
task_id,329,gpu_num,32
task_id,330,arriving_time,3247376.744817537
task_id,330,gpu_num,32
task_id,331,arriving_time,3276088.013664318
task_id,331,gpu_num,32
task_id,332,arriving_time,3284273.2393283923
task_id,332,gpu_num,32
task_id,333,arriving_time,3296479.8531223848
task_id,333,gpu_num,32
task_id,334,arriving_time,3306201.0581858237
task_id,334,gpu_num,256
task_id,335,arriving_time,3315526.1484039854
task_id,335,gpu_num,256
task_id,336,arriving_time,3324646.817325925
task_id,336,gpu_num,512
task_id,337,arriving_time,3333499.8544492475
task_id,337,gpu_num,32
task_id,338,arriving_time,3337474.2634796505
task_id,338,gpu_num,32
task_id,339,arriving_time,3341643.164823391
task_id,339,gpu_num,32
task_id,340,arriving_time,3344936.241259325
task_id,340,gpu_num,256
task_id,341,arriving_time,3355620.597018997
task_id,341,gpu_num,256
task_id,342,arriving_time,3355983.148404685
task_id,342,gpu_num,256
task_id,343,arriving_time,3357433.893489208
task_id,343,gpu_num,32
task_id,344,arriving_time,3368597.7865234553
task_id,344,gpu_num,32
task_id,345,arriving_time,3371665.511072833
task_id,345,gpu_num,512
task_id,346,arriving_time,3383623.367971018
task_id,346,gpu_num,32
task_id,347,arriving_time,3396717.104712884
task_id,347,gpu_num,32
task_id,348,arriving_time,3406139.198234313
task_id,348,gpu_num,512
task_id,349,arriving_time,3406630.5794444047
task_id,349,gpu_num,32
task_id,350,arriving_time,3410728.720398055
task_id,350,gpu_num,32
task_id,351,arriving_time,3413886.169148785
task_id,351,gpu_num,32
task_id,352,arriving_time,3435435.487495011
task_id,352,gpu_num,256
task_id,353,arriving_time,3456683.4820068697
task_id,353,gpu_num,32
task_id,354,arriving_time,3464477.96064649
task_id,354,gpu_num,32
task_id,355,arriving_time,3467746.4501306885
task_id,355,gpu_num,32
task_id,356,arriving_time,3484256.017715876
task_id,356,gpu_num,512
task_id,357,arriving_time,3494986.024467092
task_id,357,gpu_num,256
task_id,358,arriving_time,3499075.553164045
task_id,358,gpu_num,512
task_id,359,arriving_time,3509440.7821291997
task_id,359,gpu_num,512
task_id,360,arriving_time,3515971.9886770793
task_id,360,gpu_num,32
task_id,361,arriving_time,3526900.3563446584
task_id,361,gpu_num,256
task_id,362,arriving_time,3533541.2359584477
task_id,362,gpu_num,32
task_id,363,arriving_time,3536438.1392939487
task_id,363,gpu_num,32
task_id,364,arriving_time,3548305.8940186617
task_id,364,gpu_num,32
task_id,365,arriving_time,3577930.3273259797
task_id,365,gpu_num,32
task_id,366,arriving_time,3591116.357291254
task_id,366,gpu_num,32
task_id,367,arriving_time,3594111.855108997
task_id,367,gpu_num,32
task_id,368,arriving_time,3595305.729481932
task_id,368,gpu_num,32
task_id,369,arriving_time,3598633.460516091
task_id,369,gpu_num,32
task_id,370,arriving_time,3604432.7451718003
task_id,370,gpu_num,32
task_id,371,arriving_time,3608189.9100604905
task_id,371,gpu_num,32
task_id,372,arriving_time,3619384.952926445
task_id,372,gpu_num,32
task_id,373,arriving_time,3619593.0548631414
task_id,373,gpu_num,32
task_id,374,arriving_time,3620466.0280125854
task_id,374,gpu_num,32
task_id,375,arriving_time,3639407.01856339
task_id,375,gpu_num,32
task_id,376,arriving_time,3652560.2719837218
task_id,376,gpu_num,256
task_id,377,arriving_time,3668068.6740531153
task_id,377,gpu_num,32
task_id,378,arriving_time,3671477.521386665
task_id,378,gpu_num,32
task_id,379,arriving_time,3675362.3098581964
task_id,379,gpu_num,32
task_id,380,arriving_time,3730998.787042582
task_id,380,gpu_num,32
task_id,381,arriving_time,3732200.2789004124
task_id,381,gpu_num,32
task_id,382,arriving_time,3740153.206623727
task_id,382,gpu_num,32
task_id,383,arriving_time,3748315.8336905185
task_id,383,gpu_num,32
task_id,384,arriving_time,3751098.5855997223
task_id,384,gpu_num,32
task_id,385,arriving_time,3752895.1401460865
task_id,385,gpu_num,32
task_id,386,arriving_time,3756208.6169323125
task_id,386,gpu_num,32
task_id,387,arriving_time,3757663.786888914
task_id,387,gpu_num,32
task_id,388,arriving_time,3766742.9029435124
task_id,388,gpu_num,32
task_id,389,arriving_time,3774007.1560051013
task_id,389,gpu_num,32
task_id,390,arriving_time,3782797.012982637
task_id,390,gpu_num,32
task_id,391,arriving_time,3790823.7236386817
task_id,391,gpu_num,32
task_id,392,arriving_time,3811751.500840976
task_id,392,gpu_num,256
task_id,393,arriving_time,3813050.3330752184
task_id,393,gpu_num,32
task_id,394,arriving_time,3830375.0111381984
task_id,394,gpu_num,32
task_id,395,arriving_time,3833397.3552725473
task_id,395,gpu_num,32
task_id,396,arriving_time,3855787.353061173
task_id,396,gpu_num,32
task_id,397,arriving_time,3860356.3732761564
task_id,397,gpu_num,32
task_id,398,arriving_time,3866231.4294594624
task_id,398,gpu_num,32
task_id,399,arriving_time,3867554.654666623
task_id,399,gpu_num,32
task_id,400,arriving_time,3877788.740178956
task_id,400,gpu_num,32
task_id,401,arriving_time,3889979.523422927
task_id,401,gpu_num,32
task_id,402,arriving_time,3893034.297315224
task_id,402,gpu_num,256
task_id,403,arriving_time,3899836.3556321664
task_id,403,gpu_num,32
task_id,404,arriving_time,3913317.0410748255
task_id,404,gpu_num,32
task_id,405,arriving_time,3918007.8991721245
task_id,405,gpu_num,256
task_id,406,arriving_time,3918151.511845715
task_id,406,gpu_num,32
task_id,407,arriving_time,3921729.503025238
task_id,407,gpu_num,32
task_id,408,arriving_time,3925291.68229662
task_id,408,gpu_num,32
task_id,409,arriving_time,3928979.5012171525
task_id,409,gpu_num,32
task_id,410,arriving_time,3932399.5727494853
task_id,410,gpu_num,32
task_id,411,arriving_time,3933525.0905829687
task_id,411,gpu_num,32
task_id,412,arriving_time,3940909.3026504787
task_id,412,gpu_num,32
task_id,413,arriving_time,3984873.3330367217
task_id,413,gpu_num,32
task_id,414,arriving_time,3992696.4717389625
task_id,414,gpu_num,32
task_id,415,arriving_time,3999364.7905051517
task_id,415,gpu_num,32
task_id,416,arriving_time,4000685.6217906256
task_id,416,gpu_num,512
task_id,417,arriving_time,4029197.5748785585
task_id,417,gpu_num,512
task_id,418,arriving_time,4032418.4675756367
task_id,418,gpu_num,32
task_id,419,arriving_time,4038732.422783318
task_id,419,gpu_num,32
task_id,420,arriving_time,4046061.1563102035
task_id,420,gpu_num,32
task_id,421,arriving_time,4049304.442104634
task_id,421,gpu_num,256
task_id,422,arriving_time,4060562.1816653553
task_id,422,gpu_num,32
task_id,423,arriving_time,4069726.5331986593
task_id,423,gpu_num,32
task_id,424,arriving_time,4072556.7310563545
task_id,424,gpu_num,32
task_id,425,arriving_time,4076652.936071178
task_id,425,gpu_num,32
task_id,426,arriving_time,4084026.114013248
task_id,426,gpu_num,32
task_id,427,arriving_time,4103527.56662461
task_id,427,gpu_num,32
task_id,428,arriving_time,4125906.455743469
task_id,428,gpu_num,32
task_id,429,arriving_time,4127911.10133507
task_id,429,gpu_num,32
task_id,430,arriving_time,4131638.445408958
task_id,430,gpu_num,32
task_id,431,arriving_time,4140510.2010379643
task_id,431,gpu_num,512
task_id,432,arriving_time,4149311.0948647107
task_id,432,gpu_num,256
task_id,433,arriving_time,4167172.7114452724
task_id,433,gpu_num,32
task_id,434,arriving_time,4167618.9784509814
task_id,434,gpu_num,32
task_id,435,arriving_time,4167725.6328220675
task_id,435,gpu_num,32
task_id,436,arriving_time,4168949.34927669
task_id,436,gpu_num,32
task_id,437,arriving_time,4184093.34633144
task_id,437,gpu_num,32
task_id,438,arriving_time,4206474.093998829
task_id,438,gpu_num,32
task_id,439,arriving_time,4217511.317386077
task_id,439,gpu_num,32
task_id,440,arriving_time,4234540.96070773
task_id,440,gpu_num,32
task_id,441,arriving_time,4236446.026476631
task_id,441,gpu_num,32
task_id,442,arriving_time,4244223.649314207
task_id,442,gpu_num,32
task_id,443,arriving_time,4274284.323749125
task_id,443,gpu_num,32
task_id,444,arriving_time,4277242.988744282
task_id,444,gpu_num,32
task_id,445,arriving_time,4287352.100927369
task_id,445,gpu_num,32
task_id,446,arriving_time,4291510.23063002
task_id,446,gpu_num,1024
task_id,447,arriving_time,4302069.278589811
task_id,447,gpu_num,32
task_id,448,arriving_time,4311794.772901132
task_id,448,gpu_num,32
task_id,449,arriving_time,4329920.227177036
task_id,449,gpu_num,32
task_id,450,arriving_time,4345450.114331996
task_id,450,gpu_num,32
task_id,451,arriving_time,4352764.9005587995
task_id,451,gpu_num,32
task_id,452,arriving_time,4354935.433526001
task_id,452,gpu_num,32
task_id,453,arriving_time,4360228.969615805
task_id,453,gpu_num,256
task_id,454,arriving_time,4386285.438174166
task_id,454,gpu_num,512
task_id,455,arriving_time,4403386.900611172
task_id,455,gpu_num,1024
task_id,456,arriving_time,4435981.127898475
task_id,456,gpu_num,512
task_id,457,arriving_time,4440277.477074498
task_id,457,gpu_num,256
task_id,458,arriving_time,4441116.608116389
task_id,458,gpu_num,512
task_id,459,arriving_time,4465341.0567464875
task_id,459,gpu_num,32
task_id,460,arriving_time,4470929.230963578
task_id,460,gpu_num,512
task_id,461,arriving_time,4472449.741184331
task_id,461,gpu_num,256
task_id,462,arriving_time,4472814.609581743
task_id,462,gpu_num,256
task_id,463,arriving_time,4485543.453834279
task_id,463,gpu_num,256
task_id,464,arriving_time,4493288.776827067
task_id,464,gpu_num,32
task_id,465,arriving_time,4505456.609735884
task_id,465,gpu_num,32
task_id,466,arriving_time,4519081.059719172
task_id,466,gpu_num,32
task_id,467,arriving_time,4522832.848980112
task_id,467,gpu_num,256
task_id,468,arriving_time,4527533.141144768
task_id,468,gpu_num,32
task_id,469,arriving_time,4530477.636366755
task_id,469,gpu_num,32
task_id,470,arriving_time,4542324.729997728
task_id,470,gpu_num,32
task_id,471,arriving_time,4549852.425387179
task_id,471,gpu_num,32
task_id,472,arriving_time,4582116.338130722
task_id,472,gpu_num,32
task_id,473,arriving_time,4604807.126180156
task_id,473,gpu_num,32
task_id,474,arriving_time,4614945.767299329
task_id,474,gpu_num,32
task_id,475,arriving_time,4674060.619585634
task_id,475,gpu_num,32
task_id,476,arriving_time,4679944.884617087
task_id,476,gpu_num,32
task_id,477,arriving_time,4681397.482397674
task_id,477,gpu_num,32
task_id,478,arriving_time,4684126.699970445
task_id,478,gpu_num,512
task_id,479,arriving_time,4689596.963707149
task_id,479,gpu_num,512
task_id,480,arriving_time,4692824.347932647
task_id,480,gpu_num,32
task_id,481,arriving_time,4707815.536178649
task_id,481,gpu_num,32
task_id,482,arriving_time,4715582.708361203
task_id,482,gpu_num,32
task_id,483,arriving_time,4726472.32928822
task_id,483,gpu_num,32
task_id,484,arriving_time,4729450.498065935
task_id,484,gpu_num,32
task_id,485,arriving_time,4754589.305102979
task_id,485,gpu_num,32
task_id,486,arriving_time,4762370.536327858
task_id,486,gpu_num,32
task_id,487,arriving_time,4765278.299692063
task_id,487,gpu_num,32
task_id,488,arriving_time,4785912.915860509
task_id,488,gpu_num,32
task_id,489,arriving_time,4789935.433924169
task_id,489,gpu_num,32
task_id,490,arriving_time,4792729.76674413
task_id,490,gpu_num,32
task_id,491,arriving_time,4793228.001834345
task_id,491,gpu_num,512
task_id,492,arriving_time,4798291.592039759
task_id,492,gpu_num,32
task_id,493,arriving_time,4803763.588572798
task_id,493,gpu_num,32
task_id,494,arriving_time,4809652.082499686
task_id,494,gpu_num,512
task_id,495,arriving_time,4812549.603496671
task_id,495,gpu_num,32
task_id,496,arriving_time,4818570.647688925
task_id,496,gpu_num,32
task_id,497,arriving_time,4824508.939402298
task_id,497,gpu_num,32
task_id,498,arriving_time,4830908.839227956
task_id,498,gpu_num,32
task_id,499,arriving_time,4833855.861177589
task_id,499,gpu_num,32
task_id,500,arriving_time,4838431.926939108
task_id,500,gpu_num,32
task_id,501,arriving_time,4840537.8680287
task_id,501,gpu_num,32
task_id,502,arriving_time,4841487.974820924
task_id,502,gpu_num,32
task_id,503,arriving_time,4842896.500681477
task_id,503,gpu_num,32
task_id,504,arriving_time,4859839.587236014
task_id,504,gpu_num,32
task_id,505,arriving_time,4862750.83657313
task_id,505,gpu_num,32
task_id,506,arriving_time,4865084.903722832
task_id,506,gpu_num,32
task_id,507,arriving_time,4876756.254678849
task_id,507,gpu_num,32
task_id,508,arriving_time,4911205.856704001
task_id,508,gpu_num,32
task_id,509,arriving_time,4916739.949220697
task_id,509,gpu_num,32
task_id,510,arriving_time,4927187.874347619
task_id,510,gpu_num,32
task_id,511,arriving_time,4932628.440934267
task_id,511,gpu_num,32
task_id,512,arriving_time,4937754.298298938
task_id,512,gpu_num,256
task_id,513,arriving_time,4941404.306920837
task_id,513,gpu_num,32
task_id,514,arriving_time,4945156.644158523
task_id,514,gpu_num,32
task_id,515,arriving_time,4949183.158219963
task_id,515,gpu_num,256
task_id,516,arriving_time,4951788.276927886
task_id,516,gpu_num,256
task_id,517,arriving_time,4990689.798227211
task_id,517,gpu_num,256
task_id,518,arriving_time,4998904.04412089
task_id,518,gpu_num,32
task_id,519,arriving_time,5015915.218204578
task_id,519,gpu_num,32
task_id,520,arriving_time,5032084.944423236
task_id,520,gpu_num,32
task_id,521,arriving_time,5036882.48703485
task_id,521,gpu_num,32
task_id,522,arriving_time,5037786.330751199
task_id,522,gpu_num,32
task_id,523,arriving_time,5045809.429441221
task_id,523,gpu_num,32
task_id,524,arriving_time,5098787.084847259
task_id,524,gpu_num,512
task_id,525,arriving_time,5100170.105315375
task_id,525,gpu_num,256
task_id,526,arriving_time,5157484.3640917195
task_id,526,gpu_num,256
task_id,527,arriving_time,5167795.564591928
task_id,527,gpu_num,256
task_id,528,arriving_time,5176359.444315259
task_id,528,gpu_num,32
task_id,529,arriving_time,5191585.1865505865
task_id,529,gpu_num,32
task_id,530,arriving_time,5201543.1235972475
task_id,530,gpu_num,32
task_id,531,arriving_time,5206398.415969516
task_id,531,gpu_num,32
task_id,532,arriving_time,5224872.00883487
task_id,532,gpu_num,32
task_id,533,arriving_time,5225352.225074731
task_id,533,gpu_num,32
task_id,534,arriving_time,5252501.220972911
task_id,534,gpu_num,32
task_id,535,arriving_time,5260619.962454248
task_id,535,gpu_num,32
task_id,536,arriving_time,5266222.645065293
task_id,536,gpu_num,32
task_id,537,arriving_time,5279071.181047757
task_id,537,gpu_num,32
task_id,538,arriving_time,5282681.253906388
task_id,538,gpu_num,256
task_id,539,arriving_time,5283224.97106528
task_id,539,gpu_num,256
task_id,540,arriving_time,5286123.962378927
task_id,540,gpu_num,32
task_id,541,arriving_time,5287415.834406022
task_id,541,gpu_num,32
task_id,542,arriving_time,5309779.915170188
task_id,542,gpu_num,32
task_id,543,arriving_time,5313318.125937267
task_id,543,gpu_num,32
task_id,544,arriving_time,5316722.682810259
task_id,544,gpu_num,32
task_id,545,arriving_time,5319958.509666016
task_id,545,gpu_num,512
task_id,546,arriving_time,5324208.148490699
task_id,546,gpu_num,512
task_id,547,arriving_time,5337125.058665837
task_id,547,gpu_num,32
task_id,548,arriving_time,5356549.722230786
task_id,548,gpu_num,32
task_id,549,arriving_time,5357756.123555184
task_id,549,gpu_num,1024
task_id,550,arriving_time,5362468.722795626
task_id,550,gpu_num,512
task_id,551,arriving_time,5389292.497062531
task_id,551,gpu_num,512
task_id,552,arriving_time,5390380.090207585
task_id,552,gpu_num,256
task_id,553,arriving_time,5405487.901695743
task_id,553,gpu_num,32
task_id,554,arriving_time,5407494.027446296
task_id,554,gpu_num,512
task_id,555,arriving_time,5418534.2290608315
task_id,555,gpu_num,256
task_id,556,arriving_time,5420094.457516087
task_id,556,gpu_num,512
task_id,557,arriving_time,5433374.139947752
task_id,557,gpu_num,256
task_id,558,arriving_time,5436535.058887395
task_id,558,gpu_num,256
task_id,559,arriving_time,5473295.249302955
task_id,559,gpu_num,256
task_id,560,arriving_time,5475616.5787748145
task_id,560,gpu_num,256
task_id,561,arriving_time,5478261.483772573
task_id,561,gpu_num,512
task_id,562,arriving_time,5499308.220298986
task_id,562,gpu_num,32
task_id,563,arriving_time,5506364.678492402
task_id,563,gpu_num,256
task_id,564,arriving_time,5517219.551450473
task_id,564,gpu_num,256
task_id,565,arriving_time,5518719.183068886
task_id,565,gpu_num,256
task_id,566,arriving_time,5519931.366440085
task_id,566,gpu_num,256
task_id,567,arriving_time,5551162.14645872
task_id,567,gpu_num,32
task_id,568,arriving_time,5558617.698462809
task_id,568,gpu_num,32
task_id,569,arriving_time,5575192.199064655
task_id,569,gpu_num,512
task_id,570,arriving_time,5585732.4452753225
task_id,570,gpu_num,512
task_id,571,arriving_time,5589829.648456539
task_id,571,gpu_num,32
task_id,572,arriving_time,5614632.322059859
task_id,572,gpu_num,256
task_id,573,arriving_time,5621565.756598863
task_id,573,gpu_num,32
task_id,574,arriving_time,5630683.145538195
task_id,574,gpu_num,512
task_id,575,arriving_time,5643355.90437142
task_id,575,gpu_num,32
task_id,576,arriving_time,5660312.001424681
task_id,576,gpu_num,512
task_id,577,arriving_time,5668940.364662842
task_id,577,gpu_num,256
task_id,578,arriving_time,5675586.83466877
task_id,578,gpu_num,1024
task_id,579,arriving_time,5680324.529197761
task_id,579,gpu_num,32
task_id,580,arriving_time,5686836.455242108
task_id,580,gpu_num,512
task_id,581,arriving_time,5687821.42154577
task_id,581,gpu_num,32
task_id,582,arriving_time,5692384.564661823
task_id,582,gpu_num,512
task_id,583,arriving_time,5692437.9414299885
task_id,583,gpu_num,32
task_id,584,arriving_time,5707652.292671949
task_id,584,gpu_num,256
task_id,585,arriving_time,5731727.2042960655
task_id,585,gpu_num,32
task_id,586,arriving_time,5738749.311806078
task_id,586,gpu_num,512
task_id,587,arriving_time,5745366.730752154
task_id,587,gpu_num,256
task_id,588,arriving_time,5757591.672308693
task_id,588,gpu_num,32
task_id,589,arriving_time,5757594.7310013985
task_id,589,gpu_num,32
task_id,590,arriving_time,5761172.271127426
task_id,590,gpu_num,32
task_id,591,arriving_time,5761994.749239484
task_id,591,gpu_num,32
task_id,592,arriving_time,5763809.956912143
task_id,592,gpu_num,32
task_id,593,arriving_time,5766966.401439982
task_id,593,gpu_num,32
task_id,594,arriving_time,5770975.585427409
task_id,594,gpu_num,256
task_id,595,arriving_time,5780521.382186198
task_id,595,gpu_num,32
task_id,596,arriving_time,5781029.110045007
task_id,596,gpu_num,32
task_id,597,arriving_time,5783287.779346302
task_id,597,gpu_num,512
task_id,598,arriving_time,5785080.745921365
task_id,598,gpu_num,32
task_id,599,arriving_time,5785544.3683429
task_id,599,gpu_num,32
task_id,600,arriving_time,5804199.5152816055
task_id,600,gpu_num,32
task_id,601,arriving_time,5819571.191712635
task_id,601,gpu_num,32
task_id,602,arriving_time,5841294.701937474
task_id,602,gpu_num,32
task_id,603,arriving_time,5843401.336497924
task_id,603,gpu_num,32
task_id,604,arriving_time,5846217.658326647
task_id,604,gpu_num,32
task_id,605,arriving_time,5849838.9302548235
task_id,605,gpu_num,32
task_id,606,arriving_time,5859766.371252352
task_id,606,gpu_num,32
task_id,607,arriving_time,5865368.973864865
task_id,607,gpu_num,32
task_id,608,arriving_time,5882640.866991078
task_id,608,gpu_num,256
task_id,609,arriving_time,5895398.79258842
task_id,609,gpu_num,32
task_id,610,arriving_time,5899506.214561144
task_id,610,gpu_num,32
task_id,611,arriving_time,5899836.223567299
task_id,611,gpu_num,32
task_id,612,arriving_time,5914178.778808348
task_id,612,gpu_num,32
task_id,613,arriving_time,5940849.7926217895
task_id,613,gpu_num,32
task_id,614,arriving_time,5961983.344003601
task_id,614,gpu_num,256
task_id,615,arriving_time,5969706.675123303
task_id,615,gpu_num,32
task_id,616,arriving_time,5975332.295213117
task_id,616,gpu_num,32
task_id,617,arriving_time,5977773.180066552
task_id,617,gpu_num,32
task_id,618,arriving_time,5982182.663331109
task_id,618,gpu_num,32
task_id,619,arriving_time,5985608.614315927
task_id,619,gpu_num,32
task_id,620,arriving_time,5991270.807583903
task_id,620,gpu_num,32
task_id,621,arriving_time,5995190.771702036
task_id,621,gpu_num,32
task_id,622,arriving_time,6019103.746094738
task_id,622,gpu_num,256
task_id,623,arriving_time,6019297.185661144
task_id,623,gpu_num,256
task_id,624,arriving_time,6022607.06675596
task_id,624,gpu_num,32
task_id,625,arriving_time,6027957.321446888
task_id,625,gpu_num,32
task_id,626,arriving_time,6032232.069826835
task_id,626,gpu_num,32
task_id,627,arriving_time,6032871.6546658445
task_id,627,gpu_num,32
task_id,628,arriving_time,6038221.136118832
task_id,628,gpu_num,32
task_id,629,arriving_time,6060294.353035407
task_id,629,gpu_num,32
task_id,630,arriving_time,6070972.701139795
task_id,630,gpu_num,32
task_id,631,arriving_time,6074461.093762219
task_id,631,gpu_num,32
task_id,632,arriving_time,6098795.919954859
task_id,632,gpu_num,32
task_id,633,arriving_time,6103174.801377192
task_id,633,gpu_num,32
task_id,634,arriving_time,6107258.200434369
task_id,634,gpu_num,32
task_id,635,arriving_time,6107951.6728453105
task_id,635,gpu_num,32
task_id,636,arriving_time,6113244.557776104
task_id,636,gpu_num,32
task_id,637,arriving_time,6120416.852253645
task_id,637,gpu_num,32
task_id,638,arriving_time,6121312.482186375
task_id,638,gpu_num,32
task_id,639,arriving_time,6129681.4489331525
task_id,639,gpu_num,32
task_id,640,arriving_time,6138144.577047964
task_id,640,gpu_num,32
task_id,641,arriving_time,6140216.132828287
task_id,641,gpu_num,32
task_id,642,arriving_time,6147192.31215758
task_id,642,gpu_num,32
task_id,643,arriving_time,6157025.425104957
task_id,643,gpu_num,32
task_id,644,arriving_time,6158116.290403551
task_id,644,gpu_num,32
task_id,645,arriving_time,6171625.1301019685
task_id,645,gpu_num,32
task_id,646,arriving_time,6179099.437226354
task_id,646,gpu_num,32
task_id,647,arriving_time,6198238.076127036
task_id,647,gpu_num,32
task_id,648,arriving_time,6210266.607478727
task_id,648,gpu_num,32
task_id,649,arriving_time,6247605.805880475
task_id,649,gpu_num,32
task_id,650,arriving_time,6257854.155455821
task_id,650,gpu_num,32
task_id,651,arriving_time,6261547.939901864
task_id,651,gpu_num,32
task_id,652,arriving_time,6263185.925998954
task_id,652,gpu_num,32
task_id,653,arriving_time,6263877.988313752
task_id,653,gpu_num,32
task_id,654,arriving_time,6272311.395946529
task_id,654,gpu_num,32
task_id,655,arriving_time,6278597.48069996
task_id,655,gpu_num,32
task_id,656,arriving_time,6299533.803102376
task_id,656,gpu_num,32
task_id,657,arriving_time,6330178.724729105
task_id,657,gpu_num,32
task_id,658,arriving_time,6330845.561448452
task_id,658,gpu_num,32
task_id,659,arriving_time,6342085.1592430165
task_id,659,gpu_num,32
task_id,660,arriving_time,6358917.598123172
task_id,660,gpu_num,32
task_id,661,arriving_time,6380391.468070336
task_id,661,gpu_num,32
task_id,662,arriving_time,6395569.567702978
task_id,662,gpu_num,32
task_id,663,arriving_time,6396244.656368134
task_id,663,gpu_num,32
task_id,664,arriving_time,6400049.970412624
task_id,664,gpu_num,32
task_id,665,arriving_time,6401882.843199028
task_id,665,gpu_num,32
task_id,666,arriving_time,6423448.922300484
task_id,666,gpu_num,32
task_id,667,arriving_time,6434308.811449942
task_id,667,gpu_num,32
task_id,668,arriving_time,6445968.040485814
task_id,668,gpu_num,32
task_id,669,arriving_time,6448997.548353582
task_id,669,gpu_num,32
task_id,670,arriving_time,6460805.154509229
task_id,670,gpu_num,32
task_id,671,arriving_time,6465380.521643771
task_id,671,gpu_num,32
task_id,672,arriving_time,6478898.233819512
task_id,672,gpu_num,32
task_id,673,arriving_time,6482056.899980848
task_id,673,gpu_num,32
task_id,674,arriving_time,6486255.786568188
task_id,674,gpu_num,32
task_id,675,arriving_time,6489564.482550573
task_id,675,gpu_num,32
task_id,676,arriving_time,6497993.786109101
task_id,676,gpu_num,32
task_id,677,arriving_time,6498622.459862082
task_id,677,gpu_num,32
task_id,678,arriving_time,6504805.6404513065
task_id,678,gpu_num,32
task_id,679,arriving_time,6508690.453138264
task_id,679,gpu_num,32
task_id,680,arriving_time,6523147.523966357
task_id,680,gpu_num,32
task_id,681,arriving_time,6537534.246401788
task_id,681,gpu_num,32
task_id,682,arriving_time,6562573.029381255
task_id,682,gpu_num,32
task_id,683,arriving_time,6566196.706127203
task_id,683,gpu_num,32
task_id,684,arriving_time,6568887.6282762475
task_id,684,gpu_num,32
task_id,685,arriving_time,6569129.838810821
task_id,685,gpu_num,32
task_id,686,arriving_time,6574110.303967858
task_id,686,gpu_num,32
task_id,687,arriving_time,6577379.45834027
task_id,687,gpu_num,32
task_id,688,arriving_time,6581548.169906383
task_id,688,gpu_num,256
task_id,689,arriving_time,6586618.054295165
task_id,689,gpu_num,32
task_id,690,arriving_time,6599655.697264799
task_id,690,gpu_num,32
task_id,691,arriving_time,6613945.948118171
task_id,691,gpu_num,512
task_id,692,arriving_time,6617361.91335019
task_id,692,gpu_num,512
task_id,693,arriving_time,6619581.628418541
task_id,693,gpu_num,512
task_id,694,arriving_time,6640338.938210017
task_id,694,gpu_num,32
task_id,695,arriving_time,6647575.580212306
task_id,695,gpu_num,32
task_id,696,arriving_time,6657012.353087286
task_id,696,gpu_num,32
task_id,697,arriving_time,6699057.402822753
task_id,697,gpu_num,32
task_id,698,arriving_time,6699927.053272897
task_id,698,gpu_num,256
task_id,699,arriving_time,6707109.384442854
task_id,699,gpu_num,256
task_id,700,arriving_time,6730368.395647173
task_id,700,gpu_num,256
task_id,701,arriving_time,6734041.460294465
task_id,701,gpu_num,32
task_id,702,arriving_time,6737613.835355891
task_id,702,gpu_num,32
task_id,703,arriving_time,6739262.93889924
task_id,703,gpu_num,256
task_id,704,arriving_time,6750496.58117848
task_id,704,gpu_num,32
task_id,705,arriving_time,6778657.333406261
task_id,705,gpu_num,32
task_id,706,arriving_time,6798971.044067111
task_id,706,gpu_num,512
task_id,707,arriving_time,6816112.387427754
task_id,707,gpu_num,512
task_id,708,arriving_time,6816446.662198688
task_id,708,gpu_num,32
task_id,709,arriving_time,6839872.158630988
task_id,709,gpu_num,512
task_id,710,arriving_time,6879560.727310712
task_id,710,gpu_num,32
task_id,711,arriving_time,6885171.766864653
task_id,711,gpu_num,256
task_id,712,arriving_time,6917142.156465121
task_id,712,gpu_num,32
task_id,713,arriving_time,6925573.286519204
task_id,713,gpu_num,32
task_id,714,arriving_time,6929106.846895703
task_id,714,gpu_num,32
task_id,715,arriving_time,6929789.380898209
task_id,715,gpu_num,512
task_id,716,arriving_time,6931426.450356937
task_id,716,gpu_num,512
task_id,717,arriving_time,6939060.2418599725
task_id,717,gpu_num,32
task_id,718,arriving_time,6959741.945098072
task_id,718,gpu_num,256
task_id,719,arriving_time,6962544.560665681
task_id,719,gpu_num,32
task_id,720,arriving_time,6971245.373643127
task_id,720,gpu_num,32
task_id,721,arriving_time,6975921.004172402
task_id,721,gpu_num,32
task_id,722,arriving_time,6981204.963335629
task_id,722,gpu_num,32
task_id,723,arriving_time,7000636.050955087
task_id,723,gpu_num,256
task_id,724,arriving_time,7006658.638174101
task_id,724,gpu_num,32
task_id,725,arriving_time,7009415.296340673
task_id,725,gpu_num,32
task_id,726,arriving_time,7016510.512636623
task_id,726,gpu_num,32
task_id,727,arriving_time,7022420.0909041995
task_id,727,gpu_num,32
task_id,728,arriving_time,7042788.570838232
task_id,728,gpu_num,32
task_id,729,arriving_time,7044125.701489316
task_id,729,gpu_num,32
task_id,730,arriving_time,7066445.702324993
task_id,730,gpu_num,512
task_id,731,arriving_time,7071504.325738247
task_id,731,gpu_num,512
task_id,732,arriving_time,7076496.5499573285
task_id,732,gpu_num,512
task_id,733,arriving_time,7083733.69780788
task_id,733,gpu_num,256
task_id,734,arriving_time,7091264.789864678
task_id,734,gpu_num,512
task_id,735,arriving_time,7132804.528811486
task_id,735,gpu_num,32
task_id,736,arriving_time,7135483.6394028785
task_id,736,gpu_num,32
task_id,737,arriving_time,7136635.309679326
task_id,737,gpu_num,32
task_id,738,arriving_time,7142124.204633045
task_id,738,gpu_num,32
task_id,739,arriving_time,7142817.664232864
task_id,739,gpu_num,32
task_id,740,arriving_time,7143292.903221685
task_id,740,gpu_num,32
task_id,741,arriving_time,7151064.190200317
task_id,741,gpu_num,256
task_id,742,arriving_time,7182576.953966323
task_id,742,gpu_num,256
task_id,743,arriving_time,7222073.617026441
task_id,743,gpu_num,256
task_id,744,arriving_time,7223457.874112104
task_id,744,gpu_num,256
task_id,745,arriving_time,7237938.017697121
task_id,745,gpu_num,32
task_id,746,arriving_time,7240223.008507065
task_id,746,gpu_num,32
task_id,747,arriving_time,7242403.190642946
task_id,747,gpu_num,256
task_id,748,arriving_time,7249578.454415837
task_id,748,gpu_num,32
task_id,749,arriving_time,7249811.1254416425
task_id,749,gpu_num,32
task_id,750,arriving_time,7255811.217392516
task_id,750,gpu_num,32
task_id,751,arriving_time,7256460.329347909
task_id,751,gpu_num,32
task_id,752,arriving_time,7289539.8822813695
task_id,752,gpu_num,32
task_id,753,arriving_time,7291726.578858964
task_id,753,gpu_num,32
task_id,754,arriving_time,7305350.671300972
task_id,754,gpu_num,32
task_id,755,arriving_time,7316769.463528172
task_id,755,gpu_num,32
task_id,756,arriving_time,7331979.412607984
task_id,756,gpu_num,32
task_id,757,arriving_time,7333531.655139214
task_id,757,gpu_num,32
task_id,758,arriving_time,7348667.814119227
task_id,758,gpu_num,32
task_id,759,arriving_time,7362235.710252923
task_id,759,gpu_num,32
task_id,760,arriving_time,7363073.357238957
task_id,760,gpu_num,32
task_id,761,arriving_time,7363707.529085755
task_id,761,gpu_num,32
task_id,762,arriving_time,7364293.481163276
task_id,762,gpu_num,32
task_id,763,arriving_time,7382299.229330433
task_id,763,gpu_num,32
task_id,764,arriving_time,7382409.207983536
task_id,764,gpu_num,32
task_id,765,arriving_time,7387367.485776036
task_id,765,gpu_num,32
task_id,766,arriving_time,7392980.380397679
task_id,766,gpu_num,2048
task_id,767,arriving_time,7395930.437937833
task_id,767,gpu_num,512
task_id,768,arriving_time,7412666.81060311
task_id,768,gpu_num,512
task_id,769,arriving_time,7412787.835126783
task_id,769,gpu_num,32
task_id,770,arriving_time,7415275.8768872665
task_id,770,gpu_num,32
task_id,771,arriving_time,7419667.000452751
task_id,771,gpu_num,32
task_id,772,arriving_time,7438822.43773077
task_id,772,gpu_num,256
task_id,773,arriving_time,7440015.32481313
task_id,773,gpu_num,512
task_id,774,arriving_time,7442151.886915277
task_id,774,gpu_num,32
task_id,775,arriving_time,7442306.438998349
task_id,775,gpu_num,32
task_id,776,arriving_time,7459542.676628676
task_id,776,gpu_num,32
task_id,777,arriving_time,7495671.270896661
task_id,777,gpu_num,512
task_id,778,arriving_time,7513175.311997898
task_id,778,gpu_num,512
task_id,779,arriving_time,7527692.158217793
task_id,779,gpu_num,32
task_id,780,arriving_time,7531180.5861358605
task_id,780,gpu_num,32
task_id,781,arriving_time,7549989.625163139
task_id,781,gpu_num,32
task_id,782,arriving_time,7556611.232081987
task_id,782,gpu_num,256
task_id,783,arriving_time,7563377.8968592
task_id,783,gpu_num,32
task_id,784,arriving_time,7580442.464145701
task_id,784,gpu_num,32
task_id,785,arriving_time,7589999.263896562
task_id,785,gpu_num,512
task_id,786,arriving_time,7590454.664009938
task_id,786,gpu_num,512
task_id,787,arriving_time,7598715.532861421
task_id,787,gpu_num,32
task_id,788,arriving_time,7604317.036024213
task_id,788,gpu_num,32
task_id,789,arriving_time,7640494.922272976
task_id,789,gpu_num,32
task_id,790,arriving_time,7645888.573138279
task_id,790,gpu_num,32
task_id,791,arriving_time,7658700.087545562
task_id,791,gpu_num,32
task_id,792,arriving_time,7659553.62186457
task_id,792,gpu_num,32
task_id,793,arriving_time,7665921.903127994
task_id,793,gpu_num,32
task_id,794,arriving_time,7667331.72469715
task_id,794,gpu_num,32
task_id,795,arriving_time,7671883.045205843
task_id,795,gpu_num,256
task_id,796,arriving_time,7679602.228344994
task_id,796,gpu_num,32
task_id,797,arriving_time,7685643.808822461
task_id,797,gpu_num,32
task_id,798,arriving_time,7689451.813957156
task_id,798,gpu_num,512
task_id,799,arriving_time,7693939.492973817
task_id,799,gpu_num,32
task_id,800,arriving_time,7695358.929725541
task_id,800,gpu_num,32
task_id,801,arriving_time,7720369.131273304
task_id,801,gpu_num,32
task_id,802,arriving_time,7725335.328722895
task_id,802,gpu_num,32
task_id,803,arriving_time,7752403.320999347
task_id,803,gpu_num,512
task_id,804,arriving_time,7754278.151590228
task_id,804,gpu_num,512
task_id,805,arriving_time,7758978.32666461
task_id,805,gpu_num,32
task_id,806,arriving_time,7791397.501335499
task_id,806,gpu_num,32
task_id,807,arriving_time,7799645.821580465
task_id,807,gpu_num,32
task_id,808,arriving_time,7817323.312700825
task_id,808,gpu_num,32
task_id,809,arriving_time,7867621.319922893
task_id,809,gpu_num,32
task_id,810,arriving_time,7889802.374591341
task_id,810,gpu_num,256
task_id,811,arriving_time,7894885.94103887
task_id,811,gpu_num,32
task_id,812,arriving_time,7907072.023305839
task_id,812,gpu_num,32
task_id,813,arriving_time,7910450.058345553
task_id,813,gpu_num,32
task_id,814,arriving_time,7928029.925825328
task_id,814,gpu_num,512
task_id,815,arriving_time,7931956.551979752
task_id,815,gpu_num,128
task_id,816,arriving_time,7938327.881330166
task_id,816,gpu_num,32
task_id,817,arriving_time,7941157.756821899
task_id,817,gpu_num,32
task_id,818,arriving_time,7942306.264334543
task_id,818,gpu_num,32
task_id,819,arriving_time,7943028.373766375
task_id,819,gpu_num,32
task_id,820,arriving_time,7951811.02882665
task_id,820,gpu_num,256
task_id,821,arriving_time,7958479.14284972
task_id,821,gpu_num,256
task_id,822,arriving_time,7961485.359575206
task_id,822,gpu_num,256
task_id,823,arriving_time,7969564.064089447
task_id,823,gpu_num,32
task_id,824,arriving_time,7971131.624334671
task_id,824,gpu_num,256
task_id,825,arriving_time,7992250.140052292
task_id,825,gpu_num,32
task_id,826,arriving_time,7997252.316317726
task_id,826,gpu_num,32
task_id,827,arriving_time,8022118.80721958
task_id,827,gpu_num,32
task_id,828,arriving_time,8029598.63974418
task_id,828,gpu_num,32
task_id,829,arriving_time,8029710.275336205
task_id,829,gpu_num,256
task_id,830,arriving_time,8030404.709684408
task_id,830,gpu_num,32
task_id,831,arriving_time,8036145.395341608
task_id,831,gpu_num,32
task_id,832,arriving_time,8058200.689790157
task_id,832,gpu_num,256
task_id,833,arriving_time,8062364.808913645
task_id,833,gpu_num,32
task_id,834,arriving_time,8072310.771772241
task_id,834,gpu_num,32
task_id,835,arriving_time,8078120.42667316
task_id,835,gpu_num,256
task_id,836,arriving_time,8089441.298583689
task_id,836,gpu_num,256
task_id,837,arriving_time,8091209.386535334
task_id,837,gpu_num,256
task_id,838,arriving_time,8112214.846343342
task_id,838,gpu_num,32
task_id,839,arriving_time,8113897.383418305
task_id,839,gpu_num,32
task_id,840,arriving_time,8117768.06118666
task_id,840,gpu_num,256
task_id,841,arriving_time,8135660.714534298
task_id,841,gpu_num,256
task_id,842,arriving_time,8138295.320237919
task_id,842,gpu_num,32
task_id,843,arriving_time,8145452.081676899
task_id,843,gpu_num,256
task_id,844,arriving_time,8160813.00625156
task_id,844,gpu_num,256
task_id,845,arriving_time,8181805.677770682
task_id,845,gpu_num,32
task_id,846,arriving_time,8186338.3553120075
task_id,846,gpu_num,256
task_id,847,arriving_time,8192226.793584827
task_id,847,gpu_num,32
task_id,848,arriving_time,8202005.736928947
task_id,848,gpu_num,32
task_id,849,arriving_time,8205664.1947754435
task_id,849,gpu_num,32
task_id,850,arriving_time,8209024.675714653
task_id,850,gpu_num,256
task_id,851,arriving_time,8210272.548603548
task_id,851,gpu_num,256
task_id,852,arriving_time,8212974.544079986
task_id,852,gpu_num,256
task_id,853,arriving_time,8234854.021324793
task_id,853,gpu_num,256
task_id,854,arriving_time,8236841.793118836
task_id,854,gpu_num,32
task_id,855,arriving_time,8237864.4140575975
task_id,855,gpu_num,256
task_id,856,arriving_time,8239642.776695165
task_id,856,gpu_num,32
task_id,857,arriving_time,8255588.747162959
task_id,857,gpu_num,32
task_id,858,arriving_time,8271337.920674147
task_id,858,gpu_num,32
task_id,859,arriving_time,8284902.627558403
task_id,859,gpu_num,32
task_id,860,arriving_time,8299358.063589832
task_id,860,gpu_num,32
task_id,861,arriving_time,8303799.30670857
task_id,861,gpu_num,32
task_id,862,arriving_time,8305627.069428491
task_id,862,gpu_num,32
task_id,863,arriving_time,8307104.83364968
task_id,863,gpu_num,32
task_id,864,arriving_time,8307794.408511403
task_id,864,gpu_num,32
task_id,865,arriving_time,8308902.55530997
task_id,865,gpu_num,32
task_id,866,arriving_time,8316050.984497768
task_id,866,gpu_num,32
task_id,867,arriving_time,8318106.412375889
task_id,867,gpu_num,32
task_id,868,arriving_time,8318273.059187796
task_id,868,gpu_num,32
task_id,869,arriving_time,8320932.32202388
task_id,869,gpu_num,32
task_id,870,arriving_time,8332789.343363629
task_id,870,gpu_num,32
task_id,871,arriving_time,8333050.983219517
task_id,871,gpu_num,32
task_id,872,arriving_time,8333856.07379301
task_id,872,gpu_num,32
task_id,873,arriving_time,8342234.693244954
task_id,873,gpu_num,32
task_id,874,arriving_time,8360753.718532431
task_id,874,gpu_num,32
task_id,875,arriving_time,8403679.462054724
task_id,875,gpu_num,32
task_id,876,arriving_time,8415375.24271036
task_id,876,gpu_num,32
task_id,877,arriving_time,8421490.243192116
task_id,877,gpu_num,32
task_id,878,arriving_time,8424867.2886555
task_id,878,gpu_num,32
task_id,879,arriving_time,8428265.15463637
task_id,879,gpu_num,32
task_id,880,arriving_time,8436427.88013419
task_id,880,gpu_num,32
task_id,881,arriving_time,8448622.225989422
task_id,881,gpu_num,32
task_id,882,arriving_time,8465555.417845877
task_id,882,gpu_num,32
task_id,883,arriving_time,8468313.673690362
task_id,883,gpu_num,32
task_id,884,arriving_time,8475007.604209773
task_id,884,gpu_num,32
task_id,885,arriving_time,8477529.7214355
task_id,885,gpu_num,32
task_id,886,arriving_time,8484290.562951514
task_id,886,gpu_num,32
task_id,887,arriving_time,8501855.937115872
task_id,887,gpu_num,32
task_id,888,arriving_time,8539866.783118777
task_id,888,gpu_num,256
task_id,889,arriving_time,8543334.522591347
task_id,889,gpu_num,32
task_id,890,arriving_time,8571589.011474099
task_id,890,gpu_num,256
task_id,891,arriving_time,8571777.408170173
task_id,891,gpu_num,512
task_id,892,arriving_time,8578657.241991514
task_id,892,gpu_num,256
task_id,893,arriving_time,8583015.818047341
task_id,893,gpu_num,256
task_id,894,arriving_time,8593536.182031963
task_id,894,gpu_num,256
task_id,895,arriving_time,8594989.181955379
task_id,895,gpu_num,512
task_id,896,arriving_time,8626096.777750647
task_id,896,gpu_num,32
task_id,897,arriving_time,8631363.915744497
task_id,897,gpu_num,256
task_id,898,arriving_time,8635216.858670639
task_id,898,gpu_num,512
task_id,899,arriving_time,8635309.662020467
task_id,899,gpu_num,256
task_id,900,arriving_time,8642676.556058181
task_id,900,gpu_num,256
task_id,901,arriving_time,8648074.894583536
task_id,901,gpu_num,32
task_id,902,arriving_time,8657938.886141542
task_id,902,gpu_num,512
task_id,903,arriving_time,8662381.37493109
task_id,903,gpu_num,32
task_id,904,arriving_time,8667737.722280059
task_id,904,gpu_num,32
task_id,905,arriving_time,8676447.423575005
task_id,905,gpu_num,32
task_id,906,arriving_time,8694317.870982682
task_id,906,gpu_num,32
task_id,907,arriving_time,8702971.578109417
task_id,907,gpu_num,32
task_id,908,arriving_time,8715555.43356296
task_id,908,gpu_num,32
task_id,909,arriving_time,8733351.30111946
task_id,909,gpu_num,32
task_id,910,arriving_time,8749589.36997371
task_id,910,gpu_num,32
task_id,911,arriving_time,8764909.483819734
task_id,911,gpu_num,32
task_id,912,arriving_time,8788599.418794643
task_id,912,gpu_num,32
task_id,913,arriving_time,8807238.59726381
task_id,913,gpu_num,32
task_id,914,arriving_time,8810885.574294189
task_id,914,gpu_num,32
task_id,915,arriving_time,8815432.55961635
task_id,915,gpu_num,32
task_id,916,arriving_time,8816477.166579137
task_id,916,gpu_num,32
task_id,917,arriving_time,8832663.632207911
task_id,917,gpu_num,32
task_id,918,arriving_time,8838632.164486894
task_id,918,gpu_num,32
task_id,919,arriving_time,8846838.720539961
task_id,919,gpu_num,32
task_id,920,arriving_time,8876054.591550991
task_id,920,gpu_num,32
task_id,921,arriving_time,8880602.751290444
task_id,921,gpu_num,32
task_id,922,arriving_time,8907434.39309359
task_id,922,gpu_num,32
task_id,923,arriving_time,8910124.736184409
task_id,923,gpu_num,32
task_id,924,arriving_time,8916620.087131815
task_id,924,gpu_num,32
task_id,925,arriving_time,8926628.935811974
task_id,925,gpu_num,32
task_id,926,arriving_time,8943336.933747426
task_id,926,gpu_num,32
task_id,927,arriving_time,8954146.486944843
task_id,927,gpu_num,32
task_id,928,arriving_time,8970885.106709562
task_id,928,gpu_num,32
task_id,929,arriving_time,8971544.465413118
task_id,929,gpu_num,32
task_id,930,arriving_time,8974570.9042708
task_id,930,gpu_num,32
task_id,931,arriving_time,8977597.975668037
task_id,931,gpu_num,32
task_id,932,arriving_time,8981958.316635443
task_id,932,gpu_num,32
task_id,933,arriving_time,8984383.08898341
task_id,933,gpu_num,32
task_id,934,arriving_time,8990058.6922255
task_id,934,gpu_num,32
task_id,935,arriving_time,8996475.032508679
task_id,935,gpu_num,32
task_id,936,arriving_time,9010219.042120026
task_id,936,gpu_num,32
task_id,937,arriving_time,9019210.564586006
task_id,937,gpu_num,32
task_id,938,arriving_time,9029800.33600801
task_id,938,gpu_num,32
task_id,939,arriving_time,9042345.736154946
task_id,939,gpu_num,32
task_id,940,arriving_time,9044416.68489732
task_id,940,gpu_num,32
task_id,941,arriving_time,9044459.74388899
task_id,941,gpu_num,32
task_id,942,arriving_time,9047332.891312001
task_id,942,gpu_num,32
task_id,943,arriving_time,9055061.349050837
task_id,943,gpu_num,32
task_id,944,arriving_time,9062935.95441123
task_id,944,gpu_num,32
task_id,945,arriving_time,9063811.062359422
task_id,945,gpu_num,32
task_id,946,arriving_time,9071421.689556347
task_id,946,gpu_num,32
task_id,947,arriving_time,9079349.10474286
task_id,947,gpu_num,32
task_id,948,arriving_time,9083969.23532808
task_id,948,gpu_num,32
task_id,949,arriving_time,9096828.886304414
task_id,949,gpu_num,32
task_id,950,arriving_time,9124672.995092921
task_id,950,gpu_num,32
task_id,951,arriving_time,9125683.990481408
task_id,951,gpu_num,32
task_id,952,arriving_time,9127060.882294467
task_id,952,gpu_num,32
task_id,953,arriving_time,9129041.97442485
task_id,953,gpu_num,32
task_id,954,arriving_time,9147480.689973695
task_id,954,gpu_num,256
task_id,955,arriving_time,9149278.153985595
task_id,955,gpu_num,256
task_id,956,arriving_time,9173419.297856117
task_id,956,gpu_num,32
task_id,957,arriving_time,9181766.059715807
task_id,957,gpu_num,32
task_id,958,arriving_time,9190106.248091713
task_id,958,gpu_num,32
task_id,959,arriving_time,9196120.56351144
task_id,959,gpu_num,32
task_id,960,arriving_time,9218481.760744765
task_id,960,gpu_num,32
task_id,961,arriving_time,9231370.031396436
task_id,961,gpu_num,32
task_id,962,arriving_time,9235696.317521192
task_id,962,gpu_num,32
task_id,963,arriving_time,9236373.191257823
task_id,963,gpu_num,32
task_id,964,arriving_time,9238479.733453242
task_id,964,gpu_num,32
task_id,965,arriving_time,9246513.719023624
task_id,965,gpu_num,32
task_id,966,arriving_time,9257422.34801445
task_id,966,gpu_num,256
task_id,967,arriving_time,9263347.437789423
task_id,967,gpu_num,32
task_id,968,arriving_time,9269428.94843985
task_id,968,gpu_num,1024
task_id,969,arriving_time,9315211.906689433
task_id,969,gpu_num,512
task_id,970,arriving_time,9335829.232262503
task_id,970,gpu_num,512
task_id,971,arriving_time,9340973.860641986
task_id,971,gpu_num,32
task_id,972,arriving_time,9356258.096624801
task_id,972,gpu_num,32
task_id,973,arriving_time,9370498.174203372
task_id,973,gpu_num,32
task_id,974,arriving_time,9376446.582548553
task_id,974,gpu_num,32
task_id,975,arriving_time,9377412.169015404
task_id,975,gpu_num,512
task_id,976,arriving_time,9388254.639705041
task_id,976,gpu_num,32
task_id,977,arriving_time,9407042.003143486
task_id,977,gpu_num,256
task_id,978,arriving_time,9409812.38403254
task_id,978,gpu_num,256
task_id,979,arriving_time,9422029.223341465
task_id,979,gpu_num,32
task_id,980,arriving_time,9427045.475740584
task_id,980,gpu_num,32
task_id,981,arriving_time,9428936.084931098
task_id,981,gpu_num,32
task_id,982,arriving_time,9430778.536174431
task_id,982,gpu_num,32
task_id,983,arriving_time,9432469.640095633
task_id,983,gpu_num,256
task_id,984,arriving_time,9440686.397505214
task_id,984,gpu_num,256
task_id,985,arriving_time,9445688.908048034
task_id,985,gpu_num,32
task_id,986,arriving_time,9454752.343105009
task_id,986,gpu_num,512
task_id,987,arriving_time,9462577.910844222
task_id,987,gpu_num,32
task_id,988,arriving_time,9463619.370136555
task_id,988,gpu_num,32
task_id,989,arriving_time,9476226.44896052
task_id,989,gpu_num,32
task_id,990,arriving_time,9479350.564410407
task_id,990,gpu_num,512
task_id,991,arriving_time,9485594.007220138
task_id,991,gpu_num,256
task_id,992,arriving_time,9509824.488676881
task_id,992,gpu_num,512
task_id,993,arriving_time,9544744.748158865
task_id,993,gpu_num,256
task_id,994,arriving_time,9545797.844804807
task_id,994,gpu_num,256
task_id,995,arriving_time,9577900.337391648
task_id,995,gpu_num,32
task_id,996,arriving_time,9591830.376644466
task_id,996,gpu_num,256
task_id,997,arriving_time,9611246.157922102
task_id,997,gpu_num,32
task_id,998,arriving_time,9614195.375293119
task_id,998,gpu_num,32
task_id,999,arriving_time,9616504.2239689
task_id,999,gpu_num,32
taskid,0,start_time,12867.299745159376
taskid,1,start_time,20757.463309194543
taskid,2,start_time,36703.71947988562
taskid,3,start_time,39314.40269747653
taskid,4,start_time,53763.33864659006
taskid,2,finish_time,59934.266718212406
taskid,5,start_time,59934.266718212406
taskid,6,start_time,64592.48991536435
taskid,3,finish_time,70752.28312803451
taskid,6,finish_time,70979.88139867145
taskid,5,finish_time,74418.7648599782
taskid,7,start_time,87383.04756362877
taskid,8,start_time,96122.58237961843
taskid,9,start_time,105991.921917815
taskid,9,finish_time,111525.82576595285
taskid,10,start_time,133262.11076141917
taskid,11,start_time,144027.68396539337
taskid,11,finish_time,145033.20300669278
taskid,12,start_time,150034.87378782054
taskid,12,finish_time,181087.8199329252
taskid,13,start_time,181087.8199329252
taskid,13,finish_time,187509.80341451956
taskid,14,start_time,187509.80341451956
taskid,14,finish_time,188244.14751827295
taskid,15,start_time,188244.14751827295
taskid,1,finish_time,189706.64269718842
taskid,16,start_time,189706.64269718842
taskid,16,finish_time,190249.0637799766
taskid,15,finish_time,192201.50220251075
taskid,17,start_time,204898.68907378506
taskid,17,finish_time,205950.62555134427
taskid,18,start_time,210608.1602095927
taskid,18,finish_time,211422.4757415415
taskid,19,start_time,217790.1372905935
taskid,20,start_time,228928.29734450328
taskid,10,finish_time,242377.86940713125
taskid,21,start_time,242377.86940713125
taskid,22,start_time,242377.86940713125
taskid,21,finish_time,245407.17977890602
taskid,22,finish_time,247016.56985152603
taskid,23,start_time,247016.56985152603
taskid,8,finish_time,257983.34280517223
taskid,24,start_time,257983.34280517223
taskid,25,start_time,257983.34280517223
taskid,26,start_time,257983.34280517223
taskid,24,finish_time,258743.30501658822
taskid,26,finish_time,259018.70640351882
taskid,4,finish_time,262632.4723684655
taskid,27,start_time,262632.4723684655
taskid,28,start_time,262632.4723684655
taskid,29,start_time,262632.4723684655
taskid,29,finish_time,263333.6126333034
taskid,28,finish_time,263654.110943777
taskid,25,finish_time,268307.3436610239
taskid,30,start_time,271829.61600860726
taskid,27,finish_time,273184.75876312953
taskid,31,start_time,276369.48258604156
taskid,30,finish_time,277643.48960038513
taskid,32,start_time,279140.4096332961
taskid,33,start_time,279722.96837792115
taskid,31,finish_time,281537.974780933
taskid,33,finish_time,281981.478429409
taskid,34,start_time,283451.71256853006
taskid,34,finish_time,285157.64777397417
taskid,32,finish_time,286036.8946608901
taskid,7,finish_time,286775.4478057607
taskid,35,start_time,288297.9881302354
taskid,35,finish_time,290323.684821375
taskid,0,finish_time,296244.05602946586
taskid,36,start_time,334083.58569492586
taskid,37,start_time,334168.80884638074
taskid,36,finish_time,336325.08390893287
taskid,37,finish_time,339606.997444443
taskid,38,start_time,343085.3919508923
taskid,38,finish_time,350850.87996678404
taskid,39,start_time,352347.6559462058
taskid,40,start_time,352409.1054971437
taskid,39,finish_time,354552.34072442196
taskid,40,finish_time,354608.5336625782
taskid,41,start_time,354917.743841677
taskid,42,start_time,356412.0173963537
taskid,41,finish_time,356564.84301722154
taskid,43,start_time,358346.0448647987
taskid,42,finish_time,358611.47642676014
taskid,19,finish_time,359632.71631765907
taskid,43,finish_time,360083.8505302519
taskid,20,finish_time,368272.3658458185
taskid,44,start_time,390520.17231747916
taskid,44,finish_time,392076.92778944096
taskid,45,start_time,394115.3804643359
taskid,23,finish_time,396074.86965212715
taskid,45,finish_time,396385.89029981813
taskid,46,start_time,410095.5628542935
taskid,46,finish_time,411990.689984687
taskid,47,start_time,422838.4230282599
taskid,47,finish_time,423584.6779880421
taskid,48,start_time,424771.64983164315
taskid,48,finish_time,427001.2081464412
taskid,49,start_time,441422.9418144543
taskid,49,finish_time,443115.36311547435
taskid,50,start_time,450940.15622801334
taskid,50,finish_time,453097.71858472156
taskid,51,start_time,479806.87529018003
taskid,51,finish_time,481568.0866510261
taskid,52,start_time,488187.0010531615
taskid,52,finish_time,489177.541400021
taskid,53,start_time,501939.1647027237
taskid,53,finish_time,502958.70642359037
taskid,54,start_time,504870.7688154193
taskid,54,finish_time,505875.2929152461
taskid,55,start_time,514601.4239117865
taskid,55,finish_time,520062.9096613255
taskid,56,start_time,527238.5188736985
taskid,57,start_time,529366.7006521041
taskid,58,start_time,531933.0236429825
taskid,59,start_time,533247.0673541572
taskid,56,finish_time,534604.554072829
taskid,58,finish_time,538256.8885437943
taskid,59,finish_time,538753.5959786292
taskid,60,start_time,549997.2205663851
taskid,61,start_time,552288.0331786851
taskid,61,finish_time,553294.5348435641
taskid,60,finish_time,554970.9284288943
taskid,62,start_time,561701.8562216661
taskid,62,finish_time,563906.4023947599
taskid,63,start_time,564822.5601545947
taskid,63,finish_time,566993.0184566188
taskid,64,start_time,586617.076392653
taskid,64,finish_time,587628.623367791
taskid,65,start_time,590474.6852691825
taskid,66,start_time,600120.9410760427
taskid,65,finish_time,600466.9293629441
taskid,66,finish_time,602316.478913074
taskid,67,start_time,604600.2075638777
taskid,67,finish_time,606372.5754629929
taskid,68,start_time,611670.2106950926
taskid,68,finish_time,613429.4116832251
taskid,69,start_time,634310.1081430415
taskid,69,finish_time,635909.6786174345
taskid,70,start_time,653007.3918866633
taskid,71,start_time,653957.6013669835
taskid,72,start_time,656149.6268876364
taskid,73,start_time,656974.2435709076
taskid,73,finish_time,660636.6694613538
taskid,72,finish_time,661191.9682512864
taskid,70,finish_time,662505.0108245338
taskid,74,start_time,664756.8106597783
taskid,71,finish_time,669212.6625165062
taskid,74,finish_time,674353.6827246337
taskid,75,start_time,680391.4317585266
taskid,75,finish_time,682938.7105767004
taskid,76,start_time,704069.5409936748
taskid,77,start_time,723555.3189416766
taskid,77,finish_time,724155.9862372455
taskid,78,start_time,726085.5956186124
taskid,78,finish_time,730592.7184073443
taskid,79,start_time,733994.4853282545
taskid,79,finish_time,734894.9923117692
taskid,80,start_time,746566.5930116654
taskid,81,start_time,750319.6482402862
taskid,82,start_time,752886.7598979793
taskid,81,finish_time,753202.0667902981
taskid,83,start_time,784719.5964594429
taskid,83,finish_time,785539.846092509
taskid,82,finish_time,789368.2516806725
taskid,80,finish_time,811685.6254348936
taskid,84,start_time,843424.5865805951
taskid,84,finish_time,844245.0341707018
taskid,85,start_time,848181.7776678673
taskid,86,start_time,856705.2364717042
taskid,87,start_time,860018.6073258932
taskid,85,finish_time,865029.061635273
taskid,88,start_time,882281.4126809496
taskid,76,finish_time,900609.326516724
taskid,57,finish_time,910441.9653576012
taskid,89,start_time,914871.0509595716
taskid,90,start_time,922109.4499350081
taskid,90,finish_time,922789.6591523893
taskid,91,start_time,922912.4777253594
taskid,86,finish_time,927423.1363022574
taskid,92,start_time,930677.6516544026
taskid,92,finish_time,935322.6134207529
taskid,91,finish_time,937273.9916265935
taskid,93,start_time,946169.4994828043
taskid,93,finish_time,948335.4580060331
taskid,94,start_time,964670.8669580009
taskid,94,finish_time,978193.558100333
taskid,89,finish_time,984680.0528751161
taskid,95,start_time,985164.4119758558
taskid,96,start_time,986934.3411947398
taskid,88,finish_time,1035047.2022771159
taskid,97,start_time,1035047.2022771159
taskid,97,finish_time,1035768.909789078
taskid,98,start_time,1035768.909789078
taskid,99,start_time,1035768.909789078
taskid,87,finish_time,1039871.8057827335
taskid,100,start_time,1039871.8057827335
taskid,99,finish_time,1041197.8336597442
taskid,101,start_time,1041197.8336597442
taskid,101,finish_time,1053571.206415511
taskid,102,start_time,1053571.206415511
taskid,98,finish_time,1080769.8486001343
taskid,102,finish_time,1085180.6334207056
taskid,103,start_time,1096958.673210536
taskid,95,finish_time,1104839.2389421228
taskid,104,start_time,1104902.1027577266
taskid,104,finish_time,1109807.9224501823
taskid,105,start_time,1111728.207334103
taskid,106,start_time,1114073.4069065468
taskid,103,finish_time,1128214.213793151
taskid,100,finish_time,1134477.4569144084
taskid,107,start_time,1137784.5523829772
taskid,105,finish_time,1143078.696955875
taskid,106,finish_time,1145730.2313446507
taskid,108,start_time,1146041.015629496
taskid,109,start_time,1147503.3864863678
taskid,110,start_time,1148964.5207374515
taskid,107,finish_time,1149766.165926348
taskid,111,start_time,1152049.2134365146
taskid,109,finish_time,1153174.8941915804
taskid,112,start_time,1153962.842046181
taskid,112,finish_time,1160077.563170316
taskid,108,finish_time,1160636.5132697206
taskid,113,start_time,1162050.9005614924
taskid,110,finish_time,1164055.3841202569
taskid,111,finish_time,1175074.8221317711
taskid,114,start_time,1175290.3415915158
taskid,113,finish_time,1179546.3866789937
taskid,114,finish_time,1179937.7551569508
taskid,115,start_time,1196380.2364157708
taskid,116,start_time,1211434.9062568175
taskid,116,finish_time,1212267.8348591428
taskid,117,start_time,1228382.7141390238
taskid,118,start_time,1229091.1252309235
taskid,117,finish_time,1229316.8532115882
taskid,118,finish_time,1229895.8896731997
taskid,115,finish_time,1235407.3451463422
taskid,119,start_time,1263592.4686016021
taskid,120,start_time,1264271.9169975165
taskid,119,finish_time,1264592.0351575823
taskid,120,finish_time,1265280.8321343292
taskid,121,start_time,1266874.0044050997
taskid,121,finish_time,1267715.8638358403
taskid,122,start_time,1269773.477461467
taskid,122,finish_time,1270800.0482086125
taskid,123,start_time,1289974.0341952809
taskid,123,finish_time,1290830.9194096962
taskid,124,start_time,1301193.8403444716
taskid,125,start_time,1301532.1260744487
taskid,126,start_time,1301990.0213324376
taskid,125,finish_time,1302352.10314667
taskid,126,finish_time,1302763.182993597
taskid,127,start_time,1303910.2945570927
taskid,127,finish_time,1304695.6935281772
taskid,128,start_time,1306595.6120851801
taskid,128,finish_time,1307367.3375742605
taskid,124,finish_time,1321991.1995830715
taskid,129,start_time,1338777.5053204137
taskid,129,finish_time,1339755.0611220447
taskid,130,start_time,1353099.8328298957
taskid,130,finish_time,1354078.3935555907
taskid,131,start_time,1355775.6308679064
taskid,132,start_time,1357231.922276468
taskid,133,start_time,1374803.5605080973
taskid,134,start_time,1376497.716923574
taskid,133,finish_time,1380364.5842213125
taskid,131,finish_time,1380526.4709676208
taskid,134,finish_time,1390069.336930126
taskid,135,start_time,1404319.7485555976
taskid,136,start_time,1407314.8476298566
taskid,96,finish_time,1409878.9854841842
taskid,137,start_time,1411374.585585506
taskid,135,finish_time,1418218.9022471
taskid,136,finish_time,1418331.4273834128
taskid,137,finish_time,1428789.6001041497
taskid,132,finish_time,1429878.0220324337
taskid,138,start_time,1433915.8141883113
taskid,138,finish_time,1434686.638696401
taskid,139,start_time,1445094.467111298
taskid,140,start_time,1446694.7544975665
taskid,140,finish_time,1449158.0250505724
taskid,141,start_time,1453234.3601578877
taskid,139,finish_time,1458894.019649204
taskid,142,start_time,1466604.7328421792
taskid,143,start_time,1473914.2006817316
taskid,142,finish_time,1476074.3454266333
taskid,144,start_time,1479365.4320845462
taskid,144,finish_time,1480149.4890217262
taskid,145,start_time,1481798.4542380483
taskid,145,finish_time,1485202.3425521841
taskid,146,start_time,1496529.1184158348
taskid,146,finish_time,1497304.185006151
taskid,141,finish_time,1502298.9061028215
taskid,147,start_time,1508669.28637939
taskid,147,finish_time,1521384.1238220404
taskid,143,finish_time,1533131.6872754758
taskid,148,start_time,1552065.3098147903
taskid,148,finish_time,1557860.0061031482
taskid,149,start_time,1561640.5026268307
taskid,150,start_time,1563538.6112402894
taskid,149,finish_time,1563663.8285051938
taskid,150,finish_time,1563986.2960062295
taskid,151,start_time,1572006.4544576386
taskid,151,finish_time,1572699.1053268176
taskid,152,start_time,1580435.2956537898
taskid,153,start_time,1581938.5577339036
taskid,154,start_time,1586592.0202270546
taskid,153,finish_time,1592638.573378536
taskid,155,start_time,1605342.0273296195
taskid,156,start_time,1608989.1212925087
taskid,155,finish_time,1611865.3871350437
taskid,156,finish_time,1617054.4696848379
taskid,152,finish_time,1628586.628651599
taskid,157,start_time,1629397.6499090423
taskid,158,start_time,1634180.9210190591
taskid,158,finish_time,1635017.8045584885
taskid,157,finish_time,1637685.285128335
taskid,159,start_time,1649046.7433889227
taskid,159,finish_time,1649761.3756687327
taskid,160,start_time,1650298.6640515525
taskid,161,start_time,1660337.3349400333
taskid,161,finish_time,1661329.8493934495
taskid,162,start_time,1664341.5861404398
taskid,162,finish_time,1665241.075295493
taskid,163,start_time,1668383.3669356063
taskid,163,finish_time,1673416.166584158
taskid,160,finish_time,1683278.2608825804
taskid,164,start_time,1688092.076000437
taskid,164,finish_time,1693705.6001958654
taskid,165,start_time,1701465.9402145755
taskid,166,start_time,1704000.1728309481
taskid,167,start_time,1705075.3623736063
taskid,167,finish_time,1705886.1537505053
taskid,166,finish_time,1707108.7282441952
taskid,168,start_time,1709557.6478653355
taskid,169,start_time,1720480.582351525
taskid,165,finish_time,1726343.2368677915
taskid,170,start_time,1739738.8835418639
taskid,168,finish_time,1740338.5845605214
taskid,171,start_time,1746280.473374889
taskid,171,finish_time,1747280.9936798147
taskid,169,finish_time,1754747.6971630503
taskid,172,start_time,1777991.8796426184
taskid,172,finish_time,1779039.5742527451
taskid,173,start_time,1779479.1614528096
taskid,170,finish_time,1782779.1001100866
taskid,174,start_time,1784308.590496285
taskid,174,finish_time,1787951.4696932235
taskid,175,start_time,1793835.5859166083
taskid,175,finish_time,1794573.6392319112
taskid,176,start_time,1799752.7453609726
taskid,176,finish_time,1800743.174764517
taskid,177,start_time,1839623.907312766
taskid,177,finish_time,1840372.2314699262
taskid,178,start_time,1842634.169863129
taskid,179,start_time,1861464.6398088257
taskid,180,start_time,1865084.45057461
taskid,179,finish_time,1866169.141877933
taskid,181,start_time,1868891.1626739902
taskid,180,finish_time,1870856.1424816023
taskid,178,finish_time,1874156.436523152
taskid,182,start_time,1884269.4263602109
taskid,183,start_time,1889229.5038736868
taskid,182,finish_time,1892937.3221291879
taskid,184,start_time,1895340.3903408693
taskid,184,finish_time,1899660.080811432
taskid,183,finish_time,1903415.8734319732
taskid,185,start_time,1909892.477766842
taskid,185,finish_time,1910436.513397988
taskid,186,start_time,1910968.0887186616
taskid,186,finish_time,1915064.8345044204
taskid,187,start_time,1917429.8341504203
taskid,187,finish_time,1918325.238505944
taskid,173,finish_time,1924095.5497950178
taskid,188,start_time,1926880.21778983
taskid,188,finish_time,1927909.8807538527
taskid,189,start_time,1939593.8089390653
taskid,189,finish_time,1940578.7646960998
taskid,190,start_time,1941648.179993121
taskid,190,finish_time,1942255.4242975302
taskid,191,start_time,1963082.0765966468
taskid,191,finish_time,1963973.625990866
taskid,192,start_time,1965230.2104108187
taskid,192,finish_time,1966389.7261524166
taskid,193,start_time,1966801.9909223209
taskid,193,finish_time,1975437.1136678865
taskid,194,start_time,1975658.697721554
taskid,195,start_time,1996885.1124177442
taskid,196,start_time,1997030.2061333726
taskid,195,finish_time,1997897.5562813121
taskid,197,start_time,2002305.2454579698
taskid,197,finish_time,2006828.1129475038
taskid,198,start_time,2007012.2098082204
taskid,196,finish_time,2013665.7992995374
taskid,194,finish_time,2016274.2819003006
taskid,198,finish_time,2017725.717998002
taskid,199,start_time,2031977.9024645556
taskid,200,start_time,2038348.9705987298
taskid,201,start_time,2040907.9263096305
taskid,199,finish_time,2045763.4042997533
taskid,202,start_time,2052500.592031075
taskid,202,finish_time,2054590.4367084766
taskid,203,start_time,2069066.6185500843
taskid,203,finish_time,2076080.2558427255
taskid,204,start_time,2094251.7990289852
taskid,204,finish_time,2096248.838463406
taskid,201,finish_time,2116257.087035918
taskid,205,start_time,2122662.7959344736
taskid,205,finish_time,2123272.9195689564
taskid,200,finish_time,2123707.641138756
taskid,206,start_time,2135259.6311453637
taskid,207,start_time,2135470.614661749
taskid,206,finish_time,2135980.464980174
taskid,207,finish_time,2136083.3908283827
taskid,208,start_time,2154178.685537746
taskid,209,start_time,2169659.800770159
taskid,209,finish_time,2170448.5610289844
taskid,210,start_time,2171954.463500686
taskid,210,finish_time,2172871.374787947
taskid,211,start_time,2178970.3450204274
taskid,154,finish_time,2179109.497695516
taskid,211,finish_time,2181659.9722234188
taskid,212,start_time,2201054.0577889206
taskid,213,start_time,2206112.1530266553
taskid,214,start_time,2206302.575642129
taskid,213,finish_time,2209678.719037844
taskid,215,start_time,2218179.1179550616
taskid,212,finish_time,2226239.007589398
taskid,216,start_time,2226239.007589398
taskid,216,finish_time,2229484.627850605
taskid,217,start_time,2229484.627850605
taskid,208,finish_time,2241112.8273988515
taskid,181,finish_time,2246934.9676840645
taskid,217,finish_time,2258908.0051840562
taskid,218,start_time,2269023.121675446
taskid,219,start_time,2269378.6389353876
taskid,219,finish_time,2271407.4744417523
taskid,220,start_time,2275124.575747117
taskid,220,finish_time,2288306.1617986304
taskid,221,start_time,2290385.3646418364
taskid,218,finish_time,2292587.83889793
taskid,221,finish_time,2293410.102392133
taskid,222,start_time,2311576.4689993113
taskid,222,finish_time,2313682.8361308947
taskid,223,start_time,2339952.06919764
taskid,223,finish_time,2343950.677312131
taskid,224,start_time,2365226.494556968
taskid,224,finish_time,2368814.6702943277
taskid,225,start_time,2386839.58193377
taskid,226,start_time,2413997.2988400096
taskid,226,finish_time,2414757.703874167
taskid,227,start_time,2430192.0369873494
taskid,227,finish_time,2439396.423769232
taskid,225,finish_time,2440454.120777001
taskid,228,start_time,2442054.545622251
taskid,228,finish_time,2445293.062803393
taskid,229,start_time,2456824.7591165393
taskid,229,finish_time,2457983.2755841254
taskid,230,start_time,2463240.512317516
taskid,230,finish_time,2464179.825161946
taskid,231,start_time,2469064.1742922734
taskid,231,finish_time,2469914.2864906923
taskid,232,start_time,2479729.080588161
taskid,233,start_time,2479911.4342049304
taskid,232,finish_time,2480739.4709720416
taskid,234,start_time,2485028.0630854038
taskid,233,finish_time,2485648.3421904156
taskid,235,start_time,2495517.345682961
taskid,235,finish_time,2496103.899644982
taskid,236,start_time,2500051.0591644654
taskid,236,finish_time,2500777.5608879887
taskid,234,finish_time,2504498.868650136
taskid,237,start_time,2513943.0251307897
taskid,238,start_time,2514630.0215178686
taskid,237,finish_time,2515102.5327704493
taskid,238,finish_time,2515490.4646696574
taskid,239,start_time,2517800.5218327125
taskid,239,finish_time,2518499.9861569363
taskid,240,start_time,2537299.827098414
taskid,240,finish_time,2537870.0884520453
taskid,241,start_time,2538690.8430815954
taskid,241,finish_time,2553400.839957902
taskid,242,start_time,2553868.280777256
taskid,242,finish_time,2554530.747313532
taskid,243,start_time,2558503.1225884287
taskid,243,finish_time,2558916.2199088326
taskid,244,start_time,2569639.0858251336
taskid,244,finish_time,2570388.230057039
taskid,245,start_time,2572194.2584374286
taskid,246,start_time,2573358.0968507566
taskid,247,start_time,2581412.455141896
taskid,247,finish_time,2582049.010114779
taskid,248,start_time,2582767.350770155
taskid,249,start_time,2584050.110056896
taskid,249,finish_time,2593267.9717230448
taskid,250,start_time,2594375.3813074697
taskid,251,start_time,2600577.5147699136
taskid,250,finish_time,2604572.919503798
taskid,251,finish_time,2610769.050092119
taskid,214,finish_time,2615134.77114623
taskid,252,start_time,2640092.0788425514
taskid,253,start_time,2641236.532981862
taskid,254,start_time,2642688.6813424015
taskid,255,start_time,2642813.299515324
taskid,255,finish_time,2643724.279715845
taskid,252,finish_time,2648285.027301333
taskid,256,start_time,2648812.810501488
taskid,257,start_time,2650303.7185242586
taskid,257,finish_time,2651084.2444286775
taskid,253,finish_time,2651407.151257969
taskid,258,start_time,2653669.9393888144
taskid,259,start_time,2661056.474860229
taskid,259,finish_time,2661972.8920053714
taskid,260,start_time,2662039.7665053825
taskid,260,finish_time,2662743.010171944
taskid,261,start_time,2670893.221518058
taskid,261,finish_time,2671872.805952314
taskid,262,start_time,2676219.4061307353
taskid,262,finish_time,2680642.162631734
taskid,263,start_time,2687181.604368587
taskid,263,finish_time,2688147.626011677
taskid,264,start_time,2695213.848525588
taskid,264,finish_time,2695962.6276447666
taskid,265,start_time,2698208.2183390106
taskid,265,finish_time,2699203.703018715
taskid,245,finish_time,2713266.305243212
taskid,266,start_time,2721065.9082458415
taskid,267,start_time,2721680.350180846
taskid,266,finish_time,2721813.6798074716
taskid,267,finish_time,2722399.1517025842
taskid,268,start_time,2722510.053648714
taskid,268,finish_time,2723451.469793136
taskid,269,start_time,2724469.5535025904
taskid,269,finish_time,2725566.731566868
taskid,270,start_time,2728124.5706458357
taskid,270,finish_time,2729096.611551923
taskid,271,start_time,2729604.05024038
taskid,272,start_time,2732044.7101849606
taskid,273,start_time,2733771.0467170877
taskid,271,finish_time,2734865.6147168702
taskid,272,finish_time,2736516.321376675
taskid,273,finish_time,2741855.6010185974
taskid,274,start_time,2759885.405510502
taskid,274,finish_time,2764370.9171384163
taskid,275,start_time,2773039.5536488257
taskid,275,finish_time,2775572.200329398
taskid,276,start_time,2777713.376791132
taskid,276,finish_time,2778669.6347707505
taskid,258,finish_time,2783316.333957929
taskid,277,start_time,2822469.245280897
taskid,256,finish_time,2823691.333464532
taskid,277,finish_time,2825025.600023408
taskid,215,finish_time,2827965.197372985
taskid,278,start_time,2863129.932481149
taskid,279,start_time,2872649.929742537
taskid,279,finish_time,2875447.434650374
taskid,280,start_time,2889477.4146464933
taskid,280,finish_time,2890431.918230639
taskid,281,start_time,2890961.8145966767
taskid,281,finish_time,2891797.581393398
taskid,282,start_time,2896170.3420881396
taskid,282,finish_time,2897008.2518452946
taskid,278,finish_time,2908479.1504062843
taskid,283,start_time,2915334.1582146552
taskid,284,start_time,2915352.2731498918
taskid,285,start_time,2916075.414156135
taskid,284,finish_time,2916210.531718131
taskid,283,finish_time,2916349.3611922893
taskid,285,finish_time,2916863.067890228
taskid,286,start_time,2921384.3561176565
taskid,286,finish_time,2923061.4031042093
taskid,287,start_time,2925475.620421801
taskid,287,finish_time,2926043.4507943704
taskid,288,start_time,2926991.5112262308
taskid,288,finish_time,2927760.7108957362
taskid,289,start_time,2939119.7639585636
taskid,290,start_time,2940333.4538665647
taskid,289,finish_time,2947431.8520313525
taskid,290,finish_time,2947853.62566554
taskid,291,start_time,2964831.6576605537
taskid,292,start_time,2965396.273982626
taskid,292,finish_time,2971835.120391593
taskid,291,finish_time,2973215.7816181392
taskid,293,start_time,2977079.987169225
taskid,293,finish_time,2987347.439826932
taskid,294,start_time,3002942.802668231
taskid,248,finish_time,3005279.1726817414
taskid,294,finish_time,3005357.204494545
taskid,295,start_time,3006710.542680146
taskid,295,finish_time,3007549.9867179757
taskid,296,start_time,3011752.769766681
taskid,297,start_time,3012025.2475256766
taskid,296,finish_time,3012759.792986108
taskid,298,start_time,3013516.4167505526
taskid,298,finish_time,3016784.9582518195
taskid,297,finish_time,3018033.0601218822
taskid,299,start_time,3030562.6806409354
taskid,299,finish_time,3031174.1853239737
taskid,300,start_time,3031544.314271654
taskid,301,start_time,3035500.230516366
taskid,302,start_time,3036614.931369674
taskid,303,start_time,3049809.6819232544
taskid,303,finish_time,3050544.855973418
taskid,304,start_time,3054059.545638218
taskid,304,finish_time,3054816.2196623967
taskid,305,start_time,3062257.647929514
taskid,301,finish_time,3126174.7196851266
taskid,306,start_time,3126174.7196851266
taskid,307,start_time,3126174.7196851266
taskid,306,finish_time,3138482.844770473
taskid,308,start_time,3138482.844770473
taskid,302,finish_time,3144228.5807112805
taskid,309,start_time,3144228.5807112805
taskid,309,finish_time,3152725.5664170547
taskid,308,finish_time,3153889.9939868343
taskid,307,finish_time,3163711.292598151
taskid,310,start_time,3163711.292598151
taskid,310,finish_time,3167392.2472282373
taskid,311,start_time,3167392.2472282373
taskid,312,start_time,3167392.2472282373
taskid,313,start_time,3167392.2472282373
taskid,314,start_time,3167392.2472282373
taskid,315,start_time,3167392.2472282373
taskid,316,start_time,3167392.2472282373
taskid,317,start_time,3167392.2472282373
taskid,313,finish_time,3168140.559321662
taskid,312,finish_time,3168161.521742578
taskid,311,finish_time,3168209.6333155422
taskid,315,finish_time,3170960.895853859
taskid,246,finish_time,3173196.7275095033
taskid,318,start_time,3173196.7275095033
taskid,317,finish_time,3173779.7425267124
taskid,319,start_time,3175795.4738882235
taskid,319,finish_time,3176635.587785752
taskid,316,finish_time,3181547.4087273427
taskid,300,finish_time,3182504.5430427343
taskid,305,finish_time,3184699.8661236707
taskid,320,start_time,3192785.5794484387
taskid,321,start_time,3193042.103689615
taskid,320,finish_time,3193433.8772767163
taskid,321,finish_time,3193843.76274256
taskid,314,finish_time,3194560.3093948695
taskid,318,finish_time,3198616.1775523964
taskid,322,start_time,3202485.676165917
taskid,323,start_time,3205549.6246779924
taskid,322,finish_time,3207158.5731945233
taskid,323,finish_time,3208156.0095418086
taskid,324,start_time,3220020.409450644
taskid,324,finish_time,3230941.9036510973
taskid,325,start_time,3233117.124955167
taskid,326,start_time,3239297.4590294594
taskid,325,finish_time,3241683.6078888383
taskid,254,finish_time,3241862.2328008944
taskid,327,start_time,3245466.634077913
taskid,328,start_time,3245720.747194927
taskid,329,start_time,3246967.101800908
taskid,330,start_time,3247376.744817537
taskid,326,finish_time,3249893.140997325
taskid,327,finish_time,3255247.8910019705
taskid,328,finish_time,3256693.3572970927
taskid,329,finish_time,3258416.4265994406
taskid,330,finish_time,3259988.2157676755
taskid,331,start_time,3276088.013664318
taskid,332,start_time,3284273.2393283923
taskid,331,finish_time,3285289.552270008
taskid,332,finish_time,3292317.002744229
taskid,333,start_time,3296479.8531223848
taskid,334,start_time,3306201.0581858237
taskid,333,finish_time,3307255.958590369
taskid,335,start_time,3315526.1484039854
taskid,334,finish_time,3321361.8883955083
taskid,336,start_time,3324646.817325925
taskid,337,start_time,3333499.8544492475
taskid,337,finish_time,3334265.4038738036
taskid,338,start_time,3337474.2634796505
taskid,338,finish_time,3338458.227082441
taskid,336,finish_time,3339901.6977504296
taskid,339,start_time,3341643.164823391
taskid,339,finish_time,3342619.285820211
taskid,340,start_time,3344936.241259325
taskid,341,start_time,3355620.597018997
taskid,342,start_time,3355983.148404685
taskid,342,finish_time,3356916.987908095
taskid,343,start_time,3357433.893489208
taskid,343,finish_time,3358241.267390539
taskid,340,finish_time,3359550.440845619
taskid,335,finish_time,3360945.2587007782
taskid,344,start_time,3368597.7865234553
taskid,344,finish_time,3369591.1921476037
taskid,345,start_time,3371665.511072833
taskid,341,finish_time,3380961.757414041
taskid,346,start_time,3383623.367971018
taskid,346,finish_time,3384402.309395591
taskid,347,start_time,3396717.104712884
taskid,347,finish_time,3398011.6962982723
taskid,348,start_time,3406139.198234313
taskid,349,start_time,3406630.5794444047
taskid,349,finish_time,3407384.3919757633
taskid,350,start_time,3410728.720398055
taskid,350,finish_time,3411379.7241610833
taskid,351,start_time,3413886.169148785
taskid,351,finish_time,3414598.9609589046
taskid,348,finish_time,3421151.382460449
taskid,352,start_time,3435435.487495011
taskid,353,start_time,3456683.4820068697
taskid,353,finish_time,3457493.0149609945
taskid,354,start_time,3464477.96064649
taskid,354,finish_time,3465492.4693358806
taskid,355,start_time,3467746.4501306885
taskid,355,finish_time,3468704.9393336666
taskid,356,start_time,3484256.017715876
taskid,356,finish_time,3486152.717928878
taskid,352,finish_time,3488017.340180583
taskid,357,start_time,3494986.024467092
taskid,357,finish_time,3495532.5812140005
taskid,358,start_time,3499075.553164045
taskid,359,start_time,3509440.7821291997
taskid,359,finish_time,3510855.2466929317
taskid,358,finish_time,3512786.218853081
taskid,360,start_time,3515971.9886770793
taskid,360,finish_time,3516718.114344603
taskid,361,start_time,3526900.3563446584
taskid,361,finish_time,3531525.0349209676
taskid,362,start_time,3533541.2359584477
taskid,362,finish_time,3534338.635234803
taskid,363,start_time,3536438.1392939487
taskid,363,finish_time,3537488.814287228
taskid,364,start_time,3548305.8940186617
taskid,364,finish_time,3549824.013623701
taskid,365,start_time,3577930.3273259797
taskid,365,finish_time,3580169.782483959
taskid,366,start_time,3591116.357291254
taskid,366,finish_time,3593355.959479601
taskid,367,start_time,3594111.855108997
taskid,368,start_time,3595305.729481932
taskid,367,finish_time,3595914.705318476
taskid,368,finish_time,3597108.7626116257
taskid,369,start_time,3598633.460516091
taskid,369,finish_time,3600872.9700819165
taskid,370,start_time,3604432.7451718003
taskid,370,finish_time,3606672.235161784
taskid,371,start_time,3608189.9100604905
taskid,371,finish_time,3608815.4057582254
taskid,372,start_time,3619384.952926445
taskid,373,start_time,3619593.0548631414
taskid,374,start_time,3620466.0280125854
taskid,373,finish_time,3620938.6675407286
taskid,374,finish_time,3621763.3781426013
taskid,372,finish_time,3627506.3850887166
taskid,375,start_time,3639407.01856339
taskid,375,finish_time,3640594.1757386653
taskid,376,start_time,3652560.2719837218
taskid,376,finish_time,3653132.9664346133
taskid,377,start_time,3668068.6740531153
taskid,377,finish_time,3669316.0856532245
taskid,378,start_time,3671477.521386665
taskid,378,finish_time,3672518.159697602
taskid,379,start_time,3675362.3098581964
taskid,379,finish_time,3676197.4541288223
taskid,380,start_time,3730998.787042582
taskid,381,start_time,3732200.2789004124
taskid,380,finish_time,3732246.307247602
taskid,381,finish_time,3733548.386589398
taskid,382,start_time,3740153.206623727
taskid,382,finish_time,3742135.612346101
taskid,383,start_time,3748315.8336905185
taskid,383,finish_time,3749640.8091042824
taskid,384,start_time,3751098.5855997223
taskid,384,finish_time,3752290.6961517558
taskid,385,start_time,3752895.1401460865
taskid,385,finish_time,3754850.75018628
taskid,386,start_time,3756208.6169323125
taskid,387,start_time,3757663.786888914
taskid,386,finish_time,3758556.9907002277
taskid,387,finish_time,3758872.9144230764
taskid,388,start_time,3766742.9029435124
taskid,388,finish_time,3768062.5715826843
taskid,389,start_time,3774007.1560051013
taskid,389,finish_time,3774601.016673185
taskid,390,start_time,3782797.012982637
taskid,390,finish_time,3785231.341461468
taskid,391,start_time,3790823.7236386817
taskid,391,finish_time,3792423.127087727
taskid,392,start_time,3811751.500840976
taskid,392,finish_time,3812267.5848203776
taskid,393,start_time,3813050.3330752184
taskid,393,finish_time,3817242.375748798
taskid,394,start_time,3830375.0111381984
taskid,394,finish_time,3831398.518857965
taskid,395,start_time,3833397.3552725473
taskid,395,finish_time,3835383.6054251725
taskid,396,start_time,3855787.353061173
taskid,396,finish_time,3858015.7657961557
taskid,397,start_time,3860356.3732761564
taskid,397,finish_time,3861849.3006104
taskid,398,start_time,3866231.4294594624
taskid,399,start_time,3867554.654666623
taskid,398,finish_time,3867922.9455303545
taskid,399,finish_time,3869257.0597752417
taskid,400,start_time,3877788.740178956
taskid,400,finish_time,3879586.9256349416
taskid,401,start_time,3889979.523422927
taskid,401,finish_time,3891773.4411831056
taskid,402,start_time,3893034.297315224
taskid,403,start_time,3899836.3556321664
taskid,403,finish_time,3901772.9439867334
taskid,402,finish_time,3910200.311994098
taskid,404,start_time,3913317.0410748255
taskid,404,finish_time,3917155.594353025
taskid,405,start_time,3918007.8991721245
taskid,406,start_time,3918151.511845715
taskid,407,start_time,3921729.503025238
taskid,406,finish_time,3922627.335654684
taskid,408,start_time,3925291.68229662
taskid,407,finish_time,3926972.002515008
taskid,408,finish_time,3927930.144303964
taskid,409,start_time,3928979.5012171525
taskid,405,finish_time,3930457.9789133463
taskid,410,start_time,3932399.5727494853
taskid,411,start_time,3933525.0905829687
taskid,409,finish_time,3935158.012928996
taskid,411,finish_time,3935781.930578879
taskid,410,finish_time,3936280.0189045705
taskid,412,start_time,3940909.3026504787
taskid,412,finish_time,3943607.677500111
taskid,413,start_time,3984873.3330367217
taskid,413,finish_time,3987470.788790685
taskid,414,start_time,3992696.4717389625
taskid,414,finish_time,3994249.9897688422
taskid,415,start_time,3999364.7905051517
taskid,416,start_time,4000685.6217906256
taskid,416,finish_time,4001664.924764699
taskid,415,finish_time,4004961.388824195
taskid,417,start_time,4029197.5748785585
taskid,418,start_time,4032418.4675756367
taskid,418,finish_time,4033493.047296143
taskid,419,start_time,4038732.422783318
taskid,419,finish_time,4039807.031697197
taskid,345,finish_time,4042209.4727771888
taskid,420,start_time,4046061.1563102035
taskid,420,finish_time,4046535.8997968324
taskid,421,start_time,4049304.442104634
taskid,422,start_time,4060562.1816653553
taskid,422,finish_time,4063438.6566681024
taskid,423,start_time,4069726.5331986593
taskid,423,finish_time,4071724.4941690564
taskid,424,start_time,4072556.7310563545
taskid,424,finish_time,4074111.1080284393
taskid,425,start_time,4076652.936071178
taskid,425,finish_time,4078583.4795594327
taskid,426,start_time,4084026.114013248
taskid,426,finish_time,4085956.7526681926
taskid,427,start_time,4103527.56662461
taskid,427,finish_time,4105458.18808361
taskid,428,start_time,4125906.455743469
taskid,428,finish_time,4127836.903482594
taskid,429,start_time,4127911.10133507
taskid,429,finish_time,4129841.5966174817
taskid,430,start_time,4131638.445408958
taskid,430,finish_time,4135657.085780058
taskid,431,start_time,4140510.2010379643
taskid,432,start_time,4149311.0948647107
taskid,431,finish_time,4150463.955107733
taskid,432,finish_time,4164975.982366001
taskid,433,start_time,4167172.7114452724
taskid,434,start_time,4167618.9784509814
taskid,433,finish_time,4167636.1283841985
taskid,435,start_time,4167725.6328220675
taskid,436,start_time,4168949.34927669
taskid,436,finish_time,4173114.8040630026
taskid,434,finish_time,4175878.477450347
taskid,435,finish_time,4181850.1268832907
taskid,437,start_time,4184093.34633144
taskid,437,finish_time,4186873.8455720097
taskid,438,start_time,4206474.093998829
taskid,438,finish_time,4208160.298985327
taskid,439,start_time,4217511.317386077
taskid,439,finish_time,4219162.750183492
taskid,440,start_time,4234540.96070773
taskid,441,start_time,4236446.026476631
taskid,440,finish_time,4236762.452335199
taskid,441,finish_time,4238133.653175468
taskid,442,start_time,4244223.649314207
taskid,442,finish_time,4245925.223164533
taskid,443,start_time,4274284.323749125
taskid,443,finish_time,4276291.236077279
taskid,444,start_time,4277242.988744282
taskid,444,finish_time,4279250.522699847
taskid,445,start_time,4287352.100927369
taskid,445,finish_time,4288381.700897473
taskid,446,start_time,4291510.23063002
taskid,446,finish_time,4292921.407312237
taskid,447,start_time,4302069.278589811
taskid,447,finish_time,4303067.737827066
taskid,448,start_time,4311794.772901132
taskid,448,finish_time,4312900.4562174035
taskid,449,start_time,4329920.227177036
taskid,449,finish_time,4330839.343047789
taskid,450,start_time,4345450.114331996
taskid,450,finish_time,4346688.6888301615
taskid,451,start_time,4352764.9005587995
taskid,451,finish_time,4353770.29389772
taskid,452,start_time,4354935.433526001
taskid,452,finish_time,4355703.205248387
taskid,453,start_time,4360228.969615805
taskid,453,finish_time,4360900.671716225
taskid,454,start_time,4386285.438174166
taskid,454,finish_time,4387116.294817941
taskid,455,start_time,4403386.900611172
taskid,455,finish_time,4404360.1942144865
taskid,456,start_time,4435981.127898475
taskid,457,start_time,4440277.477074498
taskid,458,start_time,4441116.608116389
taskid,458,finish_time,4441939.74371606
taskid,457,finish_time,4442731.396369367
taskid,459,start_time,4465341.0567464875
taskid,459,finish_time,4466186.66935945
taskid,456,finish_time,4469185.560039816
taskid,460,start_time,4470929.230963578
taskid,460,finish_time,4472061.929858057
taskid,461,start_time,4472449.741184331
taskid,462,start_time,4472814.609581743
taskid,463,start_time,4485543.453834279
taskid,464,start_time,4493288.776827067
taskid,465,start_time,4505456.609735884
taskid,466,start_time,4519081.059719172
taskid,467,start_time,4522832.848980112
taskid,468,start_time,4527533.141144768
taskid,467,finish_time,4528503.4003303405
taskid,469,start_time,4530477.636366755
taskid,462,finish_time,4531455.849627546
taskid,470,start_time,4542324.729997728
taskid,463,finish_time,4543825.856478288
taskid,461,finish_time,4544127.645998818
taskid,471,start_time,4549852.425387179
taskid,471,finish_time,4550537.516582658
taskid,472,start_time,4582116.338130722
taskid,472,finish_time,4583132.853641763
taskid,417,finish_time,4583668.392399473
taskid,473,start_time,4604807.126180156
taskid,473,finish_time,4605666.5742962705
taskid,474,start_time,4614945.767299329
taskid,474,finish_time,4615957.295519524
taskid,469,finish_time,4617356.155044379
taskid,470,finish_time,4622135.506874116
taskid,468,finish_time,4635178.627941397
taskid,464,finish_time,4646313.267745435
taskid,465,finish_time,4658475.095357098
taskid,466,finish_time,4672095.552677696
taskid,475,start_time,4674060.619585634
taskid,475,finish_time,4674893.4376006005
taskid,476,start_time,4679944.884617087
taskid,477,start_time,4681397.482397674
taskid,477,finish_time,4682325.229252694
taskid,478,start_time,4684126.699970445
taskid,476,finish_time,4684900.423968864
taskid,479,start_time,4689596.963707149
taskid,480,start_time,4692824.347932647
taskid,421,finish_time,4693350.65508797
taskid,480,finish_time,4693833.208630049
taskid,478,finish_time,4695258.6962054875
taskid,481,start_time,4707815.536178649
taskid,482,start_time,4715582.708361203
taskid,482,finish_time,4716300.625212349
taskid,481,finish_time,4716762.685939391
taskid,483,start_time,4726472.32928822
taskid,484,start_time,4729450.498065935
taskid,484,finish_time,4730017.065448813
taskid,483,finish_time,4737502.965764768
taskid,485,start_time,4754589.305102979
taskid,485,finish_time,4761552.009756374
taskid,486,start_time,4762370.536327858
taskid,487,start_time,4765278.299692063
taskid,486,finish_time,4773392.230438518
taskid,487,finish_time,4776224.957917746
taskid,488,start_time,4785912.915860509
taskid,489,start_time,4789935.433924169
taskid,488,finish_time,4792290.833111788
taskid,490,start_time,4792729.76674413
taskid,491,start_time,4793228.001834345
taskid,491,finish_time,4793965.3513502
taskid,492,start_time,4798291.592039759
taskid,489,finish_time,4800769.014905904
taskid,490,finish_time,4801473.546379541
taskid,493,start_time,4803763.588572798
taskid,492,finish_time,4806554.574655681
taskid,494,start_time,4809652.082499686
taskid,494,finish_time,4810802.859700938
taskid,495,start_time,4812549.603496671
taskid,495,finish_time,4813613.280519845
taskid,479,finish_time,4815023.763525556
taskid,493,finish_time,4816199.056230348
taskid,496,start_time,4818570.647688925
taskid,496,finish_time,4819543.031586202
taskid,497,start_time,4824508.939402298
taskid,497,finish_time,4826736.472791879
taskid,498,start_time,4830908.839227956
taskid,498,finish_time,4833136.321725415
taskid,499,start_time,4833855.861177589
taskid,499,finish_time,4836084.550792328
taskid,500,start_time,4838431.926939108
taskid,501,start_time,4840537.8680287
taskid,500,finish_time,4840660.618901563
taskid,502,start_time,4841487.974820924
taskid,501,finish_time,4842365.533671452
taskid,503,start_time,4842896.500681477
taskid,502,finish_time,4843281.10272734
taskid,503,finish_time,4844582.6468927935
taskid,504,start_time,4859839.587236014
taskid,504,finish_time,4860823.125898237
taskid,505,start_time,4862750.83657313
taskid,505,finish_time,4863630.720952562
taskid,506,start_time,4865084.903722832
taskid,506,finish_time,4865834.203844134
taskid,507,start_time,4876756.254678849
taskid,507,finish_time,4877515.008909969
taskid,508,start_time,4911205.856704001
taskid,508,finish_time,4912214.146619651
taskid,509,start_time,4916739.949220697
taskid,509,finish_time,4917755.793490577
taskid,510,start_time,4927187.874347619
taskid,510,finish_time,4928434.543752833
taskid,511,start_time,4932628.440934267
taskid,511,finish_time,4933574.700181071
taskid,512,start_time,4937754.298298938
taskid,512,finish_time,4938344.006933097
taskid,513,start_time,4941404.306920837
taskid,513,finish_time,4942520.782380165
taskid,514,start_time,4945156.644158523
taskid,514,finish_time,4946232.199369335
taskid,515,start_time,4949183.158219963
taskid,516,start_time,4951788.276927886
taskid,517,start_time,4990689.798227211
taskid,518,start_time,4998904.04412089
taskid,518,finish_time,4999896.531312811
taskid,519,start_time,5015915.218204578
taskid,519,finish_time,5016909.716104858
taskid,520,start_time,5032084.944423236
taskid,520,finish_time,5032911.3746602405
taskid,521,start_time,5036882.48703485
taskid,522,start_time,5037786.330751199
taskid,522,finish_time,5038543.738936968
taskid,521,finish_time,5043724.306554809
taskid,523,start_time,5045809.429441221
taskid,523,finish_time,5046584.83064083
taskid,524,start_time,5098787.084847259
taskid,525,start_time,5100170.105315375
taskid,525,finish_time,5100921.702512561
taskid,524,finish_time,5111826.407717484
taskid,516,finish_time,5135530.681193118
taskid,515,finish_time,5148064.375424366
taskid,526,start_time,5157484.3640917195
taskid,526,finish_time,5158603.683085212
taskid,527,start_time,5167795.564591928
taskid,527,finish_time,5168892.192178682
taskid,528,start_time,5176359.444315259
taskid,517,finish_time,5181803.569231985
taskid,528,finish_time,5182049.810654952
taskid,529,start_time,5191585.1865505865
taskid,529,finish_time,5192544.702822656
taskid,530,start_time,5201543.1235972475
taskid,530,finish_time,5202710.60340691
taskid,531,start_time,5206398.415969516
taskid,531,finish_time,5208387.219551689
taskid,532,start_time,5224872.00883487
taskid,533,start_time,5225352.225074731
taskid,532,finish_time,5226668.446260576
taskid,533,finish_time,5226864.133015219
taskid,534,start_time,5252501.220972911
taskid,534,finish_time,5254732.7299810955
taskid,535,start_time,5260619.962454248
taskid,535,finish_time,5262851.47289367
taskid,536,start_time,5266222.645065293
taskid,536,finish_time,5268454.573763592
taskid,537,start_time,5279071.181047757
taskid,537,finish_time,5281302.837879279
taskid,538,start_time,5282681.253906388
taskid,539,start_time,5283224.97106528
taskid,540,start_time,5286123.962378927
taskid,540,finish_time,5287128.649686255
taskid,541,start_time,5287415.834406022
taskid,541,finish_time,5288341.822817562
taskid,542,start_time,5309779.915170188
taskid,542,finish_time,5310784.381538362
taskid,543,start_time,5313318.125937267
taskid,543,finish_time,5314244.0841196785
taskid,544,start_time,5316722.682810259
taskid,544,finish_time,5317643.802606427
taskid,545,start_time,5319958.509666016
taskid,546,start_time,5324208.148490699
taskid,545,finish_time,5324846.161735117
taskid,539,finish_time,5326847.057203619
taskid,546,finish_time,5335923.601803115
taskid,547,start_time,5337125.058665837
taskid,547,finish_time,5337861.151221472
taskid,538,finish_time,5341438.390084897
taskid,548,start_time,5356549.722230786
taskid,548,finish_time,5357648.260387767
taskid,549,start_time,5357756.123555184
taskid,549,finish_time,5358958.47316352
taskid,550,start_time,5362468.722795626
taskid,550,finish_time,5372641.627424719
taskid,551,start_time,5389292.497062531
taskid,552,start_time,5390380.090207585
taskid,552,finish_time,5390975.041338324
taskid,551,finish_time,5395325.283957764
taskid,553,start_time,5405487.901695743
taskid,553,finish_time,5406570.615298031
taskid,554,start_time,5407494.027446296
taskid,555,start_time,5418534.2290608315
taskid,556,start_time,5420094.457516087
taskid,555,finish_time,5424361.862650584
taskid,557,start_time,5433374.139947752
taskid,558,start_time,5436535.058887395
taskid,557,finish_time,5445723.991866381
taskid,558,finish_time,5454247.700229417
taskid,559,start_time,5473295.249302955
taskid,560,start_time,5475616.5787748145
taskid,561,start_time,5478261.483772573
taskid,561,finish_time,5484302.199499643
taskid,559,finish_time,5489313.662712955
taskid,560,finish_time,5491778.043663942
taskid,562,start_time,5499308.220298986
taskid,562,finish_time,5500524.562816347
taskid,563,start_time,5506364.678492402
taskid,564,start_time,5517219.551450473
taskid,565,start_time,5518719.183068886
taskid,566,start_time,5519931.366440085
taskid,563,finish_time,5521956.583392098
taskid,565,finish_time,5524347.44314375
taskid,564,finish_time,5533698.817095789
taskid,566,finish_time,5537063.079208153
taskid,567,start_time,5551162.14645872
taskid,567,finish_time,5552366.530301702
taskid,568,start_time,5558617.698462809
taskid,568,finish_time,5559503.518155328
taskid,569,start_time,5575192.199064655
taskid,570,start_time,5585732.4452753225
taskid,569,finish_time,5586460.327872995
taskid,571,start_time,5589829.648456539
taskid,571,finish_time,5590907.307081952
taskid,570,finish_time,5593007.1195129575
taskid,556,finish_time,5605288.240534684
taskid,572,start_time,5614632.322059859
taskid,572,finish_time,5615298.880279165
taskid,573,start_time,5621565.756598863
taskid,573,finish_time,5622417.968875964
taskid,574,start_time,5630683.145538195
taskid,554,finish_time,5630696.167242965
taskid,575,start_time,5643355.90437142
taskid,574,finish_time,5644219.818016495
taskid,575,finish_time,5644331.669569163
taskid,576,start_time,5660312.001424681
taskid,576,finish_time,5666105.996682195
taskid,577,start_time,5668940.364662842
taskid,577,finish_time,5669610.728475307
taskid,578,start_time,5675586.83466877
taskid,578,finish_time,5676810.868266758
taskid,579,start_time,5680324.529197761
taskid,579,finish_time,5681049.264264465
taskid,580,start_time,5686836.455242108
taskid,581,start_time,5687821.42154577
taskid,581,finish_time,5688641.533615774
taskid,582,start_time,5692384.564661823
taskid,583,start_time,5692437.9414299885
taskid,583,finish_time,5693512.447902375
taskid,582,finish_time,5698472.641986052
taskid,580,finish_time,5700881.23251458
taskid,584,start_time,5707652.292671949
taskid,584,finish_time,5713229.853742849
taskid,585,start_time,5731727.2042960655
taskid,585,finish_time,5732867.736652594
taskid,586,start_time,5738749.311806078
taskid,587,start_time,5745366.730752154
taskid,587,finish_time,5756975.453936881
taskid,588,start_time,5757591.672308693
taskid,589,start_time,5757594.7310013985
taskid,588,finish_time,5758542.520641113
taskid,589,finish_time,5758718.231280382
taskid,590,start_time,5761172.271127426
taskid,591,start_time,5761994.749239484
taskid,592,start_time,5763809.956912143
taskid,593,start_time,5766966.401439982
taskid,586,finish_time,5767955.499734909
taskid,593,finish_time,5768104.947174836
taskid,591,finish_time,5768525.394051835
taskid,590,finish_time,5769997.724218969
taskid,592,finish_time,5770089.566262584
taskid,594,start_time,5770975.585427409
taskid,595,start_time,5780521.382186198
taskid,596,start_time,5781029.110045007
taskid,595,finish_time,5782264.404201609
taskid,597,start_time,5783287.779346302
taskid,598,start_time,5785080.745921365
taskid,599,start_time,5785544.3683429
taskid,596,finish_time,5785821.883288234
taskid,599,finish_time,5794775.6134624155
taskid,598,finish_time,5795991.688690807
taskid,597,finish_time,5799502.889142463
taskid,600,start_time,5804199.5152816055
taskid,600,finish_time,5811577.230656228
taskid,594,finish_time,5813271.158590814
taskid,601,start_time,5819571.191712635
taskid,601,finish_time,5830509.639207626
taskid,602,start_time,5841294.701937474
taskid,603,start_time,5843401.336497924
taskid,604,start_time,5846217.658326647
taskid,605,start_time,5849838.9302548235
taskid,602,finish_time,5850271.064110771
taskid,603,finish_time,5854486.778641603
taskid,604,finish_time,5856138.939028115
taskid,605,finish_time,5859076.36042178
taskid,606,start_time,5859766.371252352
taskid,607,start_time,5865368.973864865
taskid,606,finish_time,5869190.296303958
taskid,607,finish_time,5872240.4154040925
taskid,608,start_time,5882640.866991078
taskid,608,finish_time,5889668.183022077
taskid,609,start_time,5895398.79258842
taskid,609,finish_time,5896246.175442765
taskid,610,start_time,5899506.214561144
taskid,611,start_time,5899836.223567299
taskid,610,finish_time,5900291.052100638
taskid,611,finish_time,5900684.4052704545
taskid,612,start_time,5914178.778808348
taskid,612,finish_time,5915229.2891476005
taskid,613,start_time,5940849.7926217895
taskid,613,finish_time,5941882.3671133
taskid,614,start_time,5961983.344003601
taskid,614,finish_time,5967618.1771043
taskid,615,start_time,5969706.675123303
taskid,615,finish_time,5970624.950569161
taskid,616,start_time,5975332.295213117
taskid,617,start_time,5977773.180066552
taskid,616,finish_time,5978593.601633719
taskid,617,finish_time,5978595.511236414
taskid,618,start_time,5982182.663331109
taskid,618,finish_time,5983299.177617843
taskid,619,start_time,5985608.614315927
taskid,619,finish_time,5986617.522200985
taskid,620,start_time,5991270.807583903
taskid,620,finish_time,5992088.419220273
taskid,621,start_time,5995190.771702036
taskid,621,finish_time,5996274.299595814
taskid,622,start_time,6019103.746094738
taskid,623,start_time,6019297.185661144
taskid,624,start_time,6022607.06675596
taskid,624,finish_time,6024101.470413696
taskid,625,start_time,6027957.321446888
taskid,623,finish_time,6028742.459289788
taskid,625,finish_time,6029434.767486393
taskid,626,start_time,6032232.069826835
taskid,627,start_time,6032871.6546658445
taskid,626,finish_time,6034437.5509436065
taskid,622,finish_time,6034985.7297665635
taskid,627,finish_time,6035076.982197894
taskid,628,start_time,6038221.136118832
taskid,628,finish_time,6040018.506467116
taskid,629,start_time,6060294.353035407
taskid,629,finish_time,6062095.094262024
taskid,630,start_time,6070972.701139795
taskid,630,finish_time,6072748.268169174
taskid,631,start_time,6074461.093762219
taskid,631,finish_time,6076686.494013881
taskid,632,start_time,6098795.919954859
taskid,632,finish_time,6100672.734362705
taskid,633,start_time,6103174.801377192
taskid,633,finish_time,6104964.892697142
taskid,634,start_time,6107258.200434369
taskid,635,start_time,6107951.6728453105
taskid,634,finish_time,6109503.780757596
taskid,635,finish_time,6109621.744210697
taskid,636,start_time,6113244.557776104
taskid,636,finish_time,6115454.059569721
taskid,637,start_time,6120416.852253645
taskid,638,start_time,6121312.482186375
taskid,637,finish_time,6122668.336387386
taskid,638,finish_time,6123334.640935134
taskid,639,start_time,6129681.4489331525
taskid,639,finish_time,6131341.868126538
taskid,640,start_time,6138144.577047964
taskid,640,finish_time,6139816.082657295
taskid,641,start_time,6140216.132828287
taskid,641,finish_time,6142038.735734365
taskid,642,start_time,6147192.31215758
taskid,642,finish_time,6148993.7490475895
taskid,643,start_time,6157025.425104957
taskid,644,start_time,6158116.290403551
taskid,643,finish_time,6158717.759214399
taskid,644,finish_time,6160364.794784722
taskid,645,start_time,6171625.1301019685
taskid,645,finish_time,6173863.708788916
taskid,646,start_time,6179099.437226354
taskid,646,finish_time,6180907.100908401
taskid,647,start_time,6198238.076127036
taskid,647,finish_time,6200080.549268549
taskid,648,start_time,6210266.607478727
taskid,648,finish_time,6212555.118668433
taskid,649,start_time,6247605.805880475
taskid,649,finish_time,6249526.080982323
taskid,650,start_time,6257854.155455821
taskid,650,finish_time,6260143.82276227
taskid,651,start_time,6261547.939901864
taskid,652,start_time,6263185.925998954
taskid,651,finish_time,6263849.5939643495
taskid,653,start_time,6263877.988313752
taskid,652,finish_time,6265028.293524884
taskid,653,finish_time,6265622.579977828
taskid,654,start_time,6272311.395946529
taskid,654,finish_time,6274599.691008341
taskid,655,start_time,6278597.48069996
taskid,655,finish_time,6281912.291890737
taskid,656,start_time,6299533.803102376
taskid,656,finish_time,6301327.138756739
taskid,657,start_time,6330178.724729105
taskid,658,start_time,6330845.561448452
taskid,657,finish_time,6331687.150770326
taskid,658,finish_time,6333072.109886059
taskid,659,start_time,6342085.1592430165
taskid,659,finish_time,6343785.875947352
taskid,660,start_time,6358917.598123172
taskid,660,finish_time,6361145.876814932
taskid,661,start_time,6380391.468070336
taskid,661,finish_time,6382617.754155975
taskid,662,start_time,6395569.567702978
taskid,663,start_time,6396244.656368134
taskid,662,finish_time,6397428.117451525
taskid,663,finish_time,6398132.109520485
taskid,664,start_time,6400049.970412624
taskid,665,start_time,6401882.843199028
taskid,664,finish_time,6402051.709771712
taskid,665,finish_time,6403727.885527397
taskid,666,start_time,6423448.922300484
taskid,666,finish_time,6425916.510948796
taskid,667,start_time,6434308.811449942
taskid,667,finish_time,6436553.822598376
taskid,668,start_time,6445968.040485814
taskid,668,finish_time,6448454.539218372
taskid,669,start_time,6448997.548353582
taskid,669,finish_time,6450842.471332255
taskid,670,start_time,6460805.154509229
taskid,670,finish_time,6463270.406070436
taskid,671,start_time,6465380.521643771
taskid,671,finish_time,6467595.995576004
taskid,672,start_time,6478898.233819512
taskid,672,finish_time,6481142.45095621
taskid,673,start_time,6482056.899980848
taskid,673,finish_time,6484312.413832723
taskid,674,start_time,6486255.786568188
taskid,674,finish_time,6488292.291623159
taskid,675,start_time,6489564.482550573
taskid,675,finish_time,6491082.863232249
taskid,676,start_time,6497993.786109101
taskid,677,start_time,6498622.459862082
taskid,676,finish_time,6499819.258084467
taskid,677,finish_time,6500302.883855886
taskid,678,start_time,6504805.6404513065
taskid,678,finish_time,6506690.747354351
taskid,679,start_time,6508690.453138264
taskid,679,finish_time,6511122.988023931
taskid,680,start_time,6523147.523966357
taskid,680,finish_time,6525580.064537795
taskid,681,start_time,6537534.246401788
taskid,681,finish_time,6539492.561067344
taskid,682,start_time,6562573.029381255
taskid,682,finish_time,6564972.657152651
taskid,683,start_time,6566196.706127203
taskid,683,finish_time,6568630.744944396
taskid,684,start_time,6568887.6282762475
taskid,685,start_time,6569129.838810821
taskid,685,finish_time,6571112.472119738
taskid,684,finish_time,6571330.001741556
taskid,686,start_time,6574110.303967858
taskid,686,finish_time,6576491.760574982
taskid,687,start_time,6577379.45834027
taskid,687,finish_time,6578572.884161336
taskid,688,start_time,6581548.169906383
taskid,689,start_time,6586618.054295165
taskid,689,finish_time,6587463.350885196
taskid,688,finish_time,6590360.929104073
taskid,690,start_time,6599655.697264799
taskid,690,finish_time,6612113.086355745
taskid,691,start_time,6613945.948118171
taskid,692,start_time,6617361.91335019
taskid,693,start_time,6619581.628418541
taskid,692,finish_time,6630306.180407114
taskid,693,finish_time,6632044.691614997
taskid,694,start_time,6640338.938210017
taskid,695,start_time,6647575.580212306
taskid,696,start_time,6657012.353087286
taskid,695,finish_time,6659489.928038539
taskid,694,finish_time,6698783.763976756
taskid,697,start_time,6699057.402822753
taskid,698,start_time,6699927.053272897
taskid,698,finish_time,6702616.0695889
taskid,699,start_time,6707109.384442854
taskid,696,finish_time,6708486.5692351805
taskid,699,finish_time,6716694.081427625
taskid,700,start_time,6730368.395647173
taskid,701,start_time,6734041.460294465
taskid,701,finish_time,6735147.11977197
taskid,702,start_time,6737613.835355891
taskid,700,finish_time,6739033.551537571
taskid,703,start_time,6739262.93889924
taskid,703,finish_time,6739823.772148463
taskid,702,finish_time,6745741.637946684
taskid,704,start_time,6750496.58117848
taskid,704,finish_time,6751388.984886189
taskid,697,finish_time,6775900.822530804
taskid,705,start_time,6778657.333406261
taskid,705,finish_time,6785624.055475541
taskid,706,start_time,6798971.044067111
taskid,691,finish_time,6805781.866843388
taskid,707,start_time,6816112.387427754
taskid,708,start_time,6816446.662198688
taskid,708,finish_time,6819484.101581444
taskid,707,finish_time,6827901.778779608
taskid,709,start_time,6839872.158630988
taskid,709,finish_time,6840650.235563064
taskid,710,start_time,6879560.727310712
taskid,710,finish_time,6881854.504269735
taskid,711,start_time,6885171.766864653
taskid,712,start_time,6917142.156465121
taskid,712,finish_time,6918276.856845666
taskid,713,start_time,6925573.286519204
taskid,713,finish_time,6926703.90643111
taskid,714,start_time,6929106.846895703
taskid,715,start_time,6929789.380898209
taskid,716,start_time,6931426.450356937
taskid,714,finish_time,6937870.503524068
taskid,717,start_time,6939060.2418599725
taskid,711,finish_time,6942413.383181621
taskid,715,finish_time,6942988.791992006
taskid,716,finish_time,6946000.314576908
taskid,717,finish_time,6947731.493584009
taskid,718,start_time,6959741.945098072
taskid,719,start_time,6962544.560665681
taskid,719,finish_time,6965378.996953095
taskid,720,start_time,6971245.373643127
taskid,720,finish_time,6971891.4123335695
taskid,721,start_time,6975921.004172402
taskid,721,finish_time,6976765.531592823
taskid,722,start_time,6981204.963335629
taskid,722,finish_time,6982027.64321562
taskid,706,finish_time,6989139.941507031
taskid,723,start_time,7000636.050955087
taskid,724,start_time,7006658.638174101
taskid,724,finish_time,7007451.127213533
taskid,725,start_time,7009415.296340673
taskid,725,finish_time,7010678.062985879
taskid,726,start_time,7016510.512636623
taskid,726,finish_time,7017807.174406185
taskid,727,start_time,7022420.0909041995
taskid,727,finish_time,7025426.631929121
taskid,728,start_time,7042788.570838232
taskid,729,start_time,7044125.701489316
taskid,728,finish_time,7051517.10502775
taskid,729,finish_time,7059908.216212353
taskid,730,start_time,7066445.702324993
taskid,731,start_time,7071504.325738247
taskid,732,start_time,7076496.5499573285
taskid,718,finish_time,7104502.406438545
taskid,733,start_time,7104502.406438545
taskid,731,finish_time,7145572.479823464
taskid,734,start_time,7145572.479823464
taskid,730,finish_time,7149225.642565027
taskid,735,start_time,7149225.642565027
taskid,736,start_time,7149225.642565027
taskid,737,start_time,7149225.642565027
taskid,738,start_time,7149225.642565027
taskid,739,start_time,7149225.642565027
taskid,740,start_time,7149225.642565027
taskid,737,finish_time,7150114.423509002
taskid,740,finish_time,7150167.137442533
taskid,735,finish_time,7150395.3081386015
taskid,741,start_time,7151064.190200317
taskid,739,finish_time,7152270.040511614
taskid,734,finish_time,7159077.527477977
taskid,736,finish_time,7161004.0125549715
taskid,738,finish_time,7163019.91751769
taskid,732,finish_time,7174813.066606592
taskid,742,start_time,7182576.953966323
taskid,742,finish_time,7200689.288759915
taskid,733,finish_time,7207310.926866892
taskid,741,finish_time,7216450.944209929
taskid,743,start_time,7222073.617026441
taskid,744,start_time,7223457.874112104
taskid,745,start_time,7237938.017697121
taskid,745,finish_time,7239102.584247385
taskid,746,start_time,7240223.008507065
taskid,746,finish_time,7241360.505052864
taskid,747,start_time,7242403.190642946
taskid,744,finish_time,7245340.26514686
taskid,748,start_time,7249578.454415837
taskid,749,start_time,7249811.1254416425
taskid,749,finish_time,7253391.537593456
taskid,748,finish_time,7253679.039356962
taskid,750,start_time,7255811.217392516
taskid,751,start_time,7256460.329347909
taskid,751,finish_time,7257573.239149624
taskid,750,finish_time,7259122.731589005
taskid,747,finish_time,7277677.763214762
taskid,752,start_time,7289539.8822813695
taskid,753,start_time,7291726.578858964
taskid,752,finish_time,7291820.41871209
taskid,753,finish_time,7294150.9701043125
taskid,754,start_time,7305350.671300972
taskid,743,finish_time,7306876.514379304
taskid,754,finish_time,7313814.13169045
taskid,755,start_time,7316769.463528172
taskid,755,finish_time,7328193.897964071
taskid,756,start_time,7331979.412607984
taskid,757,start_time,7333531.655139214
taskid,756,finish_time,7341602.1108440915
taskid,757,finish_time,7344518.444474674
taskid,758,start_time,7348667.814119227
taskid,758,finish_time,7359732.088379256
taskid,759,start_time,7362235.710252923
taskid,760,start_time,7363073.357238957
taskid,761,start_time,7363707.529085755
taskid,762,start_time,7364293.481163276
taskid,759,finish_time,7369782.3700053515
taskid,760,finish_time,7373074.023591709
taskid,762,finish_time,7373656.084701089
taskid,761,finish_time,7374736.174609048
taskid,763,start_time,7382299.229330433
taskid,764,start_time,7382409.207983536
taskid,765,start_time,7387367.485776036
taskid,764,finish_time,7391624.786003881
taskid,763,finish_time,7393226.675746546
taskid,765,finish_time,7401007.148408513
taskid,723,finish_time,7613744.552504033
taskid,766,start_time,7613744.552504033
taskid,766,finish_time,7780709.6449928675
taskid,767,start_time,7780709.6449928675
taskid,768,start_time,7780709.6449928675
taskid,769,start_time,7780709.6449928675
taskid,770,start_time,7780709.6449928675
taskid,771,start_time,7780709.6449928675
taskid,772,start_time,7780709.6449928675
taskid,773,start_time,7780709.6449928675
taskid,774,start_time,7780709.6449928675
taskid,775,start_time,7780709.6449928675
taskid,776,start_time,7780709.6449928675
taskid,771,finish_time,7781514.539308468
taskid,775,finish_time,7781713.349810451
taskid,770,finish_time,7781844.078359673
taskid,776,finish_time,7781861.203049211
taskid,774,finish_time,7781861.383006902
taskid,769,finish_time,7783794.314075023
taskid,768,finish_time,7792754.188563241
taskid,777,start_time,7792754.188563241
taskid,773,finish_time,7795624.414550431
taskid,778,start_time,7795624.414550431
taskid,779,start_time,7795624.414550431
taskid,780,start_time,7795624.414550431
taskid,781,start_time,7795624.414550431
taskid,780,finish_time,7796491.453971352
taskid,781,finish_time,7796504.827479675
taskid,767,finish_time,7797057.4032030115
taskid,782,start_time,7797057.4032030115
taskid,783,start_time,7797057.4032030115
taskid,784,start_time,7797057.4032030115
taskid,784,finish_time,7797792.398973587
taskid,779,finish_time,7797912.44321936
taskid,783,finish_time,7798209.787818887
taskid,785,start_time,7798209.787818887
taskid,777,finish_time,7804961.414973218
taskid,786,start_time,7804961.414973218
taskid,778,finish_time,7810417.868149898
taskid,787,start_time,7810417.868149898
taskid,788,start_time,7810417.868149898
taskid,789,start_time,7810417.868149898
taskid,790,start_time,7810417.868149898
taskid,791,start_time,7810417.868149898
taskid,792,start_time,7810417.868149898
taskid,793,start_time,7810417.868149898
taskid,794,start_time,7810417.868149898
taskid,795,start_time,7810417.868149898
taskid,791,finish_time,7811734.019460755
taskid,796,start_time,7811734.019460755
taskid,785,finish_time,7811918.828212617
taskid,797,start_time,7811918.828212617
taskid,796,finish_time,7812832.067813727
taskid,798,start_time,7812832.067813727
taskid,790,finish_time,7812960.365648878
taskid,799,start_time,7812960.365648878
taskid,797,finish_time,7812976.3315583095
taskid,800,start_time,7812976.3315583095
taskid,787,finish_time,7813148.30743748
taskid,801,start_time,7813148.30743748
taskid,788,finish_time,7813721.403695245
taskid,802,start_time,7813721.403695245
taskid,799,finish_time,7813919.845904264
taskid,800,finish_time,7814054.816222021
taskid,789,finish_time,7814066.385648123
taskid,801,finish_time,7814169.808830342
taskid,802,finish_time,7814663.600771719
taskid,786,finish_time,7816311.32450889
taskid,803,start_time,7816311.32450889
taskid,792,finish_time,7818668.133840322
taskid,794,finish_time,7818857.423386688
taskid,772,finish_time,7821030.259483876
taskid,793,finish_time,7821805.241546764
taskid,804,start_time,7821805.241546764
taskid,782,finish_time,7822898.691050672
taskid,805,start_time,7822898.691050672
taskid,806,start_time,7822898.691050672
taskid,807,start_time,7822898.691050672
taskid,808,start_time,7822898.691050672
taskid,806,finish_time,7823668.372424199
taskid,807,finish_time,7823742.663353217
taskid,805,finish_time,7823915.283584028
taskid,808,finish_time,7823916.180897114
taskid,803,finish_time,7829082.335101481
taskid,804,finish_time,7835284.649790022
taskid,809,start_time,7867621.319922893
taskid,809,finish_time,7868605.621900787
taskid,810,start_time,7889802.374591341
taskid,811,start_time,7894885.94103887
taskid,811,finish_time,7895810.541797786
taskid,812,start_time,7907072.023305839
taskid,812,finish_time,7908106.423091369
taskid,813,start_time,7910450.058345553
taskid,813,finish_time,7911512.573190211
taskid,814,start_time,7928029.925825328
taskid,798,finish_time,7928571.278416916
taskid,795,finish_time,7930386.406879504
taskid,815,start_time,7931956.551979752
taskid,816,start_time,7938327.881330166
taskid,816,finish_time,7939126.310204638
taskid,814,finish_time,7939542.530488793
taskid,817,start_time,7941157.756821899
taskid,817,finish_time,7941867.627522772
taskid,818,start_time,7942306.264334543
taskid,819,start_time,7943028.373766375
taskid,818,finish_time,7943088.758373044
taskid,819,finish_time,7943813.954271945
taskid,820,start_time,7951811.02882665
taskid,810,finish_time,7952152.599367253
taskid,821,start_time,7958479.14284972
taskid,822,start_time,7961485.359575206
taskid,822,finish_time,7963838.291176798
taskid,823,start_time,7969564.064089447
taskid,823,finish_time,7970592.732488509
taskid,824,start_time,7971131.624334671
taskid,824,finish_time,7971868.307710478
taskid,821,finish_time,7977373.260229544
taskid,820,finish_time,7979327.442513565
taskid,825,start_time,7992250.140052292
taskid,825,finish_time,7993349.564814542
taskid,826,start_time,7997252.316317726
taskid,826,finish_time,7998319.780937843
taskid,827,start_time,8022118.80721958
taskid,827,finish_time,8023167.3280811645
taskid,828,start_time,8029598.63974418
taskid,829,start_time,8029710.275336205
taskid,830,start_time,8030404.709684408
taskid,829,finish_time,8030441.854003956
taskid,830,finish_time,8031129.636917046
taskid,831,start_time,8036145.395341608
taskid,831,finish_time,8036880.368929951
taskid,828,finish_time,8039398.430969012
taskid,832,start_time,8058200.689790157
taskid,833,start_time,8062364.808913645
taskid,833,finish_time,8070857.883675358
taskid,834,start_time,8072310.771772241
taskid,834,finish_time,8073140.864847437
taskid,835,start_time,8078120.42667316
taskid,836,start_time,8089441.298583689
taskid,837,start_time,8091209.386535334
taskid,836,finish_time,8093098.267131559
taskid,832,finish_time,8099157.365080292
taskid,837,finish_time,8102525.256796778
taskid,838,start_time,8112214.846343342
taskid,838,finish_time,8113148.351293905
taskid,839,start_time,8113897.383418305
taskid,839,finish_time,8114962.843562121
taskid,840,start_time,8117768.06118666
taskid,840,finish_time,8121863.513126669
taskid,841,start_time,8135660.714534298
taskid,842,start_time,8138295.320237919
taskid,842,finish_time,8139394.802548668
taskid,841,finish_time,8139428.564526234
taskid,843,start_time,8145452.081676899
taskid,843,finish_time,8147512.933821456
taskid,844,start_time,8160813.00625156
taskid,844,finish_time,8161303.033178077
taskid,835,finish_time,8164753.390559797
taskid,845,start_time,8181805.677770682
taskid,815,finish_time,8182178.135617124
taskid,845,finish_time,8182661.921658207
taskid,846,start_time,8186338.3553120075
taskid,847,start_time,8192226.793584827
taskid,848,start_time,8202005.736928947
taskid,848,finish_time,8203235.168146372
taskid,847,finish_time,8205565.401293695
taskid,849,start_time,8205664.1947754435
taskid,850,start_time,8209024.675714653
taskid,851,start_time,8210272.548603548
taskid,849,finish_time,8211706.173415683
taskid,852,start_time,8212974.544079986
taskid,852,finish_time,8214915.073291141
taskid,846,finish_time,8231565.8462921465
taskid,853,start_time,8234854.021324793
taskid,853,finish_time,8236262.477411039
taskid,854,start_time,8236841.793118836
taskid,855,start_time,8237864.4140575975
taskid,856,start_time,8239642.776695165
taskid,856,finish_time,8241966.343935645
taskid,857,start_time,8255588.747162959
taskid,857,finish_time,8257659.924915126
taskid,855,finish_time,8260697.385407776
taskid,858,start_time,8271337.920674147
taskid,858,finish_time,8273277.349823365
taskid,850,finish_time,8279730.791602479
taskid,859,start_time,8284902.627558403
taskid,859,finish_time,8287226.146556793
taskid,860,start_time,8299358.063589832
taskid,860,finish_time,8301687.62046222
taskid,861,start_time,8303799.30670857
taskid,862,start_time,8305627.069428491
taskid,861,finish_time,8306122.759836675
taskid,863,start_time,8307104.83364968
taskid,864,start_time,8307794.408511403
taskid,862,finish_time,8307953.761031211
taskid,865,start_time,8308902.55530997
taskid,863,finish_time,8309428.303911243
taskid,864,finish_time,8310134.127009627
taskid,865,finish_time,8311018.505772509
taskid,866,start_time,8316050.984497768
taskid,867,start_time,8318106.412375889
taskid,868,start_time,8318273.059187796
taskid,866,finish_time,8318394.556089629
taskid,867,finish_time,8319686.83836954
taskid,868,finish_time,8320172.534504183
taskid,869,start_time,8320932.32202388
taskid,869,finish_time,8322727.854728891
taskid,870,start_time,8332789.343363629
taskid,871,start_time,8333050.983219517
taskid,872,start_time,8333856.07379301
taskid,870,finish_time,8335128.684318694
taskid,871,finish_time,8335406.447744731
taskid,872,finish_time,8336139.501813003
taskid,873,start_time,8342234.693244954
taskid,873,finish_time,8344069.730756047
taskid,851,finish_time,8344129.421674068
taskid,874,start_time,8360753.718532431
taskid,874,finish_time,8362508.97105644
taskid,875,start_time,8403679.462054724
taskid,875,finish_time,8405514.633388257
taskid,876,start_time,8415375.24271036
taskid,876,finish_time,8417074.361422122
taskid,877,start_time,8421490.243192116
taskid,877,finish_time,8423769.975651173
taskid,878,start_time,8424867.2886555
taskid,878,finish_time,8426707.320701715
taskid,879,start_time,8428265.15463637
taskid,879,finish_time,8430561.724966558
taskid,880,start_time,8436427.88013419
taskid,880,finish_time,8438336.326440906
taskid,881,start_time,8448622.225989422
taskid,881,finish_time,8451019.70858753
taskid,882,start_time,8465555.417845877
taskid,882,finish_time,8467354.562676953
taskid,883,start_time,8468313.673690362
taskid,854,finish_time,8470599.298358303
taskid,883,finish_time,8470684.123613546
taskid,884,start_time,8475007.604209773
taskid,884,finish_time,8476632.077541474
taskid,885,start_time,8477529.7214355
taskid,885,finish_time,8479530.962456508
taskid,886,start_time,8484290.562951514
taskid,886,finish_time,8486220.735898843
taskid,887,start_time,8501855.937115872
taskid,887,finish_time,8503443.903179584
taskid,888,start_time,8539866.783118777
taskid,889,start_time,8543334.522591347
taskid,890,start_time,8571589.011474099
taskid,891,start_time,8571777.408170173
taskid,890,finish_time,8572293.290268766
taskid,892,start_time,8578657.241991514
taskid,893,start_time,8583015.818047341
taskid,894,start_time,8593536.182031963
taskid,894,finish_time,8630401.2987511
taskid,895,start_time,8630401.2987511
taskid,896,start_time,8630401.2987511
taskid,895,finish_time,8633770.677149758
taskid,897,start_time,8633770.677149758
taskid,888,finish_time,8639467.221846187
taskid,898,start_time,8639467.221846187
taskid,898,finish_time,8640083.354100788
taskid,899,start_time,8640083.354100788
taskid,899,finish_time,8640744.082311576
taskid,900,start_time,8642676.556058181
taskid,901,start_time,8648074.894583536
taskid,901,finish_time,8648718.517154058
taskid,897,finish_time,8668091.421872368
taskid,902,start_time,8668091.421872368
taskid,903,start_time,8668091.421872368
taskid,904,start_time,8668091.421872368
taskid,903,finish_time,8669177.040853323
taskid,904,finish_time,8669804.717698535
taskid,905,start_time,8676447.423575005
taskid,905,finish_time,8678525.49066086
taskid,891,finish_time,8679851.563546972
taskid,892,finish_time,8683467.933412299
taskid,906,start_time,8694317.870982682
taskid,906,finish_time,8696170.872652812
taskid,907,start_time,8702971.578109417
taskid,907,finish_time,8704679.191912044
taskid,902,finish_time,8704825.132040529
taskid,908,start_time,8715555.43356296
taskid,908,finish_time,8717839.344681673
taskid,893,finish_time,8726262.88556581
taskid,909,start_time,8733351.30111946
taskid,909,finish_time,8735652.783941237
taskid,910,start_time,8749589.36997371
taskid,910,finish_time,8751890.871854091
taskid,911,start_time,8764909.483819734
taskid,911,finish_time,8767211.013407223
taskid,896,finish_time,8776527.579479288
taskid,912,start_time,8788599.418794643
taskid,912,finish_time,8790307.21549986
taskid,913,start_time,8807238.59726381
taskid,913,finish_time,8809017.341337785
taskid,914,start_time,8810885.574294189
taskid,914,finish_time,8812827.506870897
taskid,915,start_time,8815432.55961635
taskid,916,start_time,8816477.166579137
taskid,900,finish_time,8816639.200564576
taskid,915,finish_time,8817158.793413907
taskid,916,finish_time,8818803.699796343
taskid,917,start_time,8832663.632207911
taskid,917,finish_time,8834989.986848168
taskid,918,start_time,8838632.164486894
taskid,918,finish_time,8840190.739891237
taskid,919,start_time,8846838.720539961
taskid,919,finish_time,8849167.278463062
taskid,920,start_time,8876054.591550991
taskid,920,finish_time,8877617.595375288
taskid,921,start_time,8880602.751290444
taskid,921,finish_time,8882925.280241165
taskid,922,start_time,8907434.39309359
taskid,922,finish_time,8908991.637251623
taskid,923,start_time,8910124.736184409
taskid,923,finish_time,8912439.190335391
taskid,924,start_time,8916620.087131815
taskid,924,finish_time,8918549.384309253
taskid,925,start_time,8926628.935811974
taskid,925,finish_time,8928716.356686492
taskid,926,start_time,8943336.933747426
taskid,926,finish_time,8945648.41661413
taskid,927,start_time,8954146.486944843
taskid,927,finish_time,8956461.01766222
taskid,889,finish_time,8958098.519338483
taskid,928,start_time,8970885.106709562
taskid,929,start_time,8971544.465413118
taskid,928,finish_time,8972436.05831433
taskid,929,finish_time,8973868.12182008
taskid,930,start_time,8974570.9042708
taskid,930,finish_time,8976289.733433312
taskid,931,start_time,8977597.975668037
taskid,931,finish_time,8979896.761544148
taskid,932,start_time,8981958.316635443
taskid,932,finish_time,8984274.934921367
taskid,933,start_time,8984383.08898341
taskid,933,finish_time,8986267.21337445
taskid,934,start_time,8990058.6922255
taskid,934,finish_time,8991817.036624087
taskid,935,start_time,8996475.032508679
taskid,935,finish_time,8998815.598609231
taskid,936,start_time,9010219.042120026
taskid,936,finish_time,9012535.660554385
taskid,937,start_time,9019210.564586006
taskid,937,finish_time,9021511.190663956
taskid,938,start_time,9029800.33600801
taskid,938,finish_time,9031650.093432138
taskid,939,start_time,9042345.736154946
taskid,940,start_time,9044416.68489732
taskid,941,start_time,9044459.74388899
taskid,939,finish_time,9044649.383848416
taskid,940,finish_time,9046266.481803024
taskid,941,finish_time,9046760.54009983
taskid,942,start_time,9047332.891312001
taskid,942,finish_time,9049037.887733022
taskid,943,start_time,9055061.349050837
taskid,943,finish_time,9057368.670611667
taskid,944,start_time,9062935.95441123
taskid,945,start_time,9063811.062359422
taskid,944,finish_time,9065217.721724039
taskid,945,finish_time,9065629.353231773
taskid,946,start_time,9071421.689556347
taskid,946,finish_time,9073244.730076319
taskid,947,start_time,9079349.10474286
taskid,947,finish_time,9081068.640922239
taskid,948,start_time,9083969.23532808
taskid,948,finish_time,9085798.083636852
taskid,949,start_time,9096828.886304414
taskid,949,finish_time,9098668.134813188
taskid,950,start_time,9124672.995092921
taskid,951,start_time,9125683.990481408
taskid,950,finish_time,9126360.164537203
taskid,952,start_time,9127060.882294467
taskid,951,finish_time,9127962.598134266
taskid,953,start_time,9129041.97442485
taskid,952,finish_time,9129318.267753134
taskid,953,finish_time,9131490.037551485
taskid,954,start_time,9147480.689973695
taskid,954,finish_time,9148142.8044898
taskid,955,start_time,9149278.153985595
taskid,956,start_time,9173419.297856117
taskid,957,start_time,9181766.059715807
taskid,955,finish_time,9187863.441582775
taskid,958,start_time,9190106.248091713
taskid,957,finish_time,9193142.685890537
taskid,959,start_time,9196120.56351144
taskid,956,finish_time,9196133.77773278
taskid,958,finish_time,9197170.267606258
taskid,959,finish_time,9204149.024308959
taskid,960,start_time,9218481.760744765
taskid,960,finish_time,9228761.175485808
taskid,961,start_time,9231370.031396436
taskid,962,start_time,9235696.317521192
taskid,963,start_time,9236373.191257823
taskid,964,start_time,9238479.733453242
taskid,961,finish_time,9245649.70317815
taskid,965,start_time,9246513.719023624
taskid,965,finish_time,9248104.238892319
taskid,962,finish_time,9248687.139341597
taskid,963,finish_time,9249287.643945456
taskid,964,finish_time,9252970.268017257
taskid,966,start_time,9257422.34801445
taskid,967,start_time,9263347.437789423
taskid,967,finish_time,9264308.657653632
taskid,966,finish_time,9268605.697037222
taskid,968,start_time,9269428.94843985
taskid,968,finish_time,9274847.860869529
taskid,969,start_time,9315211.906689433
taskid,969,finish_time,9317391.367141632
taskid,970,start_time,9335829.232262503
taskid,971,start_time,9340973.860641986
taskid,971,finish_time,9342449.59647442
taskid,972,start_time,9356258.096624801
taskid,972,finish_time,9357651.252902152
taskid,973,start_time,9370498.174203372
taskid,973,finish_time,9372191.752789447
taskid,974,start_time,9376446.582548553
taskid,975,start_time,9377412.169015404
taskid,975,finish_time,9379351.082934268
taskid,974,finish_time,9380886.65349829
taskid,976,start_time,9388254.639705041
taskid,976,finish_time,9389656.684594968
taskid,977,start_time,9407042.003143486
taskid,978,start_time,9409812.38403254
taskid,978,finish_time,9415379.931816652
taskid,979,start_time,9422029.223341465
taskid,979,finish_time,9423535.635441735
taskid,980,start_time,9427045.475740584
taskid,981,start_time,9428936.084931098
taskid,970,finish_time,9429095.819290731
taskid,982,start_time,9430778.536174431
taskid,982,finish_time,9431425.068638943
taskid,983,start_time,9432469.640095633
taskid,980,finish_time,9437792.765663324
taskid,981,finish_time,9437817.726758976
taskid,984,start_time,9440686.397505214
taskid,985,start_time,9445688.908048034
taskid,985,finish_time,9447732.508459356
taskid,986,start_time,9454752.343105009
taskid,986,finish_time,9456462.734768266
taskid,987,start_time,9462577.910844222
taskid,988,start_time,9463619.370136555
taskid,987,finish_time,9464104.40172274
taskid,988,finish_time,9464927.054424804
taskid,989,start_time,9476226.44896052
taskid,989,finish_time,9477878.866299774
taskid,990,start_time,9479350.564410407
taskid,990,finish_time,9480093.794335257
taskid,991,start_time,9485594.007220138
taskid,983,finish_time,9491628.385246096
taskid,977,finish_time,9505681.886358239
taskid,992,start_time,9509824.488676881
taskid,992,finish_time,9510866.613266265
taskid,993,start_time,9544744.748158865
taskid,993,finish_time,9545315.86334318
taskid,994,start_time,9545797.844804807
taskid,994,finish_time,9546841.746884866
taskid,991,finish_time,9568440.555552054
taskid,984,finish_time,9569360.073949581
taskid,995,start_time,9577900.337391648
taskid,995,finish_time,9585325.87396529
taskid,996,start_time,9591830.376644466
taskid,996,finish_time,9599989.767846722
taskid,997,start_time,9611246.157922102
taskid,998,start_time,9614195.375293119
taskid,997,finish_time,9615425.756908664
taskid,999,start_time,9616504.2239689
taskid,998,finish_time,9617585.961238964
taskid,999,finish_time,9619942.058505036
