task_id,0,arriving_time,312.6753838073729
task_id,1,arriving_time,504.4063584134274
task_id,2,arriving_time,891.9003833612207
task_id,3,arriving_time,955.3399855486797
task_id,4,arriving_time,1306.4491291121385
task_id,5,arriving_time,1381.1194772742867
task_id,6,arriving_time,1569.5975049433534
task_id,7,arriving_time,2123.408055796179
task_id,8,arriving_time,2335.7787518247274
task_id,9,arriving_time,2575.603702602904
task_id,10,arriving_time,3238.2692915024854
task_id,11,arriving_time,3499.8727203590583
task_id,12,arriving_time,3645.847433044039
task_id,13,arriving_time,4218.348117795197
task_id,14,arriving_time,4332.210841710112
task_id,15,arriving_time,4445.166057342225
task_id,16,arriving_time,4479.8201088470105
task_id,17,arriving_time,4979.038144492977
task_id,18,arriving_time,5117.778293093103
task_id,19,arriving_time,5292.300336161422
task_id,20,arriving_time,5562.957625471429
task_id,21,arriving_time,5616.053501307438
task_id,22,arriving_time,5633.86333004471
task_id,23,arriving_time,5635.313235402235
task_id,24,arriving_time,5671.324224097926
task_id,25,arriving_time,5721.981911965298
task_id,26,arriving_time,5829.161889234402
task_id,27,arriving_time,6100.784106463395
task_id,28,arriving_time,6312.587847396709
task_id,29,arriving_time,6325.8910939965435
task_id,30,arriving_time,6605.459669009156
task_id,31,arriving_time,6715.7784268408095
task_id,32,arriving_time,6783.111954089094
task_id,33,arriving_time,6797.268131583483
task_id,34,arriving_time,6887.87661541528
task_id,35,arriving_time,7005.64111156472
task_id,36,arriving_time,8118.231132386698
task_id,37,arriving_time,8120.302054967051
task_id,38,arriving_time,8336.975024406682
task_id,39,arriving_time,8562.0480394928
task_id,40,arriving_time,8563.541263580591
task_id,41,arriving_time,8624.501175352749
task_id,42,arriving_time,8660.812022731394
task_id,43,arriving_time,8707.808890214608
task_id,44,arriving_time,9489.640187314742
task_id,45,arriving_time,9577.003745283362
task_id,46,arriving_time,9965.322177359332
task_id,47,arriving_time,10274.973679586716
task_id,48,arriving_time,10321.95109090893
task_id,49,arriving_time,10726.577486091239
task_id,50,arriving_time,10957.845796340724
task_id,51,arriving_time,11659.307069551374
task_id,52,arriving_time,11862.944125591823
task_id,53,arriving_time,12197.121702276183
task_id,54,arriving_time,12268.359682214686
task_id,55,arriving_time,12504.81460105641
task_id,56,arriving_time,12811.896008630873
task_id,57,arriving_time,12863.610825846126
task_id,58,arriving_time,12925.972474524471
task_id,59,arriving_time,12957.903736706017
task_id,60,arriving_time,13364.932459763153
task_id,61,arriving_time,13420.599206242045
task_id,62,arriving_time,13649.355106186482
task_id,63,arriving_time,13725.188211756646
task_id,64,arriving_time,14254.794956341464
task_id,65,arriving_time,14348.53485204113
task_id,66,arriving_time,14582.938868147832
task_id,67,arriving_time,14691.785043802221
task_id,68,arriving_time,14863.586119890742
task_id,69,arriving_time,15413.735627875902
task_id,70,arriving_time,15868.079622845911
task_id,71,arriving_time,15891.169713217692
task_id,72,arriving_time,15944.435933369557
task_id,73,arriving_time,15964.474118773049
task_id,74,arriving_time,16153.590499032605
task_id,75,arriving_time,16533.511791732188
task_id,76,arriving_time,17108.88984614629
task_id,77,arriving_time,17582.394250282734
task_id,78,arriving_time,17643.879973532272
task_id,79,arriving_time,17836.065993476575
task_id,80,arriving_time,18141.56821018346
task_id,81,arriving_time,18232.767452238946
task_id,82,arriving_time,18295.14826552089
task_id,83,arriving_time,19068.68619396445
task_id,84,arriving_time,20495.21745390845
task_id,85,arriving_time,20610.817197329165
task_id,86,arriving_time,20817.9372462624
task_id,87,arriving_time,20898.452158019194
task_id,88,arriving_time,21439.438328147062
task_id,89,arriving_time,22231.36653831758
task_id,90,arriving_time,22407.259633420683
task_id,91,arriving_time,22426.77320872622
task_id,92,arriving_time,22615.46693520197
task_id,93,arriving_time,22991.918837432135
task_id,94,arriving_time,23441.50206707941
task_id,95,arriving_time,23939.495211013284
task_id,96,arriving_time,23982.504491032163
task_id,97,arriving_time,24052.208821417884
task_id,98,arriving_time,24422.13773827148
task_id,99,arriving_time,24443.668475803814
task_id,100,arriving_time,24776.041586379804
task_id,101,arriving_time,24822.034561483597
task_id,102,arriving_time,25394.387283956916
task_id,103,arriving_time,26656.095759016003
task_id,104,arriving_time,26849.12109701274
task_id,105,arriving_time,27014.99543821869
task_id,106,arriving_time,27071.983787829075
task_id,107,arriving_time,27648.164622906337
task_id,108,arriving_time,27848.796679796742
task_id,109,arriving_time,27884.332291618728
task_id,110,arriving_time,27919.83785392006
task_id,111,arriving_time,27994.79588650729
task_id,112,arriving_time,28041.297061722184
task_id,113,arriving_time,28237.83688364425
task_id,114,arriving_time,28559.55530067382
task_id,115,arriving_time,29072.039744903217
task_id,116,arriving_time,29437.86822204065
task_id,117,arriving_time,29849.699953578263
task_id,118,arriving_time,29866.914343111428
task_id,119,arriving_time,30705.29698701892
task_id,120,arriving_time,30721.807583039637
task_id,121,arriving_time,30785.038307043906
task_id,122,arriving_time,30855.495502313628
task_id,123,arriving_time,31346.3690309453
task_id,124,arriving_time,31619.01032037064
task_id,125,arriving_time,31627.23066360908
task_id,126,arriving_time,31638.357518378212
task_id,127,arriving_time,31685.020157737334
task_id,128,arriving_time,31750.273373669857
task_id,129,arriving_time,32532.29337928603
task_id,130,arriving_time,32880.32593776644
task_id,131,arriving_time,32945.347830090104
task_id,132,arriving_time,32980.73571131815
task_id,133,arriving_time,33407.72652034674
task_id,134,arriving_time,33448.89452124282
task_id,135,arriving_time,34124.969889900996
task_id,136,arriving_time,34197.75079740549
task_id,137,arriving_time,34296.40242972777
task_id,138,arriving_time,34844.15428477594
task_id,139,arriving_time,35115.79555080452
task_id,140,arriving_time,35154.68253429084
task_id,141,arriving_time,35313.59495183665
task_id,142,arriving_time,35638.49500806493
task_id,143,arriving_time,35816.11507656605
task_id,144,arriving_time,35948.579999654445
task_id,145,arriving_time,36007.702437984546
task_id,146,arriving_time,36365.65757750476
task_id,147,arriving_time,36660.66365901915
task_id,148,arriving_time,37715.18702849937
task_id,149,arriving_time,37947.864213831956
task_id,150,arriving_time,37993.988253139
task_id,151,arriving_time,38199.75684332059
task_id,152,arriving_time,38404.57768438706
task_id,153,arriving_time,38441.10695293383
task_id,154,arriving_time,38554.1860915174
task_id,155,arriving_time,39009.811264109725
task_id,156,arriving_time,39098.43564740793
task_id,157,arriving_time,39594.3628927897
task_id,158,arriving_time,39710.596380763105
task_id,159,arriving_time,40071.83586435079
task_id,160,arriving_time,40102.25753645269
task_id,161,arriving_time,40346.197239042776
task_id,162,arriving_time,40443.500543212656
task_id,163,arriving_time,40541.7158165352
task_id,164,arriving_time,41020.637446810586
task_id,165,arriving_time,41345.62234721416
task_id,166,arriving_time,41407.20419979202
task_id,167,arriving_time,41433.331305678614
task_id,168,arriving_time,41542.25084312763
task_id,169,arriving_time,41807.678151142034
task_id,170,arriving_time,42275.654870067265
task_id,171,arriving_time,42434.61550300978
task_id,172,arriving_time,43205.2026753156
task_id,173,arriving_time,43241.34362330325
task_id,174,arriving_time,43358.698749059695
task_id,175,arriving_time,43590.20473777355
task_id,176,arriving_time,43733.99171227161
task_id,177,arriving_time,44702.86094770019
task_id,178,arriving_time,44776.01032767401
task_id,179,arriving_time,45233.59074735444
task_id,180,arriving_time,45321.552148963005
task_id,181,arriving_time,45414.055252977945
task_id,182,arriving_time,45787.747060553105
task_id,183,arriving_time,45908.27694413057
task_id,184,arriving_time,46056.771485283105
task_id,185,arriving_time,46410.38720973425
task_id,186,arriving_time,46436.524555863456
task_id,187,arriving_time,46593.5449698552
task_id,188,arriving_time,46823.18929229285
task_id,189,arriving_time,47132.12955721927
task_id,190,arriving_time,47182.05077383282
task_id,191,arriving_time,47702.8944612985
task_id,192,arriving_time,47755.09411298287
task_id,193,arriving_time,47793.28837941238
task_id,194,arriving_time,48008.50635463374
task_id,195,arriving_time,48524.308231751165
task_id,196,arriving_time,48527.83400904093
task_id,197,arriving_time,48656.01746462864
task_id,198,arriving_time,48770.396698339726
task_id,199,arriving_time,49377.06302988867
task_id,200,arriving_time,49531.8799855491
task_id,201,arriving_time,49594.06260932399
task_id,202,arriving_time,49875.76438635509
task_id,203,arriving_time,50278.31883076701
task_id,204,arriving_time,50890.318716404305
task_id,205,arriving_time,51580.70594120767
task_id,206,arriving_time,51886.809036832296
task_id,207,arriving_time,51891.93593628045
task_id,208,arriving_time,52346.54205856718
task_id,209,arriving_time,52722.73315871481
task_id,210,arriving_time,52778.49346306661
task_id,211,arriving_time,52948.97938399632
task_id,212,arriving_time,53485.61360427071
task_id,213,arriving_time,53608.52531854767
task_id,214,arriving_time,53613.15258810367
task_id,215,arriving_time,53901.752566307936
task_id,216,arriving_time,54080.77681173508
task_id,217,arriving_time,54135.672761557966
task_id,218,arriving_time,55137.261856713274
task_id,219,arriving_time,55145.90092612985
task_id,220,arriving_time,55285.52719065487
task_id,221,arriving_time,55656.36436079655
task_id,222,arriving_time,56171.30819668319
task_id,223,arriving_time,56860.83528150257
task_id,224,arriving_time,57475.00381773425
task_id,225,arriving_time,58000.201840990536
task_id,226,arriving_time,58660.13436181216
task_id,227,arriving_time,59053.66649879251
task_id,228,arriving_time,59341.925458620615
task_id,229,arriving_time,59700.84164653182
task_id,230,arriving_time,59856.744449315556
task_id,231,arriving_time,59998.259435302156
task_id,232,arriving_time,60257.41665829223
task_id,233,arriving_time,60261.84785117973
task_id,234,arriving_time,60386.181932975225
task_id,235,arriving_time,60641.07150009586
task_id,236,arriving_time,60751.24073769642
task_id,237,arriving_time,61088.8155106781
task_id,238,arriving_time,61105.50952288412
task_id,239,arriving_time,61182.55268053482
task_id,240,arriving_time,61656.38579849136
task_id,241,arriving_time,61690.18748688267
task_id,242,arriving_time,62058.99922288723
task_id,243,arriving_time,62171.62587889872
task_id,244,arriving_time,62442.229785550655
task_id,245,arriving_time,62504.32048002942
task_id,246,arriving_time,62532.60175347329
task_id,247,arriving_time,62728.322659947975
task_id,248,arriving_time,62761.24662371467
task_id,249,arriving_time,62792.417674382494
task_id,250,arriving_time,63043.32176577143
task_id,251,arriving_time,63194.03360890881
task_id,252,arriving_time,64154.23751587391
task_id,253,arriving_time,64182.047751459155
task_id,254,arriving_time,64217.33495662027
task_id,255,arriving_time,64220.36317822229
task_id,256,arriving_time,64366.15129518607
task_id,257,arriving_time,64402.380360139396
task_id,258,arriving_time,64484.1795271481
task_id,259,arriving_time,64663.672339103476
task_id,260,arriving_time,64687.566326080705
task_id,261,arriving_time,64902.70528288872
task_id,262,arriving_time,65032.13156897678
task_id,263,arriving_time,65298.51298615657
task_id,264,arriving_time,65493.696519171695
task_id,265,arriving_time,65566.45970563787
task_id,266,arriving_time,66121.90157037386
task_id,267,arriving_time,66136.83250939447
task_id,268,arriving_time,66156.99430366367
task_id,269,arriving_time,66204.61015011286
task_id,270,arriving_time,66293.42706669371
task_id,271,arriving_time,66329.37842084114
task_id,272,arriving_time,66388.68645749445
task_id,273,arriving_time,66430.63643522514
task_id,274,arriving_time,67065.2153539051
task_id,275,arriving_time,67384.86115366637
task_id,276,arriving_time,67498.43505602442
task_id,277,arriving_time,68586.0026603257
task_id,278,arriving_time,69574.05735929184
task_id,279,arriving_time,69805.39329274357
task_id,280,arriving_time,70214.3011759097
task_id,281,arriving_time,70250.37209469917
task_id,282,arriving_time,70376.93931274171
task_id,283,arriving_time,70842.62004461604
task_id,284,arriving_time,70843.06023754227
task_id,285,arriving_time,70860.63256399399
task_id,286,arriving_time,70989.63985365895
task_id,287,arriving_time,71089.05757624967
task_id,288,arriving_time,71125.89372279731
task_id,289,arriving_time,71420.61026419299
task_id,290,arriving_time,71450.10292895742
task_id,291,arriving_time,72045.40928115135
task_id,292,arriving_time,72059.1294577777
task_id,293,arriving_time,72343.04368821204
task_id,294,arriving_time,72971.5101048379
task_id,295,arriving_time,73063.06618712745
task_id,296,arriving_time,73185.59230533024
task_id,297,arriving_time,73192.21351487383
task_id,298,arriving_time,73228.44892703832
task_id,299,arriving_time,73642.67313957462
task_id,300,arriving_time,73666.52683680109
task_id,301,arriving_time,73762.6556015476
task_id,302,arriving_time,73789.74283228297
task_id,303,arriving_time,74110.37527073498
task_id,304,arriving_time,74213.64695900859
task_id,305,arriving_time,74412.86084468708
task_id,306,arriving_time,74622.53125699502
task_id,307,arriving_time,74676.4757196268
task_id,308,arriving_time,74703.2626802206
task_id,309,arriving_time,75070.10982736178
task_id,310,arriving_time,75101.2089615211
task_id,311,arriving_time,75354.48650486565
task_id,312,arriving_time,75884.45249269501
task_id,313,arriving_time,76117.35492445092
task_id,314,arriving_time,76310.73335076339
task_id,315,arriving_time,76376.2990058799
task_id,316,arriving_time,76728.08213023904
task_id,317,arriving_time,76943.77823406251
task_id,318,arriving_time,77053.86207096087
task_id,319,arriving_time,77171.8300154837
task_id,320,arriving_time,77584.68958059694
task_id,321,arriving_time,77590.92311965753
task_id,322,arriving_time,77820.40193083166
task_id,323,arriving_time,77894.8558796751
task_id,324,arriving_time,78246.49594965053
task_id,325,arriving_time,78564.74613641044
task_id,326,arriving_time,78714.92825441575
task_id,327,arriving_time,78864.83920809317
task_id,328,arriving_time,78871.01415683661
task_id,329,arriving_time,78901.30057376194
task_id,330,arriving_time,78911.25489906603
task_id,331,arriving_time,79608.9387320428
task_id,332,arriving_time,79807.83971567982
task_id,333,arriving_time,80104.46043087383
task_id,334,arriving_time,80340.6857139154
task_id,335,arriving_time,80567.28540621673
task_id,336,arriving_time,80788.91766101986
task_id,337,arriving_time,81004.0464631166
task_id,338,arriving_time,81100.6246025554
task_id,339,arriving_time,81201.92890520829
task_id,340,arriving_time,81281.95066260148
task_id,341,arriving_time,81541.5805075615
task_id,342,arriving_time,81550.39050623371
task_id,343,arriving_time,81585.64361178763
task_id,344,arriving_time,81856.92621251984
task_id,345,arriving_time,81931.47191906974
task_id,346,arriving_time,82222.04784169563
task_id,347,arriving_time,82540.22564452297
task_id,348,arriving_time,82769.18251709371
task_id,349,arriving_time,82781.12308049893
task_id,350,arriving_time,82880.70790567264
task_id,351,arriving_time,82957.43391031538
task_id,352,arriving_time,83481.08234612866
task_id,353,arriving_time,83997.40861276683
task_id,354,arriving_time,84186.8144437096
task_id,355,arriving_time,84266.23873817563
task_id,356,arriving_time,84667.42123049567
task_id,357,arriving_time,84928.16039455023
task_id,358,arriving_time,85027.53594188618
task_id,359,arriving_time,85279.41100573944
task_id,360,arriving_time,85438.11932485292
task_id,361,arriving_time,85703.67865917509
task_id,362,arriving_time,85865.05203379017
task_id,363,arriving_time,85935.44678484285
task_id,364,arriving_time,86223.83322465338
task_id,365,arriving_time,86943.70695402121
task_id,366,arriving_time,87264.12748217737
task_id,367,arriving_time,87336.91807914853
task_id,368,arriving_time,87365.92922641085
task_id,369,arriving_time,87446.79309054092
task_id,370,arriving_time,87587.71570767465
task_id,371,arriving_time,87679.01481446983
task_id,372,arriving_time,87951.05435611252
task_id,373,arriving_time,87956.11123317425
task_id,374,arriving_time,87977.32448070573
task_id,375,arriving_time,88437.59055109028
task_id,376,arriving_time,88757.21460920435
task_id,377,arriving_time,89134.06877949061
task_id,378,arriving_time,89216.90376969585
task_id,379,arriving_time,89311.30412955408
task_id,380,arriving_time,90663.27052513463
task_id,381,arriving_time,90692.46677727991
task_id,382,arriving_time,90885.72292095647
task_id,383,arriving_time,91084.0747586795
task_id,384,arriving_time,91151.69563007315
task_id,385,arriving_time,91195.3519055498
task_id,386,arriving_time,91275.8693914551
task_id,387,arriving_time,91311.23002140052
task_id,388,arriving_time,91531.85254152726
task_id,389,arriving_time,91708.37389092387
task_id,390,arriving_time,91921.967415478
task_id,391,arriving_time,92117.01648441987
task_id,392,arriving_time,92625.56147043561
task_id,393,arriving_time,92657.12309372771
task_id,394,arriving_time,93078.11277065813
task_id,395,arriving_time,93151.5557331228
task_id,396,arriving_time,93695.63267938641
task_id,397,arriving_time,93806.65987061051
task_id,398,arriving_time,93949.42373586485
task_id,399,arriving_time,93981.57810839885
task_id,400,arriving_time,94230.26638634855
task_id,401,arriving_time,94526.50241917705
task_id,402,arriving_time,94600.73342475986
task_id,403,arriving_time,94766.02344186156
task_id,404,arriving_time,95093.60409811817
task_id,405,arriving_time,95207.59194988254
task_id,406,arriving_time,95211.08173785079
task_id,407,arriving_time,95298.0269235132
task_id,408,arriving_time,95384.58787980779
task_id,409,arriving_time,95474.20187957672
task_id,410,arriving_time,95557.30961781241
task_id,411,arriving_time,95584.65970116605
task_id,412,arriving_time,95764.09605440653
task_id,413,arriving_time,96832.42199279224
task_id,414,arriving_time,97022.52426325668
task_id,415,arriving_time,97184.56440927507
task_id,416,arriving_time,97216.66060951208
task_id,417,arriving_time,97909.50106954885
task_id,418,arriving_time,97987.76876208784
task_id,419,arriving_time,98141.19787363449
task_id,420,arriving_time,98319.2860983378
task_id,421,arriving_time,98398.09794314246
task_id,422,arriving_time,98671.661014468
task_id,423,arriving_time,98894.35475672728
task_id,424,arriving_time,98963.12856466927
task_id,425,arriving_time,99062.66634652948
task_id,426,arriving_time,99241.83457052178
task_id,427,arriving_time,99715.71986897787
task_id,428,arriving_time,100259.52687456615
task_id,429,arriving_time,100308.23976244206
task_id,430,arriving_time,100398.81422343754
task_id,431,arriving_time,100614.3978852224
task_id,432,arriving_time,100828.25960521234
task_id,433,arriving_time,101262.29688811999
task_id,434,arriving_time,101273.14117635872
task_id,435,arriving_time,101275.73287757611
task_id,436,arriving_time,101305.46918742343
task_id,437,arriving_time,101673.46831585385
task_id,438,arriving_time,102217.3204841714
task_id,439,arriving_time,102485.52501248154
task_id,440,arriving_time,102899.3453451977
task_id,441,arriving_time,102945.638443382
task_id,442,arriving_time,103134.63467833512
task_id,443,arriving_time,103865.10906710362
task_id,444,arriving_time,103937.00462648594
task_id,445,arriving_time,104182.65605253493
task_id,446,arriving_time,104283.69860430935
task_id,447,arriving_time,104540.2834697323
task_id,448,arriving_time,104776.61298149738
task_id,449,arriving_time,105217.06152040185
task_id,450,arriving_time,105594.43777826738
task_id,451,arriving_time,105772.18708357871
task_id,452,arriving_time,105824.93103468171
task_id,453,arriving_time,105953.56396166394
task_id,454,arriving_time,106586.73614763212
task_id,455,arriving_time,107002.30168485138
task_id,456,arriving_time,107794.34140793284
task_id,457,arriving_time,107898.7426929102
task_id,458,arriving_time,107919.13357722815
task_id,459,arriving_time,108507.78767893954
task_id,460,arriving_time,108643.58031241484
task_id,461,arriving_time,108680.52871077912
task_id,462,arriving_time,108689.39501283625
task_id,463,arriving_time,108998.70592817289
task_id,464,arriving_time,109186.91727689763
task_id,465,arriving_time,109482.59561658186
task_id,466,arriving_time,109813.66975117577
task_id,467,arriving_time,109904.8382302166
task_id,468,arriving_time,110019.05532981774
task_id,469,arriving_time,110090.606563712
task_id,470,arriving_time,110378.49093894465
task_id,471,arriving_time,110561.4139369083
task_id,472,arriving_time,111345.4270165764
task_id,473,arriving_time,111896.81316617766
task_id,474,arriving_time,112143.18214537356
task_id,475,arriving_time,113579.67305593078
task_id,476,arriving_time,113722.66069619509
task_id,477,arriving_time,113757.95882226333
task_id,478,arriving_time,113824.27880928168
task_id,479,arriving_time,113957.2062180836
task_id,480,arriving_time,114035.63165476319
task_id,481,arriving_time,114399.91752914104
task_id,482,arriving_time,114588.65981317707
task_id,483,arriving_time,114853.2776017036
task_id,484,arriving_time,114925.64710300208
task_id,485,arriving_time,115536.52011400223
task_id,486,arriving_time,115725.6040327668
task_id,487,arriving_time,115796.26268251697
task_id,488,arriving_time,116297.6838554102
task_id,489,arriving_time,116395.43104435714
task_id,490,arriving_time,116463.3333318822
task_id,491,arriving_time,116475.44044457443
task_id,492,arriving_time,116598.485686566
task_id,493,arriving_time,116731.45520231884
task_id,494,arriving_time,116874.5456047422
task_id,495,arriving_time,116944.95536496895
task_id,496,arriving_time,117091.26673884073
task_id,497,arriving_time,117235.56722747568
task_id,498,arriving_time,117391.08479323916
task_id,499,arriving_time,117462.69742661524
task_id,500,arriving_time,117573.89582462017
task_id,501,arriving_time,117625.07019309724
task_id,502,arriving_time,117648.15778814827
task_id,503,arriving_time,117682.38496655971
task_id,504,arriving_time,118094.10196983498
task_id,505,arriving_time,118164.84532872691
task_id,506,arriving_time,118221.56316046466
task_id,507,arriving_time,118505.17698869586
task_id,508,arriving_time,119342.30231790707
task_id,509,arriving_time,119476.78076606277
task_id,510,arriving_time,119730.66534664696
task_id,511,arriving_time,119862.87111470252
task_id,512,arriving_time,119987.42944866403
task_id,513,arriving_time,120076.12465817615
task_id,514,arriving_time,120167.30645305193
task_id,515,arriving_time,120265.15074474493
task_id,516,arriving_time,120328.45512934744
task_id,517,arriving_time,121273.76209692105
task_id,518,arriving_time,121473.36827213745
task_id,519,arriving_time,121886.73980237107
task_id,520,arriving_time,122279.66414948445
task_id,521,arriving_time,122396.24443494667
task_id,522,arriving_time,122418.20783725397
task_id,523,arriving_time,122613.1691354215
task_id,524,arriving_time,123900.52616178822
task_id,525,arriving_time,123934.13355916343
task_id,526,arriving_time,125326.87004742859
task_id,527,arriving_time,125577.43221958366
task_id,528,arriving_time,125785.53449686061
task_id,529,arriving_time,126155.52003317907
task_id,530,arriving_time,126397.49790341292
task_id,531,arriving_time,126515.48150805903
task_id,532,arriving_time,126964.3898146871
task_id,533,arriving_time,126976.05906931573
task_id,534,arriving_time,127635.77966964152
task_id,535,arriving_time,127833.06508763801
task_id,536,arriving_time,127969.21027508639
task_id,537,arriving_time,128281.42969946026
task_id,538,arriving_time,128369.15446992498
task_id,539,arriving_time,128382.36679688607
task_id,540,arriving_time,128452.81228580767
task_id,541,arriving_time,128484.20477606608
task_id,542,arriving_time,129027.65193863532
task_id,543,arriving_time,129113.63046027534
task_id,544,arriving_time,129196.36119228903
task_id,545,arriving_time,129274.99178488392
task_id,546,arriving_time,129378.25800832371
task_id,547,arriving_time,129692.13892557957
task_id,548,arriving_time,130164.15825020782
task_id,549,arriving_time,130193.4738023907
task_id,550,arriving_time,130307.98996393345
task_id,551,arriving_time,130959.80767861923
task_id,552,arriving_time,130986.23619204405
task_id,553,arriving_time,131353.35601120628
task_id,554,arriving_time,131402.10486694472
task_id,555,arriving_time,131670.38176617792
task_id,556,arriving_time,131708.29531764064
task_id,557,arriving_time,132030.9916007301
task_id,558,arriving_time,132107.80193096344
task_id,559,arriving_time,133001.07455806155
task_id,560,arriving_time,133057.48286422773
task_id,561,arriving_time,133121.75405567326
task_id,562,arriving_time,133633.1897532651
task_id,563,arriving_time,133804.6616873651
task_id,564,arriving_time,134068.43510024622
task_id,565,arriving_time,134104.87614857368
task_id,566,arriving_time,134134.3322044938
task_id,567,arriving_time,134893.24015894666
task_id,568,arriving_time,135074.41007264602
task_id,569,arriving_time,135477.17043727086
task_id,570,arriving_time,135733.29842019008
task_id,571,arriving_time,135832.86045749363
task_id,572,arriving_time,136435.5654260543
task_id,573,arriving_time,136604.0478853521
task_id,574,arriving_time,136825.60043657786
task_id,575,arriving_time,137133.54847622523
task_id,576,arriving_time,137545.5816346195
task_id,577,arriving_time,137755.2508613068
task_id,578,arriving_time,137916.76008245087
task_id,579,arriving_time,138031.88605950534
task_id,580,arriving_time,138190.125862383
task_id,581,arriving_time,138214.060543562
task_id,582,arriving_time,138324.9449212821
task_id,583,arriving_time,138326.2419767485
task_id,584,arriving_time,138695.95071192813
task_id,585,arriving_time,139280.97106439417
task_id,586,arriving_time,139451.60827688748
task_id,587,arriving_time,139612.41155727714
task_id,588,arriving_time,139909.47763710102
task_id,589,arriving_time,139909.55196333377
task_id,590,arriving_time,139996.48618839626
task_id,591,arriving_time,140016.47240651926
task_id,592,arriving_time,140060.5819529649
task_id,593,arriving_time,140137.28355499136
task_id,594,arriving_time,140234.70672588586
task_id,595,arriving_time,140466.66958712443
task_id,596,arriving_time,140479.00737409352
task_id,597,arriving_time,140533.89303811497
task_id,598,arriving_time,140577.462125889
task_id,599,arriving_time,140588.7281507323
task_id,600,arriving_time,141042.04822134285
task_id,601,arriving_time,141415.57995861684
task_id,602,arriving_time,141943.46125708046
task_id,603,arriving_time,141994.65247689938
task_id,604,arriving_time,142063.08909733733
task_id,605,arriving_time,142151.08600519202
task_id,606,arriving_time,142392.32282143197
task_id,607,arriving_time,142528.466064916
task_id,608,arriving_time,142948.17306788298
task_id,609,arriving_time,143258.1906598984
task_id,610,arriving_time,143358.00101383557
task_id,611,arriving_time,143366.0202326851
task_id,612,arriving_time,143714.5443250426
task_id,613,arriving_time,144362.64996070924
task_id,614,arriving_time,144876.19525928725
task_id,615,arriving_time,145063.872205496
task_id,616,arriving_time,145200.57477367847
task_id,617,arriving_time,145259.88827561695
task_id,618,arriving_time,145367.0387189457
task_id,619,arriving_time,145450.28932787676
task_id,620,arriving_time,145587.88062428858
task_id,621,arriving_time,145683.13575235923
task_id,622,arriving_time,146264.22103010188
task_id,623,arriving_time,146268.9216115655
task_id,624,arriving_time,146349.35172216955
task_id,625,arriving_time,146479.3629111591
task_id,626,arriving_time,146583.2392967918
task_id,627,arriving_time,146598.78120837975
task_id,628,arriving_time,146728.77360768736
task_id,629,arriving_time,147265.15277876012
task_id,630,arriving_time,147524.63663769673
task_id,631,arriving_time,147609.40457842164
task_id,632,arriving_time,148200.74085490278
task_id,633,arriving_time,148307.14767346546
task_id,634,arriving_time,148406.37427055486
task_id,635,arriving_time,148423.22565014075
task_id,636,arriving_time,148551.84275395903
task_id,637,arriving_time,148726.12950976327
task_id,638,arriving_time,148747.89331712862
task_id,639,arriving_time,148951.2592090753
task_id,640,arriving_time,149156.9132222652
task_id,641,arriving_time,149207.25202772705
task_id,642,arriving_time,149376.77318542887
task_id,643,arriving_time,149615.71783005015
task_id,644,arriving_time,149642.225856806
task_id,645,arriving_time,149970.49066147755
task_id,646,arriving_time,150152.11632460012
task_id,647,arriving_time,150617.18524988668
task_id,648,arriving_time,150909.47856173277
task_id,649,arriving_time,151816.82108289524
task_id,650,arriving_time,152065.85597757617
task_id,651,arriving_time,152155.614939615
task_id,652,arriving_time,152195.4180017743
task_id,653,arriving_time,152212.2351160239
task_id,654,arriving_time,152417.16692150038
task_id,655,arriving_time,152569.91878100878
task_id,656,arriving_time,153078.67141538748
task_id,657,arriving_time,153823.343010917
task_id,658,arriving_time,153839.54714319712
task_id,659,arriving_time,154112.66936960505
task_id,660,arriving_time,154521.69763439283
task_id,661,arriving_time,155043.5126741089
task_id,662,arriving_time,155412.3404951821
task_id,663,arriving_time,155428.7451497454
task_id,664,arriving_time,155521.2142810265
task_id,665,arriving_time,155565.7530897361
task_id,666,arriving_time,156089.8088119015
task_id,667,arriving_time,156353.70411823332
task_id,668,arriving_time,156637.023383805
task_id,669,arriving_time,156710.64042499175
task_id,670,arriving_time,156997.56525457397
task_id,671,arriving_time,157108.74667594334
task_id,672,arriving_time,157437.22708181385
task_id,673,arriving_time,157513.9826695343
task_id,674,arriving_time,157616.01561360667
task_id,675,arriving_time,157696.4169259786
task_id,676,arriving_time,157901.24900245087
task_id,677,arriving_time,157916.52577464833
task_id,678,arriving_time,158066.7770629665
task_id,679,arriving_time,158161.17801125956
task_id,680,arriving_time,158512.48483238224
task_id,681,arriving_time,158862.0821875632
task_id,682,arriving_time,159470.52461396425
task_id,683,arriving_time,159558.5799588908
task_id,684,arriving_time,159623.9693671126
task_id,685,arriving_time,159629.8550831027
task_id,686,arriving_time,159750.8803864187
task_id,687,arriving_time,159830.32083766832
task_id,688,arriving_time,159931.62052872486
task_id,689,arriving_time,160054.81871937227
task_id,690,arriving_time,160371.63344353437
task_id,691,arriving_time,160718.8865392713
task_id,692,arriving_time,160801.89449440938
task_id,693,arriving_time,160855.8335705703
task_id,694,arriving_time,161360.23619850317
task_id,695,arriving_time,161536.0865991588
task_id,696,arriving_time,161765.4001800208
task_id,697,arriving_time,162787.09488859266
task_id,698,arriving_time,162808.22739453116
task_id,699,arriving_time,162982.75804196112
task_id,700,arriving_time,163547.95201422606
task_id,701,arriving_time,163637.20748515526
task_id,702,arriving_time,163724.0161991479
task_id,703,arriving_time,163764.0894152513
task_id,704,arriving_time,164037.06692263682
task_id,705,arriving_time,164721.3732017719
task_id,706,arriving_time,165214.99637083054
task_id,707,arriving_time,165631.53101449416
task_id,708,arriving_time,165639.65389142785
task_id,709,arriving_time,166208.89345473272
task_id,710,arriving_time,167173.32567365002
task_id,711,arriving_time,167309.67393481077
task_id,712,arriving_time,168086.55440210213
task_id,713,arriving_time,168291.43086241637
task_id,714,arriving_time,168377.2963795653
task_id,715,arriving_time,168393.8819558262
task_id,716,arriving_time,168433.66274367328
task_id,717,arriving_time,168619.16387719705
task_id,718,arriving_time,169121.72926588287
task_id,719,arriving_time,169189.83282417577
task_id,720,arriving_time,169401.2625795277
task_id,721,arriving_time,169514.8804013891
task_id,722,arriving_time,169643.28060905548
task_id,723,arriving_time,170115.45603820833
task_id,724,arriving_time,170261.80490763034
task_id,725,arriving_time,170328.79170107807
task_id,726,arriving_time,170501.20545706965
task_id,727,arriving_time,170644.80820897175
task_id,728,arriving_time,171139.76227136873
task_id,729,arriving_time,171172.2545461901
task_id,730,arriving_time,171714.63056649704
task_id,731,arriving_time,171837.5551154391
task_id,732,arriving_time,171958.8661639628
task_id,733,arriving_time,172134.7288567312
task_id,734,arriving_time,172317.7343937114
task_id,735,arriving_time,173327.15005011886
task_id,736,arriving_time,173392.2524374897
task_id,737,arriving_time,173420.23802520736
task_id,738,arriving_time,173553.61817258273
task_id,739,arriving_time,173570.46924085834
task_id,740,arriving_time,173582.0175482867
task_id,741,arriving_time,173770.85982186746
task_id,742,arriving_time,174536.6199813814
task_id,743,arriving_time,175496.38889374226
task_id,744,arriving_time,175530.02634092388
task_id,745,arriving_time,175881.8938300398
task_id,746,arriving_time,175937.41910672144
task_id,747,arriving_time,175990.39753262338
task_id,748,arriving_time,176164.7564423046
task_id,749,arriving_time,176170.41034823167
task_id,750,arriving_time,176316.2125826379
task_id,751,arriving_time,176331.98600315396
task_id,752,arriving_time,177135.81913943705
task_id,753,arriving_time,177188.9558662726
task_id,754,arriving_time,177520.0213126134
task_id,755,arriving_time,177797.49796373435
task_id,756,arriving_time,178167.09972637377
task_id,757,arriving_time,178204.8192198827
task_id,758,arriving_time,178572.627883097
task_id,759,arriving_time,178902.32775914582
task_id,760,arriving_time,178922.68258090643
task_id,761,arriving_time,178938.09295678363
task_id,762,arriving_time,178952.3315922674
task_id,763,arriving_time,179389.8712727293
task_id,764,arriving_time,179392.5437539997
task_id,765,arriving_time,179513.02990435745
task_id,766,arriving_time,179649.4232436634
task_id,767,arriving_time,179721.10964188914
task_id,768,arriving_time,180127.80349765538
task_id,769,arriving_time,180130.74439358062
task_id,770,arriving_time,180191.20380836038
task_id,771,arriving_time,180297.90811100166
task_id,772,arriving_time,180763.38523685752
task_id,773,arriving_time,180792.3723929589
task_id,774,arriving_time,180844.29085204107
task_id,775,arriving_time,180848.0464676597
task_id,776,arriving_time,181266.88704207668
task_id,777,arriving_time,182144.81188278872
task_id,778,arriving_time,182570.1600815488
task_id,779,arriving_time,182922.91944469226
task_id,780,arriving_time,183007.6882431013
task_id,781,arriving_time,183464.74789146415
task_id,782,arriving_time,183625.65293959217
task_id,783,arriving_time,183790.08289367842
task_id,784,arriving_time,184204.7518787404
task_id,785,arriving_time,184436.98211268632
task_id,786,arriving_time,184448.04833544136
task_id,787,arriving_time,184648.78744853238
task_id,788,arriving_time,184784.9039753882
task_id,789,arriving_time,185664.02661123313
task_id,790,arriving_time,185795.09232726
task_id,791,arriving_time,186106.41212735698
task_id,792,arriving_time,186127.15301130887
task_id,793,arriving_time,186281.90224601005
task_id,794,arriving_time,186316.16091014055
task_id,795,arriving_time,186426.75799850177
task_id,796,arriving_time,186614.33414878315
task_id,797,arriving_time,186761.1445543856
task_id,798,arriving_time,186853.67907915867
task_id,799,arriving_time,186962.72967926352
task_id,800,arriving_time,186997.2219923304
task_id,801,arriving_time,187604.96988994104
task_id,802,arriving_time,187725.6484879661
task_id,803,arriving_time,188383.40070028388
task_id,804,arriving_time,188428.9590836423
task_id,805,arriving_time,188543.17333794976
task_id,806,arriving_time,189330.95928245236
task_id,807,arriving_time,189531.39346440503
task_id,808,arriving_time,189960.9564986298
task_id,809,arriving_time,191183.19807412606
task_id,810,arriving_time,191722.19770256933
task_id,811,arriving_time,191845.7283672443
task_id,812,arriving_time,192141.85016633163
task_id,813,arriving_time,192223.93641779668
task_id,814,arriving_time,192651.1271975552
task_id,815,arriving_time,192746.54421310773
task_id,816,arriving_time,192901.3675163228
task_id,817,arriving_time,192970.1334907719
task_id,818,arriving_time,192998.04222332913
task_id,819,arriving_time,193015.58948252266
task_id,820,arriving_time,193229.00800048735
task_id,821,arriving_time,193391.04317124796
task_id,822,arriving_time,193464.09423767726
task_id,823,arriving_time,193660.4067573733
task_id,824,arriving_time,193698.49847133225
task_id,825,arriving_time,194211.67840327046
task_id,826,arriving_time,194333.23128652052
task_id,827,arriving_time,194937.48701543556
task_id,828,arriving_time,195119.24694578335
task_id,829,arriving_time,195121.95969066955
task_id,830,arriving_time,195138.8344453309
task_id,831,arriving_time,195278.33310680083
task_id,832,arriving_time,195814.27676190058
task_id,833,arriving_time,195915.46485660135
task_id,834,arriving_time,196157.1517540652
task_id,835,arriving_time,196298.32636815752
task_id,836,arriving_time,196573.42355558337
task_id,837,arriving_time,196616.38809280834
task_id,838,arriving_time,197126.82076614292
task_id,839,arriving_time,197167.7064170645
task_id,840,arriving_time,197261.76388683554
task_id,841,arriving_time,197696.55536318314
task_id,842,arriving_time,197760.57628178113
task_id,843,arriving_time,197934.48558474836
task_id,844,arriving_time,198307.75605191258
task_id,845,arriving_time,198817.87796982724
task_id,846,arriving_time,198928.02203408146
task_id,847,arriving_time,199071.11108411098
task_id,848,arriving_time,199308.7394073731
task_id,849,arriving_time,199397.63993304296
task_id,850,arriving_time,199479.29961986575
task_id,851,arriving_time,199509.62293106588
task_id,852,arriving_time,199575.28142114333
task_id,853,arriving_time,200106.95271819213
task_id,854,arriving_time,200155.25557278737
task_id,855,arriving_time,200180.10526159927
task_id,856,arriving_time,200223.31947369216
task_id,857,arriving_time,200610.80655605954
task_id,858,arriving_time,200993.51147238142
task_id,859,arriving_time,201323.13384966884
task_id,860,arriving_time,201674.40094523257
task_id,861,arriving_time,201782.3231530179
task_id,862,arriving_time,201826.737787112
task_id,863,arriving_time,201862.6474576869
task_id,864,arriving_time,201879.40412682676
task_id,865,arriving_time,201906.33209403194
task_id,866,arriving_time,202080.03892329542
task_id,867,arriving_time,202129.98582073377
task_id,868,arriving_time,202134.03533826311
task_id,869,arriving_time,202198.65542517995
task_id,870,arriving_time,202486.78104373586
task_id,871,arriving_time,202493.13889223395
task_id,872,arriving_time,202512.70259316982
task_id,873,arriving_time,202716.30304585205
task_id,874,arriving_time,203166.31536033776
task_id,875,arriving_time,204209.41092792948
task_id,876,arriving_time,204493.61839786143
task_id,877,arriving_time,204642.21290956807
task_id,878,arriving_time,204724.27511432834
task_id,879,arriving_time,204806.84325766345
task_id,880,arriving_time,205005.19748726048
task_id,881,arriving_time,205301.52009154262
task_id,882,arriving_time,205712.99665365447
task_id,883,arriving_time,205780.02227067546
task_id,884,arriving_time,205942.68478229715
task_id,885,arriving_time,206003.97223088233
task_id,886,arriving_time,206168.26067972145
task_id,887,arriving_time,206595.09927191533
task_id,888,arriving_time,207518.76282978593
task_id,889,arriving_time,207603.02889896938
task_id,890,arriving_time,208289.61297882028
task_id,891,arriving_time,208294.19101853488
task_id,892,arriving_time,208461.3709803935
task_id,893,arriving_time,208567.28437855007
task_id,894,arriving_time,208822.9292233764
task_id,895,arriving_time,208858.2371215154
task_id,896,arriving_time,209614.1516993404
task_id,897,arriving_time,209742.143152591
task_id,898,arriving_time,209835.76966569625
task_id,899,arriving_time,209838.02478709706
task_id,900,arriving_time,210017.0403122135
task_id,901,arriving_time,210148.2199383796
task_id,902,arriving_time,210387.91493323914
task_id,903,arriving_time,210495.86741082516
task_id,904,arriving_time,210626.0266514051
task_id,905,arriving_time,210837.67239287225
task_id,906,arriving_time,211271.92426487882
task_id,907,arriving_time,211482.2093480585
task_id,908,arriving_time,211787.99703557964
task_id,909,arriving_time,212220.4366172026
task_id,910,arriving_time,212615.02169036085
task_id,911,arriving_time,212987.30045681924
task_id,912,arriving_time,213562.96587670955
task_id,913,arriving_time,214015.89791351027
task_id,914,arriving_time,214104.5194553485
task_id,915,arriving_time,214215.011198677
task_id,916,arriving_time,214240.3951478727
task_id,917,arriving_time,214633.72626265194
task_id,918,arriving_time,214778.7615970312
task_id,919,arriving_time,214978.18090912074
task_id,920,arriving_time,215688.12657468877
task_id,921,arriving_time,215798.6468563575
task_id,922,arriving_time,216450.65575217392
task_id,923,arriving_time,216516.03108928085
task_id,924,arriving_time,216673.8681173028
task_id,925,arriving_time,216917.08314023065
task_id,926,arriving_time,217323.0874900621
task_id,927,arriving_time,217585.75963275938
task_id,928,arriving_time,217992.50809304204
task_id,929,arriving_time,218008.53050953845
task_id,930,arriving_time,218082.07297378016
task_id,931,arriving_time,218155.63080873303
task_id,932,arriving_time,218261.58709424097
task_id,933,arriving_time,218320.50906229654
task_id,934,arriving_time,218458.42622107934
task_id,935,arriving_time,218614.3432899606
task_id,936,arriving_time,218948.32272351635
task_id,937,arriving_time,219166.81671943964
task_id,938,arriving_time,219424.14816499435
task_id,939,arriving_time,219729.00138856488
task_id,940,arriving_time,219779.3254430046
task_id,941,arriving_time,219780.37177650214
task_id,942,arriving_time,219850.18925888132
task_id,943,arriving_time,220037.99078193502
task_id,944,arriving_time,220229.34369219257
task_id,945,arriving_time,220250.6088153337
task_id,946,arriving_time,220435.54705621896
task_id,947,arriving_time,220628.18324525122
task_id,948,arriving_time,220740.45241847206
task_id,949,arriving_time,221052.94193719697
task_id,950,arriving_time,221729.5537807577
task_id,951,arriving_time,221754.12096869794
task_id,952,arriving_time,221787.57943975527
task_id,953,arriving_time,221835.71997852362
task_id,954,arriving_time,222283.78076636055
task_id,955,arriving_time,222327.45914184971
task_id,956,arriving_time,222914.0889379034
task_id,957,arriving_time,223116.91525109392
task_id,958,arriving_time,223319.5818286284
task_id,959,arriving_time,223465.72969332777
task_id,960,arriving_time,224009.10678609757
task_id,961,arriving_time,224322.29176293316
task_id,962,arriving_time,224427.42051576477
task_id,963,arriving_time,224443.86854756493
task_id,964,arriving_time,224495.0575229136
task_id,965,arriving_time,224690.2833722739
task_id,966,arriving_time,224955.36305675094
task_id,967,arriving_time,225099.3427382828
task_id,968,arriving_time,225247.12344708818
task_id,969,arriving_time,226359.64933255306
task_id,970,arriving_time,226860.65034397866
task_id,971,arriving_time,226985.6648136001
task_id,972,arriving_time,227357.0717479825
task_id,973,arriving_time,227703.10563314176
task_id,974,arriving_time,227847.65195592967
task_id,975,arriving_time,227871.11570707412
task_id,976,arriving_time,228134.5877448323
task_id,977,arriving_time,228591.1206763865
task_id,978,arriving_time,228658.4409319905
task_id,979,arriving_time,228955.3101271974
task_id,980,arriving_time,229077.20506049597
task_id,981,arriving_time,229123.14686382544
task_id,982,arriving_time,229167.91842903846
task_id,983,arriving_time,229209.01225432364
task_id,984,arriving_time,229408.67945937646
task_id,985,arriving_time,229530.24046556698
task_id,986,arriving_time,229750.4819374515
task_id,987,arriving_time,229940.64323351436
task_id,988,arriving_time,229965.95069431807
task_id,989,arriving_time,230272.3027097404
task_id,990,arriving_time,230348.21871517264
task_id,991,arriving_time,230499.9343754491
task_id,992,arriving_time,231088.735074848
task_id,993,arriving_time,231937.29738026022
task_id,994,arriving_time,231962.8876287566
task_id,995,arriving_time,232742.97819861685
task_id,996,arriving_time,233081.47815246033
task_id,997,arriving_time,233553.2816375069
task_id,998,arriving_time,233624.9476196226
task_id,999,arriving_time,233681.05264244412
taskid,0,start_time,312.6753838073729
taskid,1,start_time,504.4063584134274
taskid,2,start_time,891.9003833612207
taskid,3,start_time,955.3399855486797
taskid,4,start_time,1306.4491291121385
taskid,5,start_time,1381.1194772742867
taskid,6,start_time,1569.5975049433534
taskid,7,start_time,2123.408055796179
taskid,8,start_time,2335.7787518247274
taskid,9,start_time,2575.603702602904
taskid,10,start_time,3238.2692915024854
taskid,11,start_time,3499.8727203590583
taskid,12,start_time,3645.847433044039
taskid,13,start_time,4218.348117795197
taskid,14,start_time,4332.210841710112
taskid,15,start_time,4445.166057342225
taskid,16,start_time,4479.8201088470105
taskid,17,start_time,4979.038144492977
taskid,18,start_time,5117.778293093103
taskid,19,start_time,5292.300336161422
taskid,20,start_time,5562.957625471429
taskid,21,start_time,5616.053501307438
taskid,22,start_time,5633.86333004471
taskid,23,start_time,5635.313235402235
taskid,24,start_time,5671.324224097926
taskid,11,finish_time,5701.222281708274
taskid,25,start_time,5721.981911965298
taskid,26,start_time,5829.161889234402
taskid,14,finish_time,6075.919713760168
taskid,27,start_time,6100.784106463395
taskid,28,start_time,6312.587847396709
taskid,29,start_time,6325.8910939965435
taskid,18,finish_time,6486.759712212457
taskid,16,finish_time,6518.7915949156795
taskid,30,start_time,6605.459669009156
taskid,31,start_time,6715.7784268408095
taskid,32,start_time,6783.111954089094
taskid,33,start_time,6797.268131583483
taskid,34,start_time,6887.87661541528
taskid,35,start_time,7005.64111156472
taskid,17,finish_time,7037.098453684619
taskid,24,finish_time,7468.4823880420945
taskid,29,finish_time,7632.6030063149765
taskid,36,start_time,8118.231132386698
taskid,37,start_time,8120.302054967051
taskid,38,start_time,8336.975024406682
taskid,28,finish_time,8347.932143829423
taskid,26,finish_time,8371.503227888976
taskid,39,start_time,8562.0480394928
taskid,40,start_time,8563.541263580591
taskid,41,start_time,8624.501175352749
taskid,42,start_time,8660.812022731394
taskid,43,start_time,8707.808890214608
taskid,15,finish_time,8909.708306164437
taskid,6,finish_time,8937.570075219837
taskid,9,finish_time,9140.556277973243
taskid,34,finish_time,9356.704271149483
taskid,44,start_time,9489.640187314742
taskid,33,finish_time,9575.870691260985
taskid,21,finish_time,9576.0410586855
taskid,45,start_time,9577.003745283362
taskid,35,finish_time,9909.584308700072
taskid,46,start_time,9965.322177359332
taskid,47,start_time,10274.973679586716
taskid,48,start_time,10321.95109090893
taskid,49,start_time,10726.577486091239
taskid,36,finish_time,10805.288669333257
taskid,50,start_time,10957.845796340724
taskid,22,finish_time,11114.255283580997
taskid,39,finish_time,11385.919396660282
taskid,42,finish_time,11394.594918920871
taskid,41,finish_time,11499.048675791988
taskid,47,finish_time,11588.564996708707
taskid,51,start_time,11659.307069551374
taskid,40,finish_time,11701.29424227407
taskid,13,finish_time,11703.126467083588
taskid,52,start_time,11862.944125591823
taskid,43,finish_time,12014.445298301078
taskid,44,finish_time,12131.776549579534
taskid,53,start_time,12197.121702276183
taskid,54,start_time,12268.359682214686
taskid,55,start_time,12504.81460105641
taskid,46,finish_time,12649.613108587284
taskid,56,start_time,12811.896008630873
taskid,57,start_time,12863.610825846126
taskid,45,finish_time,12893.106324437229
taskid,58,start_time,12925.972474524471
taskid,59,start_time,12957.903736706017
taskid,60,start_time,13364.932459763153
taskid,48,finish_time,13408.794177079704
taskid,61,start_time,13420.599206242045
taskid,49,finish_time,13427.109185521633
taskid,52,finish_time,13558.24033322133
taskid,62,start_time,13649.355106186482
taskid,63,start_time,13725.188211756646
taskid,30,finish_time,13983.840193809503
taskid,31,finish_time,13998.37872010626
taskid,64,start_time,14254.794956341464
taskid,50,finish_time,14335.52265067622
taskid,65,start_time,14348.53485204113
taskid,54,finish_time,14393.694163384862
taskid,53,finish_time,14499.86554037063
taskid,66,start_time,14582.938868147832
taskid,67,start_time,14691.785043802221
taskid,51,finish_time,14751.597916363477
taskid,68,start_time,14863.586119890742
taskid,32,finish_time,14945.565577778667
taskid,37,finish_time,14986.720405230253
taskid,61,finish_time,15021.820493358595
taskid,69,start_time,15413.735627875902
taskid,64,finish_time,15808.140050764194
taskid,70,start_time,15868.079622845911
taskid,71,start_time,15891.169713217692
taskid,72,start_time,15944.435933369557
taskid,73,start_time,15964.474118773049
taskid,74,start_time,16153.590499032605
taskid,62,finish_time,16363.94419496633
taskid,75,start_time,16533.511791732188
taskid,63,finish_time,16622.715319521427
taskid,5,finish_time,16722.383336048562
taskid,38,finish_time,16907.603747235637
taskid,67,finish_time,17000.495041418937
taskid,76,start_time,17108.88984614629
taskid,27,finish_time,17431.054277677085
taskid,77,start_time,17582.394250282734
taskid,66,finish_time,17623.087400877972
taskid,78,start_time,17643.879973532272
taskid,69,finish_time,17744.873013022334
taskid,79,start_time,17836.065993476575
taskid,68,finish_time,17861.93392922758
taskid,25,finish_time,17867.23064623442
taskid,80,start_time,18141.56821018346
taskid,60,finish_time,18205.921062143276
taskid,81,start_time,18232.767452238946
taskid,82,start_time,18295.14826552089
taskid,83,start_time,19068.68619396445
taskid,59,finish_time,19284.0302652446
taskid,77,finish_time,19287.31845312995
taskid,55,finish_time,19292.782639735186
taskid,79,finish_time,19524.91400269572
taskid,58,finish_time,19757.613769575128
taskid,75,finish_time,20035.604997306935
taskid,73,finish_time,20248.64838645188
taskid,84,start_time,20495.21745390845
taskid,85,start_time,20610.817197329165
taskid,86,start_time,20817.9372462624
taskid,56,finish_time,20827.524726662803
taskid,87,start_time,20898.452158019194
taskid,83,finish_time,21080.981356202967
taskid,88,start_time,21439.438328147062
taskid,72,finish_time,22149.62302957806
taskid,89,start_time,22231.36653831758
taskid,84,finish_time,22232.514938929533
taskid,90,start_time,22407.259633420683
taskid,91,start_time,22426.77320872622
taskid,92,start_time,22615.46693520197
taskid,81,finish_time,22626.33907473784
taskid,78,finish_time,22674.453517508588
taskid,93,start_time,22991.918837432135
taskid,94,start_time,23441.50206707941
taskid,95,start_time,23939.495211013284
taskid,96,start_time,23982.504491032163
taskid,97,start_time,24052.208821417884
taskid,90,finish_time,24175.6719164412
taskid,98,start_time,24422.13773827148
taskid,99,start_time,24443.668475803814
taskid,100,start_time,24776.041586379804
taskid,101,start_time,24822.034561483597
taskid,2,finish_time,25002.739256593788
taskid,102,start_time,25394.387283956916
taskid,65,finish_time,25547.391369899135
taskid,97,finish_time,25623.028545831094
taskid,70,finish_time,26013.80715693905
taskid,93,finish_time,26397.22358652693
taskid,103,start_time,26656.095759016003
taskid,104,start_time,26849.12109701274
taskid,74,finish_time,26968.85950186074
taskid,105,start_time,27014.99543821869
taskid,106,start_time,27071.983787829075
taskid,107,start_time,27648.164622906337
taskid,108,start_time,27848.796679796742
taskid,109,start_time,27884.332291618728
taskid,110,start_time,27919.83785392006
taskid,111,start_time,27994.79588650729
taskid,112,start_time,28041.297061722184
taskid,113,start_time,28237.83688364425
taskid,92,finish_time,28402.143035072717
taskid,114,start_time,28559.55530067382
taskid,115,start_time,29072.039744903217
taskid,116,start_time,29437.86822204065
taskid,117,start_time,29849.699953578263
taskid,118,start_time,29866.914343111428
taskid,119,start_time,30705.29698701892
taskid,120,start_time,30721.807583039637
taskid,121,start_time,30785.038307043906
taskid,122,start_time,30855.495502313628
taskid,99,finish_time,30860.62162151573
taskid,117,finish_time,31333.532294810855
taskid,123,start_time,31346.3690309453
taskid,116,finish_time,31593.762570164854
taskid,124,start_time,31619.01032037064
taskid,125,start_time,31627.23066360908
taskid,126,start_time,31638.357518378212
taskid,127,start_time,31685.020157737334
taskid,128,start_time,31750.273373669857
taskid,118,finish_time,32030.869789240685
taskid,121,finish_time,32310.38800325252
taskid,71,finish_time,32326.068763263876
taskid,119,finish_time,32410.80437617762
taskid,129,start_time,32532.29337928603
taskid,120,finish_time,32580.999123034027
taskid,122,finish_time,32794.049187419645
taskid,126,finish_time,32844.05967692379
taskid,130,start_time,32880.32593776644
taskid,131,start_time,32945.347830090104
taskid,132,start_time,32980.73571131815
taskid,125,finish_time,33184.66868751806
taskid,128,finish_time,33320.31897948288
taskid,123,finish_time,33347.040381467894
taskid,3,finish_time,33378.04397465376
taskid,133,start_time,33407.72652034674
taskid,134,start_time,33448.89452124282
taskid,135,start_time,34124.969889900996
taskid,136,start_time,34197.75079740549
taskid,114,finish_time,34257.19258474359
taskid,109,finish_time,34284.30573388172
taskid,137,start_time,34296.40242972777
taskid,104,finish_time,34526.73676520889
taskid,129,finish_time,34531.05741288469
taskid,130,finish_time,34789.94636709712
taskid,138,start_time,34844.15428477594
taskid,127,finish_time,35030.57476650599
taskid,139,start_time,35115.79555080452
taskid,140,start_time,35154.68253429084
taskid,141,start_time,35313.59495183665
taskid,112,finish_time,35324.139402181165
taskid,12,finish_time,35522.36735904212
taskid,142,start_time,35638.49500806493
taskid,143,start_time,35816.11507656605
taskid,144,start_time,35948.579999654445
taskid,145,start_time,36007.702437984546
taskid,146,start_time,36365.65757750476
taskid,138,finish_time,36417.502056225785
taskid,147,start_time,36660.66365901915
taskid,144,finish_time,37221.57370568593
taskid,148,start_time,37715.18702849937
taskid,94,finish_time,37740.648674703436
taskid,91,finish_time,37759.88194996502
taskid,146,finish_time,37807.3063545103
taskid,149,start_time,37947.864213831956
taskid,150,start_time,37993.988253139
taskid,140,finish_time,38105.93110848953
taskid,151,start_time,38199.75684332059
taskid,101,finish_time,38233.034591834905
taskid,152,start_time,38404.57768438706
taskid,153,start_time,38441.10695293383
taskid,154,start_time,38554.1860915174
taskid,85,finish_time,38556.599813573004
taskid,155,start_time,39009.811264109725
taskid,156,start_time,39098.43564740793
taskid,150,finish_time,39539.5789227375
taskid,157,start_time,39594.3628927897
taskid,158,start_time,39710.596380763105
taskid,133,finish_time,39720.42791439043
taskid,159,start_time,40071.83586435079
taskid,160,start_time,40102.25753645269
taskid,161,start_time,40346.197239042776
taskid,151,finish_time,40348.313114055505
taskid,162,start_time,40443.500543212656
taskid,163,start_time,40541.7158165352
taskid,149,finish_time,40593.543717232445
taskid,107,finish_time,40610.83347944246
taskid,145,finish_time,40908.526847986424
taskid,164,start_time,41020.637446810586
taskid,165,start_time,41345.62234721416
taskid,166,start_time,41407.20419979202
taskid,167,start_time,41433.331305678614
taskid,159,finish_time,41655.45822223531
taskid,168,start_time,41655.45822223531
taskid,161,finish_time,41941.91800443452
taskid,158,finish_time,42514.721737389205
taskid,162,finish_time,43180.627278443506
taskid,167,finish_time,43414.10365655454
taskid,108,finish_time,43627.53955746244
taskid,169,start_time,43627.53955746244
taskid,110,finish_time,44407.254007769596
taskid,170,start_time,44407.254007769596
taskid,171,start_time,44407.254007769596
taskid,172,start_time,44407.254007769596
taskid,148,finish_time,44913.63739769937
taskid,166,finish_time,45544.88269776432
taskid,136,finish_time,45917.11466976942
taskid,173,start_time,45917.11466976942
taskid,142,finish_time,45984.20880296231
taskid,174,start_time,45984.20880296231
taskid,175,start_time,45984.20880296231
taskid,176,start_time,45984.20880296231
taskid,177,start_time,45984.20880296231
taskid,172,finish_time,46154.35701643903
taskid,155,finish_time,46296.40682378928
taskid,178,start_time,46296.40682378928
taskid,171,finish_time,46474.56913639479
taskid,163,finish_time,46784.16924190779
taskid,175,finish_time,47297.0100790033
taskid,177,finish_time,47579.714514395964
taskid,164,finish_time,47777.34587915679
taskid,134,finish_time,47867.873128345294
taskid,179,start_time,47867.873128345294
taskid,176,finish_time,48166.61791395876
taskid,180,start_time,48166.61791395876
taskid,156,finish_time,48237.78994893596
taskid,113,finish_time,48241.44107246907
taskid,181,start_time,48241.44107246907
taskid,135,finish_time,48796.270691832855
taskid,157,finish_time,48964.40786199594
taskid,182,start_time,48964.40786199594
taskid,153,finish_time,49659.60944189759
taskid,183,start_time,49659.60944189759
taskid,147,finish_time,50315.66397021224
taskid,184,start_time,50315.66397021224
taskid,174,finish_time,51774.81573368277
taskid,185,start_time,51774.81573368277
taskid,139,finish_time,52096.3534446628
taskid,186,start_time,52096.3534446628
taskid,187,start_time,52096.3534446628
taskid,188,start_time,52096.3534446628
taskid,189,start_time,52096.3534446628
taskid,190,start_time,52096.3534446628
taskid,191,start_time,52096.3534446628
taskid,192,start_time,52096.3534446628
taskid,111,finish_time,52191.3140435171
taskid,193,start_time,52191.3140435171
taskid,194,start_time,52191.3140435171
taskid,137,finish_time,52331.69297549614
taskid,185,finish_time,52850.32088920394
taskid,179,finish_time,53120.70212432704
taskid,195,start_time,53120.70212432704
taskid,190,finish_time,53285.76969016654
taskid,82,finish_time,53702.002814741165
taskid,196,start_time,53702.002814741165
taskid,197,start_time,53702.002814741165
taskid,124,finish_time,53789.24568308728
taskid,198,start_time,53789.24568308728
taskid,189,finish_time,54175.498268637726
taskid,191,finish_time,54179.679268708765
taskid,180,finish_time,54431.400577043154
taskid,199,start_time,54431.400577043154
taskid,187,finish_time,54710.35199970689
taskid,192,finish_time,55136.69257775827
taskid,195,finish_time,55165.30764947599
taskid,200,start_time,55165.30764947599
taskid,201,start_time,55165.30764947599
taskid,202,start_time,55165.30764947599
taskid,188,finish_time,55274.53932142138
taskid,203,start_time,55274.53932142138
taskid,184,finish_time,55348.56054576759
taskid,204,start_time,55348.56054576759
taskid,186,finish_time,57766.79858778492
taskid,205,start_time,57766.79858778492
taskid,102,finish_time,58228.456784504204
taskid,182,finish_time,58359.77843474894
taskid,206,start_time,58359.77843474894
taskid,207,start_time,58359.77843474894
taskid,197,finish_time,58810.04020766186
taskid,202,finish_time,58817.93236503564
taskid,208,start_time,58817.93236503564
taskid,131,finish_time,58986.74213467268
taskid,209,start_time,58986.74213467268
taskid,204,finish_time,59024.13625294493
taskid,210,start_time,59024.13625294493
taskid,103,finish_time,59130.91802415974
taskid,211,start_time,59130.91802415974
taskid,205,finish_time,59227.174793711434
taskid,105,finish_time,59415.20205483977
taskid,212,start_time,59415.20205483977
taskid,213,start_time,59415.20205483977
taskid,206,finish_time,60215.21558838368
taskid,214,start_time,60215.21558838368
taskid,215,start_time,60215.21558838368
taskid,216,start_time,60215.21558838368
taskid,207,finish_time,60279.51762326541
taskid,106,finish_time,60345.46183508171
taskid,217,start_time,60345.46183508171
taskid,210,finish_time,60658.08388467483
taskid,209,finish_time,61018.24723842043
taskid,218,start_time,61018.24723842043
taskid,219,start_time,61018.24723842043
taskid,193,finish_time,62343.00383716842
taskid,203,finish_time,62778.36351516364
taskid,211,finish_time,62808.98250026219
taskid,165,finish_time,63088.767645306
taskid,220,start_time,63088.767645306
taskid,221,start_time,63088.767645306
taskid,213,finish_time,64120.102780516405
taskid,222,start_time,64120.102780516405
taskid,115,finish_time,64287.83801837826
taskid,223,start_time,64287.83801837826
taskid,216,finish_time,64386.202059964155
taskid,183,finish_time,64388.629224064534
taskid,224,start_time,64388.629224064534
taskid,219,finish_time,64576.72003092192
taskid,198,finish_time,66159.92317990368
taskid,225,start_time,66159.92317990368
taskid,222,finish_time,66901.76538811608
taskid,221,finish_time,66927.19195830997
taskid,223,finish_time,69042.65115150849
taskid,226,start_time,69042.65115150849
taskid,227,start_time,69042.65115150849
taskid,224,finish_time,69699.5205489067
taskid,228,start_time,69699.5205489067
taskid,229,start_time,69699.5205489067
taskid,230,start_time,69699.5205489067
taskid,231,start_time,69699.5205489067
taskid,232,start_time,69699.5205489067
taskid,226,finish_time,70243.55345027945
taskid,233,start_time,70243.55345027945
taskid,234,start_time,70243.55345027945
taskid,235,start_time,70243.55345027945
taskid,236,start_time,70243.55345027945
taskid,237,start_time,70243.55345027945
taskid,98,finish_time,70297.99184791472
taskid,238,start_time,70297.99184791472
taskid,239,start_time,70297.99184791472
taskid,240,start_time,70297.99184791472
taskid,241,start_time,70297.99184791472
taskid,242,start_time,70297.99184791472
taskid,243,start_time,70297.99184791472
taskid,244,start_time,70297.99184791472
taskid,245,start_time,70297.99184791472
taskid,246,start_time,70297.99184791472
taskid,247,start_time,70297.99184791472
taskid,199,finish_time,70465.49910016665
taskid,248,start_time,70465.49910016665
taskid,249,start_time,70465.49910016665
taskid,250,start_time,70465.49910016665
taskid,251,start_time,70465.49910016665
taskid,252,start_time,70465.49910016665
taskid,196,finish_time,71161.36451938614
taskid,253,start_time,71161.36451938614
taskid,254,start_time,71161.36451938614
taskid,255,start_time,71161.36451938614
taskid,256,start_time,71161.36451938614
taskid,257,start_time,71161.36451938614
taskid,230,finish_time,71185.4756677472
taskid,258,start_time,71185.4756677472
taskid,240,finish_time,71397.61648626668
taskid,259,start_time,71397.61648626668
taskid,229,finish_time,71426.96810852573
taskid,260,start_time,71426.96810852573
taskid,239,finish_time,71558.15399171323
taskid,261,start_time,71558.15399171323
taskid,243,finish_time,71574.93354669456
taskid,232,finish_time,71604.45850666187
taskid,238,finish_time,71614.35924630427
taskid,247,finish_time,71662.7583390888
taskid,242,finish_time,71716.32986378671
taskid,235,finish_time,71844.55023418633
taskid,236,finish_time,72086.19689305242
taskid,237,finish_time,72531.64816826321
taskid,262,start_time,72531.64816826321
taskid,260,finish_time,72615.38344748519
taskid,263,start_time,72615.38344748519
taskid,244,finish_time,72709.55404839657
taskid,264,start_time,72709.55404839657
taskid,257,finish_time,73009.74118480127
taskid,265,start_time,73009.74118480127
taskid,168,finish_time,73183.00609216577
taskid,266,start_time,73183.00609216577
taskid,267,start_time,73183.00609216577
taskid,255,finish_time,73292.58440098335
taskid,231,finish_time,73560.30554823152
taskid,268,start_time,73560.30554823152
taskid,261,finish_time,73767.43851464421
taskid,267,finish_time,74361.29842582394
taskid,228,finish_time,74776.38492351264
taskid,259,finish_time,74888.64840747444
taskid,160,finish_time,74889.27739743548
taskid,269,start_time,74889.27739743548
taskid,270,start_time,74889.27739743548
taskid,271,start_time,74889.27739743548
taskid,272,start_time,74889.27739743548
taskid,273,start_time,74889.27739743548
taskid,264,finish_time,74908.99413071068
taskid,274,start_time,74908.99413071068
taskid,266,finish_time,75034.02781742439
taskid,275,start_time,75034.02781742439
taskid,265,finish_time,75301.26482735056
taskid,276,start_time,75301.26482735056
taskid,268,finish_time,75329.0377681395
taskid,277,start_time,75329.0377681395
taskid,263,finish_time,75360.55384771313
taskid,278,start_time,75360.55384771313
taskid,270,finish_time,76640.83633677624
taskid,279,start_time,76640.83633677624
taskid,276,finish_time,76893.11230115392
taskid,280,start_time,76893.11230115392
taskid,269,finish_time,77032.47738408766
taskid,220,finish_time,77419.35857258586
taskid,281,start_time,77419.35857258586
taskid,282,start_time,77419.35857258586
taskid,233,finish_time,77508.45193345712
taskid,275,finish_time,78472.40830017446
taskid,262,finish_time,78567.69528423045
taskid,283,start_time,78567.69528423045
taskid,284,start_time,78567.69528423045
taskid,280,finish_time,78792.03043957156
taskid,178,finish_time,79007.40446929327
taskid,277,finish_time,79112.59654674836
taskid,282,finish_time,79118.23923684855
taskid,252,finish_time,79246.10071151548
taskid,281,finish_time,79922.0713635672
taskid,285,start_time,79922.0713635672
taskid,286,start_time,79922.0713635672
taskid,287,start_time,79922.0713635672
taskid,288,start_time,79922.0713635672
taskid,289,start_time,79922.0713635672
taskid,290,start_time,79922.0713635672
taskid,291,start_time,79922.0713635672
taskid,292,start_time,79922.0713635672
taskid,293,start_time,79922.0713635672
taskid,294,start_time,79922.0713635672
taskid,227,finish_time,80086.79166629592
taskid,272,finish_time,80146.47199495227
taskid,274,finish_time,80203.12293301559
taskid,283,finish_time,80321.4290539027
taskid,295,start_time,80321.4290539027
taskid,279,finish_time,80519.98842399725
taskid,249,finish_time,80925.67122466136
taskid,287,finish_time,81059.27983340135
taskid,296,start_time,81059.27983340135
taskid,271,finish_time,81107.97054911219
taskid,297,start_time,81107.97054911219
taskid,285,finish_time,81254.59041587848
taskid,298,start_time,81254.59041587848
taskid,299,start_time,81254.59041587848
taskid,300,start_time,81254.59041587848
taskid,251,finish_time,81550.3921463492
taskid,250,finish_time,81696.32118372248
taskid,284,finish_time,82046.39809511924
taskid,286,finish_time,82114.49645046695
taskid,253,finish_time,82653.27169536165
taskid,294,finish_time,82781.24925503737
taskid,288,finish_time,82798.09393618093
taskid,169,finish_time,82883.69703374706
taskid,301,start_time,82883.69703374706
taskid,295,finish_time,83072.79896223686
taskid,302,start_time,83072.79896223686
taskid,303,start_time,83072.79896223686
taskid,304,start_time,83072.79896223686
taskid,299,finish_time,83352.58579963629
taskid,305,start_time,83352.58579963629
taskid,296,finish_time,83379.19482259353
taskid,306,start_time,83379.19482259353
taskid,152,finish_time,84040.61259019937
taskid,307,start_time,84040.61259019937
taskid,308,start_time,84040.61259019937
taskid,309,start_time,84040.61259019937
taskid,273,finish_time,84045.5270204652
taskid,80,finish_time,84286.89307997652
taskid,304,finish_time,84589.95014692804
taskid,303,finish_time,85371.74291188015
taskid,298,finish_time,85388.12130272156
taskid,218,finish_time,85425.42550909652
taskid,141,finish_time,85488.07185885312
taskid,310,start_time,85488.07185885312
taskid,311,start_time,85488.07185885312
taskid,312,start_time,85488.07185885312
taskid,313,start_time,85488.07185885312
taskid,314,start_time,85488.07185885312
taskid,315,start_time,85488.07185885312
taskid,316,start_time,85488.07185885312
taskid,212,finish_time,86141.11814716845
taskid,317,start_time,86141.11814716845
taskid,241,finish_time,86445.70373901927
taskid,312,finish_time,86756.10872862749
taskid,313,finish_time,87001.07000097288
taskid,318,start_time,87001.07000097288
taskid,311,finish_time,87302.81447203849
taskid,319,start_time,87302.81447203849
taskid,292,finish_time,87425.30438104365
taskid,320,start_time,87425.30438104365
taskid,297,finish_time,88168.64684899917
taskid,321,start_time,88168.64684899917
taskid,322,start_time,88168.64684899917
taskid,290,finish_time,88727.34138958895
taskid,320,finish_time,88855.12347724373
taskid,323,start_time,88855.12347724373
taskid,291,finish_time,89131.86466575044
taskid,324,start_time,89131.86466575044
taskid,289,finish_time,89141.42378864327
taskid,325,start_time,89141.42378864327
taskid,319,finish_time,89353.90884395417
taskid,326,start_time,89353.90884395417
taskid,170,finish_time,89361.54634727183
taskid,327,start_time,89361.54634727183
taskid,328,start_time,89361.54634727183
taskid,329,start_time,89361.54634727183
taskid,330,start_time,89361.54634727183
taskid,331,start_time,89361.54634727183
taskid,332,start_time,89361.54634727183
taskid,333,start_time,89361.54634727183
taskid,310,finish_time,89395.34339985115
taskid,334,start_time,89395.34339985115
taskid,335,start_time,89395.34339985115
taskid,336,start_time,89395.34339985115
taskid,337,start_time,89395.34339985115
taskid,321,finish_time,90221.86546262132
taskid,338,start_time,90221.86546262132
taskid,315,finish_time,90572.17744222148
taskid,339,start_time,90572.17744222148
taskid,234,finish_time,90626.58244422857
taskid,217,finish_time,90788.27782304118
taskid,340,start_time,90788.27782304118
taskid,341,start_time,90788.27782304118
taskid,293,finish_time,91061.20283362817
taskid,337,finish_time,91086.35710977181
taskid,100,finish_time,91856.903693179
taskid,342,start_time,91856.903693179
taskid,343,start_time,91856.903693179
taskid,344,start_time,91856.903693179
taskid,338,finish_time,91962.37303274957
taskid,317,finish_time,92989.5647947982
taskid,345,start_time,92989.5647947982
taskid,346,start_time,92989.5647947982
taskid,347,start_time,92989.5647947982
taskid,339,finish_time,93081.03933890966
taskid,89,finish_time,93222.2241736286
taskid,323,finish_time,93250.94601669848
taskid,348,start_time,93250.94601669848
taskid,194,finish_time,93309.21130070658
taskid,349,start_time,93309.21130070658
taskid,350,start_time,93309.21130070658
taskid,351,start_time,93309.21130070658
taskid,342,finish_time,93374.02514851796
taskid,352,start_time,93374.02514851796
taskid,353,start_time,93374.02514851796
taskid,354,start_time,93374.02514851796
taskid,355,start_time,93374.02514851796
taskid,343,finish_time,93543.77386990013
taskid,309,finish_time,93638.02456949712
taskid,86,finish_time,93830.49848136667
taskid,344,finish_time,94070.01810979341
taskid,322,finish_time,94326.41989854525
taskid,346,finish_time,94647.09967971576
taskid,353,finish_time,94732.65591311587
taskid,354,finish_time,95002.2035501529
taskid,355,finish_time,95149.88173173346
taskid,351,finish_time,95260.82129876106
taskid,349,finish_time,95337.63092843021
taskid,356,start_time,95337.63092843021
taskid,347,finish_time,95732.75381757892
taskid,350,finish_time,95764.62013002826
taskid,143,finish_time,96202.85266934676
taskid,357,start_time,96202.85266934676
taskid,306,finish_time,97100.32903624765
taskid,358,start_time,97100.32903624765
taskid,357,finish_time,97546.93567773706
taskid,356,finish_time,97631.0088965387
taskid,359,start_time,97631.0088965387
taskid,360,start_time,97631.0088965387
taskid,361,start_time,97631.0088965387
taskid,362,start_time,97631.0088965387
taskid,332,finish_time,98241.96856697442
taskid,363,start_time,98241.96856697442
taskid,325,finish_time,98813.87716461581
taskid,364,start_time,98813.87716461581
taskid,360,finish_time,99074.21690854011
taskid,365,start_time,99074.21690854011
taskid,362,finish_time,99511.6749662855
taskid,366,start_time,99511.6749662855
taskid,331,finish_time,99524.3108458129
taskid,367,start_time,99524.3108458129
taskid,308,finish_time,100025.83254421597
taskid,368,start_time,100025.83254421597
taskid,369,start_time,100025.83254421597
taskid,370,start_time,100025.83254421597
taskid,371,start_time,100025.83254421597
taskid,372,start_time,100025.83254421597
taskid,373,start_time,100025.83254421597
taskid,374,start_time,100025.83254421597
taskid,375,start_time,100025.83254421597
taskid,359,finish_time,100368.058146923
taskid,376,start_time,100368.058146923
taskid,377,start_time,100368.058146923
taskid,378,start_time,100368.058146923
taskid,379,start_time,100368.058146923
taskid,380,start_time,100368.058146923
taskid,381,start_time,100368.058146923
taskid,382,start_time,100368.058146923
taskid,383,start_time,100368.058146923
taskid,384,start_time,100368.058146923
taskid,324,finish_time,100543.59947398928
taskid,385,start_time,100543.59947398928
taskid,326,finish_time,100820.27767531112
taskid,386,start_time,100820.27767531112
taskid,328,finish_time,101122.75343349803
taskid,387,start_time,101122.75343349803
taskid,333,finish_time,101164.39964563953
taskid,388,start_time,101164.39964563953
taskid,327,finish_time,101277.16568258521
taskid,389,start_time,101277.16568258521
taskid,363,finish_time,101366.44573225861
taskid,390,start_time,101366.44573225861
taskid,329,finish_time,101512.27463890889
taskid,391,start_time,101512.27463890889
taskid,364,finish_time,101603.03338843715
taskid,371,finish_time,101723.39107118081
taskid,374,finish_time,101836.96572420553
taskid,375,finish_time,101963.06654077272
taskid,380,finish_time,102381.45817879486
taskid,365,finish_time,102421.92405584079
taskid,330,finish_time,102438.4401366211
taskid,316,finish_time,102537.18263542805
taskid,392,start_time,102537.18263542805
taskid,393,start_time,102537.18263542805
taskid,394,start_time,102537.18263542805
taskid,395,start_time,102537.18263542805
taskid,396,start_time,102537.18263542805
taskid,397,start_time,102537.18263542805
taskid,398,start_time,102537.18263542805
taskid,399,start_time,102537.18263542805
taskid,377,finish_time,102564.60485783275
taskid,400,start_time,102564.60485783275
taskid,381,finish_time,102569.47460186857
taskid,401,start_time,102569.47460186857
taskid,384,finish_time,102597.57653868917
taskid,373,finish_time,102650.86052755798
taskid,379,finish_time,102714.64342529551
taskid,376,finish_time,102716.61437200324
taskid,402,start_time,102716.61437200324
taskid,403,start_time,102716.61437200324
taskid,404,start_time,102716.61437200324
taskid,368,finish_time,102818.48977442061
taskid,366,finish_time,102846.91518235733
taskid,387,finish_time,102889.28777776167
taskid,361,finish_time,102989.2651157028
taskid,405,start_time,102989.2651157028
taskid,406,start_time,102989.2651157028
taskid,407,start_time,102989.2651157028
taskid,408,start_time,102989.2651157028
taskid,409,start_time,102989.2651157028
taskid,378,finish_time,103018.18360235222
taskid,410,start_time,103018.18360235222
taskid,383,finish_time,103079.89550038081
taskid,411,start_time,103079.89550038081
taskid,389,finish_time,103163.17925060913
taskid,412,start_time,103163.17925060913
taskid,370,finish_time,103218.34954496038
taskid,413,start_time,103218.34954496038
taskid,388,finish_time,103411.2808252784
taskid,414,start_time,103411.2808252784
taskid,382,finish_time,103522.73611222306
taskid,415,start_time,103522.73611222306
taskid,391,finish_time,103689.77227202037
taskid,369,finish_time,103939.96913173892
taskid,386,finish_time,104077.32554426698
taskid,394,finish_time,104286.22653254571
taskid,385,finish_time,104307.91629484372
taskid,367,finish_time,104388.88335183426
taskid,392,finish_time,104514.37532485115
taskid,397,finish_time,104515.21477819364
taskid,390,finish_time,104831.13107193293
taskid,416,start_time,104831.13107193293
taskid,401,finish_time,104904.45484624594
taskid,395,finish_time,105181.79652073771
taskid,398,finish_time,105314.98510375693
taskid,400,finish_time,105347.77197652817
taskid,403,finish_time,105496.83640819494
taskid,399,finish_time,105615.01552552816
taskid,411,finish_time,105782.8721266579
taskid,396,finish_time,105833.70163800487
taskid,334,finish_time,105936.18712831888
taskid,417,start_time,105936.18712831888
taskid,414,finish_time,106381.65225781096
taskid,418,start_time,106381.65225781096
taskid,340,finish_time,106648.62713378524
taskid,419,start_time,106648.62713378524
taskid,420,start_time,106648.62713378524
taskid,408,finish_time,106836.33715361015
taskid,132,finish_time,107057.85819505996
taskid,421,start_time,107057.85819505996
taskid,422,start_time,107057.85819505996
taskid,423,start_time,107057.85819505996
taskid,424,start_time,107057.85819505996
taskid,425,start_time,107057.85819505996
taskid,426,start_time,107057.85819505996
taskid,427,start_time,107057.85819505996
taskid,428,start_time,107057.85819505996
taskid,336,finish_time,107086.10657632937
taskid,429,start_time,107086.10657632937
taskid,430,start_time,107086.10657632937
taskid,413,finish_time,107153.1112679781
taskid,416,finish_time,107623.99076642426
taskid,431,start_time,107623.99076642426
taskid,432,start_time,107623.99076642426
taskid,433,start_time,107623.99076642426
taskid,434,start_time,107623.99076642426
taskid,435,start_time,107623.99076642426
taskid,436,start_time,107623.99076642426
taskid,437,start_time,107623.99076642426
taskid,438,start_time,107623.99076642426
taskid,439,start_time,107623.99076642426
taskid,412,finish_time,107873.31616255225
taskid,440,start_time,107873.31616255225
taskid,393,finish_time,107878.72781893502
taskid,441,start_time,107878.72781893502
taskid,404,finish_time,107918.0824072726
taskid,442,start_time,107918.0824072726
taskid,418,finish_time,108133.37777787648
taskid,443,start_time,108133.37777787648
taskid,410,finish_time,108207.30367677839
taskid,444,start_time,108207.30367677839
taskid,406,finish_time,109070.17321805026
taskid,445,start_time,109070.17321805026
taskid,419,finish_time,109094.0272169226
taskid,372,finish_time,109147.868778297
taskid,433,finish_time,109154.45223337725
taskid,407,finish_time,109356.10712768954
taskid,420,finish_time,109507.06326454329
taskid,423,finish_time,109581.58750302377
taskid,425,finish_time,109642.05263614698
taskid,415,finish_time,109735.09633028443
taskid,348,finish_time,109765.99918862454
taskid,424,finish_time,109772.14511386468
taskid,426,finish_time,109983.93077787463
taskid,409,finish_time,110100.62953154564
taskid,438,finish_time,110182.2438106996
taskid,439,finish_time,110242.88502721147
taskid,427,finish_time,110318.7591720157
taskid,443,finish_time,110604.13365535659
taskid,429,finish_time,110746.30863681396
taskid,446,start_time,110746.30863681396
taskid,441,finish_time,110792.92403295856
taskid,447,start_time,110792.92403295856
taskid,445,finish_time,110831.37440391605
taskid,448,start_time,110831.37440391605
taskid,444,finish_time,110970.64513495818
taskid,449,start_time,110970.64513495818
taskid,422,finish_time,110977.1760000856
taskid,450,start_time,110977.1760000856
taskid,437,finish_time,111024.41728575186
taskid,451,start_time,111024.41728575186
taskid,442,finish_time,111047.64153411234
taskid,452,start_time,111047.64153411234
taskid,440,finish_time,111153.52245371544
taskid,358,finish_time,111381.19392958845
taskid,453,start_time,111381.19392958845
taskid,430,finish_time,112428.65268449696
taskid,449,finish_time,112540.29172335577
taskid,452,finish_time,112544.8290470829
taskid,453,finish_time,112847.22833709017
taskid,454,start_time,112847.22833709017
taskid,10,finish_time,112873.92487585897
taskid,448,finish_time,113012.703240661
taskid,450,finish_time,113121.62887507788
taskid,436,finish_time,113204.9236521742
taskid,446,finish_time,113278.28346718189
taskid,455,start_time,113278.28346718189
taskid,447,finish_time,113284.20875232974
taskid,456,start_time,113284.20875232974
taskid,314,finish_time,113489.45176162674
taskid,318,finish_time,113933.3759635659
taskid,457,start_time,113933.3759635659
taskid,451,finish_time,114148.64216582327
taskid,454,finish_time,114835.13685709867
taskid,458,start_time,114835.13685709867
taskid,459,start_time,114835.13685709867
taskid,455,finish_time,114874.61697741941
taskid,460,start_time,114874.61697741941
taskid,461,start_time,114874.61697741941
taskid,462,start_time,114874.61697741941
taskid,463,start_time,114874.61697741941
taskid,464,start_time,114874.61697741941
taskid,428,finish_time,115086.01731577088
taskid,465,start_time,115086.01731577088
taskid,434,finish_time,116682.52957403967
taskid,466,start_time,116682.52957403967
taskid,459,finish_time,116694.83116281405
taskid,341,finish_time,116715.5286950892
taskid,467,start_time,116715.5286950892
taskid,468,start_time,116715.5286950892
taskid,458,finish_time,116809.56152400072
taskid,469,start_time,116809.56152400072
taskid,470,start_time,116809.56152400072
taskid,471,start_time,116809.56152400072
taskid,472,start_time,116809.56152400072
taskid,473,start_time,116809.56152400072
taskid,474,start_time,116809.56152400072
taskid,475,start_time,116809.56152400072
taskid,476,start_time,116809.56152400072
taskid,477,start_time,116809.56152400072
taskid,405,finish_time,117024.23164302485
taskid,457,finish_time,117268.19769679348
taskid,478,start_time,117268.19769679348
taskid,460,finish_time,117764.2146307239
taskid,479,start_time,117764.2146307239
taskid,480,start_time,117764.2146307239
taskid,481,start_time,117764.2146307239
taskid,482,start_time,117764.2146307239
taskid,483,start_time,117764.2146307239
taskid,484,start_time,117764.2146307239
taskid,485,start_time,117764.2146307239
taskid,486,start_time,117764.2146307239
taskid,475,finish_time,118323.61901209134
taskid,487,start_time,118323.61901209134
taskid,477,finish_time,118604.21181905648
taskid,488,start_time,118604.21181905648
taskid,473,finish_time,118812.60225780887
taskid,489,start_time,118812.60225780887
taskid,484,finish_time,118840.73287917348
taskid,490,start_time,118840.73287917348
taskid,431,finish_time,118925.31977358926
taskid,491,start_time,118925.31977358926
taskid,474,finish_time,119380.6059476941
taskid,492,start_time,119380.6059476941
taskid,471,finish_time,119516.55103470793
taskid,493,start_time,119516.55103470793
taskid,482,finish_time,119644.25663164107
taskid,472,finish_time,119751.36438213242
taskid,480,finish_time,120193.27804103584
taskid,402,finish_time,120389.13222903288
taskid,491,finish_time,120793.07771830817
taskid,494,start_time,120793.07771830817
taskid,495,start_time,120793.07771830817
taskid,496,start_time,120793.07771830817
taskid,497,start_time,120793.07771830817
taskid,498,start_time,120793.07771830817
taskid,499,start_time,120793.07771830817
taskid,500,start_time,120793.07771830817
taskid,501,start_time,120793.07771830817
taskid,502,start_time,120793.07771830817
taskid,503,start_time,120793.07771830817
taskid,504,start_time,120793.07771830817
taskid,505,start_time,120793.07771830817
taskid,225,finish_time,121249.40615888516
taskid,506,start_time,121249.40615888516
taskid,507,start_time,121249.40615888516
taskid,508,start_time,121249.40615888516
taskid,509,start_time,121249.40615888516
taskid,510,start_time,121249.40615888516
taskid,511,start_time,121249.40615888516
taskid,307,finish_time,121965.0258468059
taskid,512,start_time,121965.0258468059
taskid,513,start_time,121965.0258468059
taskid,514,start_time,121965.0258468059
taskid,505,finish_time,122565.92649824434
taskid,506,finish_time,122630.48170729895
taskid,435,finish_time,122668.67799595742
taskid,495,finish_time,122760.40010613095
taskid,476,finish_time,122832.3158498517
taskid,504,finish_time,122980.12322025298
taskid,511,finish_time,123077.67345280072
taskid,494,finish_time,123155.63329640988
taskid,515,start_time,123155.63329640988
taskid,516,start_time,123155.63329640988
taskid,507,finish_time,123157.29838264297
taskid,517,start_time,123157.29838264297
taskid,278,finish_time,123250.57135352191
taskid,518,start_time,123250.57135352191
taskid,519,start_time,123250.57135352191
taskid,520,start_time,123250.57135352191
taskid,521,start_time,123250.57135352191
taskid,522,start_time,123250.57135352191
taskid,523,start_time,123250.57135352191
taskid,501,finish_time,123304.81779149367
taskid,509,finish_time,123309.71436655664
taskid,496,finish_time,123399.16790462271
taskid,503,finish_time,123447.29620610317
taskid,502,finish_time,123550.27918683668
taskid,499,finish_time,123575.86182648517
taskid,514,finish_time,123613.21244896909
taskid,508,finish_time,123645.44588730735
taskid,467,finish_time,123696.3643407061
taskid,498,finish_time,123784.6038238621
taskid,524,start_time,123900.52616178822
taskid,510,finish_time,124262.93851137298
taskid,500,finish_time,124298.47892049028
taskid,513,finish_time,124404.20859027868
taskid,497,finish_time,124499.09854563809
taskid,432,finish_time,124526.45619613859
taskid,525,start_time,124526.45619613859
taskid,522,finish_time,124651.6963868419
taskid,518,finish_time,125032.58381166389
taskid,519,finish_time,125066.83338915663
taskid,512,finish_time,125137.70316501711
taskid,520,finish_time,125320.32021262548
taskid,526,start_time,125326.87004742859
taskid,485,finish_time,125461.43687409643
taskid,527,start_time,125577.43221958366
taskid,523,finish_time,125635.40890797866
taskid,528,start_time,125785.53449686061
taskid,488,finish_time,125841.6830106366
taskid,529,start_time,126155.52003317907
taskid,530,start_time,126397.49790341292
taskid,531,start_time,126515.48150805903
taskid,525,finish_time,126943.4333005773
taskid,532,start_time,126964.3898146871
taskid,533,start_time,126976.05906931573
taskid,526,finish_time,127307.57317921153
taskid,534,start_time,127635.77966964152
taskid,527,finish_time,127784.97494974016
taskid,535,start_time,127833.06508763801
taskid,536,start_time,127969.21027508639
taskid,530,finish_time,128048.33079713707
taskid,529,finish_time,128221.43554162323
taskid,537,start_time,128281.42969946026
taskid,538,start_time,128369.15446992498
taskid,539,start_time,128382.36679688607
taskid,481,finish_time,128386.33623949153
taskid,540,start_time,128452.81228580767
taskid,541,start_time,128484.20477606608
taskid,490,finish_time,128851.42131088057
taskid,492,finish_time,128942.32118993835
taskid,542,start_time,129027.65193863532
taskid,543,start_time,129113.63046027534
taskid,544,start_time,129196.36119228903
taskid,478,finish_time,129450.86301231376
taskid,545,start_time,129450.86301231376
taskid,533,finish_time,129451.37252898572
taskid,532,finish_time,129703.59571217917
taskid,486,finish_time,129783.32569519876
taskid,483,finish_time,129824.0413382785
taskid,531,finish_time,129825.8573721003
taskid,487,finish_time,130030.81773381896
taskid,541,finish_time,130080.44735087319
taskid,542,finish_time,130568.41233780004
taskid,521,finish_time,130569.98134359451
taskid,489,finish_time,130661.10120242604
taskid,540,finish_time,130743.77955258104
taskid,536,finish_time,130994.05675331074
taskid,546,start_time,130994.05675331074
taskid,544,finish_time,131161.0492036213
taskid,547,start_time,131161.0492036213
taskid,543,finish_time,131203.5882749553
taskid,548,start_time,131203.5882749553
taskid,534,finish_time,131328.76165103723
taskid,535,finish_time,131632.97731482243
taskid,537,finish_time,131721.34231180348
taskid,201,finish_time,131964.65873543496
taskid,547,finish_time,132835.5473364681
taskid,528,finish_time,133497.1469368269
taskid,493,finish_time,133534.642880829
taskid,548,finish_time,134997.86191598562
taskid,545,finish_time,135257.0237343776
taskid,335,finish_time,136595.39150440632
taskid,549,start_time,136595.39150440632
taskid,549,finish_time,138210.70208949535
taskid,550,start_time,138210.70208949535
taskid,551,start_time,138210.70208949535
taskid,524,finish_time,138335.94220429639
taskid,552,start_time,138335.94220429639
taskid,553,start_time,138335.94220429639
taskid,553,finish_time,139885.57445353168
taskid,552,finish_time,141431.2231880116
taskid,554,start_time,141431.2231880116
taskid,200,finish_time,142399.94104303356
taskid,555,start_time,142399.94104303356
taskid,95,finish_time,144138.819676751
taskid,556,start_time,144138.819676751
taskid,546,finish_time,144632.9690032964
taskid,557,start_time,144632.9690032964
taskid,558,start_time,144632.9690032964
taskid,551,finish_time,145637.7825253162
taskid,559,start_time,145637.7825253162
taskid,560,start_time,145637.7825253162
taskid,352,finish_time,146725.81622073147
taskid,208,finish_time,146787.17963068438
taskid,561,start_time,146787.17963068438
taskid,562,start_time,146787.17963068438
taskid,563,start_time,146787.17963068438
taskid,19,finish_time,147900.72028780947
taskid,564,start_time,147900.72028780947
taskid,456,finish_time,148659.73593035905
taskid,565,start_time,148659.73593035905
taskid,566,start_time,148659.73593035905
taskid,567,start_time,148659.73593035905
taskid,568,start_time,148659.73593035905
taskid,555,finish_time,148927.4835341336
taskid,562,finish_time,149166.41852957092
taskid,550,finish_time,149339.65748637696
taskid,569,start_time,149339.65748637696
taskid,568,finish_time,150034.4193315627
taskid,567,finish_time,150653.20306737052
taskid,561,finish_time,154146.66316797998
taskid,570,start_time,154146.66316797998
taskid,571,start_time,154146.66316797998
taskid,572,start_time,154146.66316797998
taskid,573,start_time,154146.66316797998
taskid,572,finish_time,155562.4007192753
taskid,565,finish_time,155739.6964660104
taskid,574,start_time,155739.6964660104
taskid,575,start_time,155739.6964660104
taskid,571,finish_time,156105.72356385773
taskid,23,finish_time,156479.59290373325
taskid,573,finish_time,156949.79742197273
taskid,20,finish_time,157734.95450481647
taskid,576,start_time,157734.95450481647
taskid,575,finish_time,157865.57199619134
taskid,557,finish_time,159553.8716799306
taskid,577,start_time,159553.8716799306
taskid,577,finish_time,161356.0536671176
taskid,570,finish_time,162037.31402863277
taskid,569,finish_time,162113.85675800088
taskid,578,start_time,162113.85675800088
taskid,579,start_time,162113.85675800088
taskid,560,finish_time,162295.95299216828
taskid,580,start_time,162295.95299216828
taskid,581,start_time,162295.95299216828
taskid,563,finish_time,163692.68274234037
taskid,581,finish_time,163724.54923010428
taskid,559,finish_time,163761.25155656363
taskid,582,start_time,163761.25155656363
taskid,583,start_time,163761.25155656363
taskid,578,finish_time,164020.32218524299
taskid,584,start_time,164020.32218524299
taskid,585,start_time,164020.32218524299
taskid,586,start_time,164020.32218524299
taskid,587,start_time,164020.32218524299
taskid,558,finish_time,164352.77191228478
taskid,588,start_time,164352.77191228478
taskid,589,start_time,164352.77191228478
taskid,590,start_time,164352.77191228478
taskid,591,start_time,164352.77191228478
taskid,592,start_time,164352.77191228478
taskid,593,start_time,164352.77191228478
taskid,8,finish_time,164939.60499448754
taskid,594,start_time,164939.60499448754
taskid,595,start_time,164939.60499448754
taskid,596,start_time,164939.60499448754
taskid,579,finish_time,164985.0289596204
taskid,576,finish_time,165077.45440698278
taskid,597,start_time,165077.45440698278
taskid,598,start_time,165077.45440698278
taskid,564,finish_time,165111.71437510732
taskid,599,start_time,165111.71437510732
taskid,600,start_time,165111.71437510732
taskid,601,start_time,165111.71437510732
taskid,602,start_time,165111.71437510732
taskid,603,start_time,165111.71437510732
taskid,604,start_time,165111.71437510732
taskid,605,start_time,165111.71437510732
taskid,606,start_time,165111.71437510732
taskid,585,finish_time,165916.04731813786
taskid,607,start_time,165916.04731813786
taskid,583,finish_time,166119.14655618017
taskid,589,finish_time,166165.54178273113
taskid,593,finish_time,166910.75799605122
taskid,588,finish_time,167126.97507575632
taskid,595,finish_time,167348.87432565528
taskid,566,finish_time,167382.136178379
taskid,608,start_time,167382.136178379
taskid,609,start_time,167382.136178379
taskid,610,start_time,167382.136178379
taskid,611,start_time,167382.136178379
taskid,612,start_time,167382.136178379
taskid,613,start_time,167382.136178379
taskid,610,finish_time,168865.68476850196
taskid,612,finish_time,169034.12739322404
taskid,613,finish_time,169282.8459069287
taskid,611,finish_time,169488.37209956546
taskid,609,finish_time,169535.22304306942
taskid,574,finish_time,169721.55427299315
taskid,614,start_time,169721.55427299315
taskid,615,start_time,169721.55427299315
taskid,616,start_time,169721.55427299315
taskid,617,start_time,169721.55427299315
taskid,618,start_time,169721.55427299315
taskid,619,start_time,169721.55427299315
taskid,620,start_time,169721.55427299315
taskid,621,start_time,169721.55427299315
taskid,596,finish_time,170493.2182060359
taskid,1,finish_time,170599.56373051752
taskid,622,start_time,170599.56373051752
taskid,582,finish_time,170681.7016383737
taskid,623,start_time,170681.7016383737
taskid,624,start_time,170681.7016383737
taskid,625,start_time,170681.7016383737
taskid,626,start_time,170681.7016383737
taskid,627,start_time,170681.7016383737
taskid,628,start_time,170681.7016383737
taskid,629,start_time,170681.7016383737
taskid,630,start_time,170681.7016383737
taskid,631,start_time,170681.7016383737
taskid,632,start_time,170681.7016383737
taskid,633,start_time,170681.7016383737
taskid,634,start_time,170681.7016383737
taskid,635,start_time,170681.7016383737
taskid,636,start_time,170681.7016383737
taskid,637,start_time,170681.7016383737
taskid,638,start_time,170681.7016383737
taskid,584,finish_time,170962.3975500219
taskid,639,start_time,170962.3975500219
taskid,640,start_time,170962.3975500219
taskid,641,start_time,170962.3975500219
taskid,642,start_time,170962.3975500219
taskid,643,start_time,170962.3975500219
taskid,644,start_time,170962.3975500219
taskid,645,start_time,170962.3975500219
taskid,646,start_time,170962.3975500219
taskid,620,finish_time,171339.1177146875
taskid,647,start_time,171339.1177146875
taskid,615,finish_time,171398.21887644785
taskid,648,start_time,171398.21887644785
taskid,592,finish_time,171513.02542986505
taskid,649,start_time,171513.02542986505
taskid,591,finish_time,171805.98524804966
taskid,650,start_time,171805.98524804966
taskid,618,finish_time,171905.64478466482
taskid,651,start_time,171905.64478466482
taskid,617,finish_time,172254.29786176092
taskid,652,start_time,172254.29786176092
taskid,619,finish_time,172371.25174847597
taskid,653,start_time,172371.25174847597
taskid,621,finish_time,172664.4400252721
taskid,654,start_time,172664.4400252721
taskid,625,finish_time,172961.33694166454
taskid,655,start_time,172961.33694166454
taskid,630,finish_time,173031.09815671362
taskid,656,start_time,173031.09815671362
taskid,539,finish_time,173101.1279269382
taskid,657,start_time,173101.1279269382
taskid,658,start_time,173101.1279269382
taskid,659,start_time,173101.1279269382
taskid,660,start_time,173101.1279269382
taskid,661,start_time,173101.1279269382
taskid,662,start_time,173101.1279269382
taskid,663,start_time,173101.1279269382
taskid,664,start_time,173101.1279269382
taskid,628,finish_time,173211.0205920549
taskid,665,start_time,173211.0205920549
taskid,632,finish_time,173380.01065222538
taskid,666,start_time,173380.01065222538
taskid,624,finish_time,173425.6521188918
taskid,667,start_time,173425.6521188918
taskid,638,finish_time,173486.12883317625
taskid,668,start_time,173486.12883317625
taskid,635,finish_time,173500.4404469017
taskid,669,start_time,173500.4404469017
taskid,637,finish_time,173507.97289662113
taskid,670,start_time,173507.97289662113
taskid,607,finish_time,173564.85819804206
taskid,671,start_time,173564.85819804206
taskid,634,finish_time,173596.94792205168
taskid,672,start_time,173596.94792205168
taskid,600,finish_time,173601.1922666466
taskid,673,start_time,173601.1922666466
taskid,629,finish_time,173646.98017006236
taskid,674,start_time,173646.98017006236
taskid,627,finish_time,173806.68600793803
taskid,675,start_time,173806.68600793803
taskid,643,finish_time,173821.8009148776
taskid,676,start_time,173821.8009148776
taskid,646,finish_time,173866.03462050282
taskid,677,start_time,173866.03462050282
taskid,644,finish_time,173905.41948111544
taskid,678,start_time,173905.41948111544
taskid,642,finish_time,174033.98069176087
taskid,679,start_time,174033.98069176087
taskid,633,finish_time,174049.4711329202
taskid,680,start_time,174049.4711329202
taskid,631,finish_time,174080.50557666246
taskid,681,start_time,174080.50557666246
taskid,645,finish_time,174179.05061916265
taskid,682,start_time,174179.05061916265
taskid,636,finish_time,174191.41108819944
taskid,683,start_time,174191.41108819944
taskid,648,finish_time,174220.4066924648
taskid,684,start_time,174220.4066924648
taskid,301,finish_time,174307.21573192085
taskid,685,start_time,174307.21573192085
taskid,686,start_time,174307.21573192085
taskid,687,start_time,174307.21573192085
taskid,688,start_time,174307.21573192085
taskid,689,start_time,174307.21573192085
taskid,690,start_time,174307.21573192085
taskid,463,finish_time,174310.65696035008
taskid,647,finish_time,174454.32870507086
taskid,626,finish_time,174549.27216834234
taskid,639,finish_time,174756.3412994483
taskid,640,finish_time,174848.20566216504
taskid,641,finish_time,174872.10515772537
taskid,691,start_time,174872.10515772537
taskid,652,finish_time,174961.27106363993
taskid,602,finish_time,174977.57279297255
taskid,462,finish_time,175031.86865611575
taskid,599,finish_time,175217.85889488272
taskid,649,finish_time,175404.54904558556
taskid,657,finish_time,175549.55940323372
taskid,608,finish_time,175555.86695194946
taskid,692,start_time,175555.86695194946
taskid,616,finish_time,175621.1448831934
taskid,662,finish_time,175622.45491588998
taskid,653,finish_time,175822.66006528187
taskid,656,finish_time,175832.97564800558
taskid,659,finish_time,175836.35334042992
taskid,654,finish_time,175852.8568930207
taskid,604,finish_time,175938.49176493712
taskid,689,finish_time,175964.15941806376
taskid,650,finish_time,176034.43367986486
taskid,606,finish_time,176193.60686582956
taskid,590,finish_time,176237.7939265365
taskid,693,start_time,176237.7939265365
taskid,658,finish_time,176238.15643389316
taskid,694,start_time,176238.15643389316
taskid,665,finish_time,176242.23003891725
taskid,695,start_time,176242.23003891725
taskid,677,finish_time,176250.1783248659
taskid,696,start_time,176250.1783248659
taskid,671,finish_time,176257.82802818503
taskid,697,start_time,176257.82802818503
taskid,88,finish_time,176305.49593168855
taskid,698,start_time,176305.49593168855
taskid,699,start_time,176305.49593168855
taskid,674,finish_time,176366.55371509425
taskid,605,finish_time,176396.09603048398
taskid,675,finish_time,176428.89042957386
taskid,668,finish_time,176524.9424220382
taskid,663,finish_time,176538.50794517217
taskid,669,finish_time,176564.26176078696
taskid,651,finish_time,176589.88279389587
taskid,673,finish_time,176607.97677018365
taskid,700,start_time,176607.97677018365
taskid,667,finish_time,176608.01803280358
taskid,701,start_time,176608.01803280358
taskid,614,finish_time,176631.07246258087
taskid,702,start_time,176631.07246258087
taskid,664,finish_time,176756.96682886672
taskid,703,start_time,176756.96682886672
taskid,586,finish_time,176764.28230093632
taskid,704,start_time,176764.28230093632
taskid,705,start_time,176764.28230093632
taskid,580,finish_time,176815.9845817713
taskid,706,start_time,176815.9845817713
taskid,661,finish_time,176925.20386549892
taskid,678,finish_time,176941.26908147524
taskid,707,start_time,176941.26908147524
taskid,670,finish_time,176956.7791647763
taskid,708,start_time,176956.7791647763
taskid,672,finish_time,176993.96179602997
taskid,598,finish_time,177072.5294329653
taskid,601,finish_time,177123.381052464
taskid,666,finish_time,177133.55628048905
taskid,687,finish_time,177205.285473714
taskid,682,finish_time,177231.57998240573
taskid,603,finish_time,177262.6873442185
taskid,679,finish_time,177472.011232149
taskid,681,finish_time,177472.65444820563
taskid,587,finish_time,177504.92036612806
taskid,709,start_time,177504.92036612806
taskid,710,start_time,177504.92036612806
taskid,660,finish_time,177529.53906594674
taskid,680,finish_time,177616.9077457376
taskid,686,finish_time,177791.24132935726
taskid,655,finish_time,177869.1146097378
taskid,684,finish_time,177924.88418824642
taskid,683,finish_time,178245.1731963347
taskid,685,finish_time,178346.53709462448
taskid,703,finish_time,178438.1955717938
taskid,711,start_time,178438.1955717938
taskid,712,start_time,178438.1955717938
taskid,713,start_time,178438.1955717938
taskid,714,start_time,178438.1955717938
taskid,676,finish_time,178483.37668316255
taskid,701,finish_time,178548.4737142029
taskid,704,finish_time,178646.7670485984
taskid,709,finish_time,179214.4936485814
taskid,715,start_time,179214.4936485814
taskid,713,finish_time,180683.23494735264
taskid,712,finish_time,180754.47807272812
taskid,698,finish_time,181070.50457905434
taskid,716,start_time,181070.50457905434
taskid,717,start_time,181070.50457905434
taskid,708,finish_time,181146.39365457164
taskid,710,finish_time,181514.8749753392
taskid,623,finish_time,182276.85928977592
taskid,718,start_time,182276.85928977592
taskid,719,start_time,182276.85928977592
taskid,720,start_time,182276.85928977592
taskid,597,finish_time,182513.0062543194
taskid,721,start_time,182513.0062543194
taskid,722,start_time,182513.0062543194
taskid,723,start_time,182513.0062543194
taskid,724,start_time,182513.0062543194
taskid,725,start_time,182513.0062543194
taskid,726,start_time,182513.0062543194
taskid,727,start_time,182513.0062543194
taskid,728,start_time,182513.0062543194
taskid,729,start_time,182513.0062543194
taskid,688,finish_time,184125.49929715178
taskid,724,finish_time,184242.12557856523
taskid,705,finish_time,184412.6509488841
taskid,720,finish_time,184488.30886630868
taskid,725,finish_time,184644.04788410413
taskid,722,finish_time,184771.6459128008
taskid,721,finish_time,184848.09209945676
taskid,702,finish_time,185342.95962182683
taskid,726,finish_time,185459.2348069611
taskid,730,start_time,185459.2348069611
taskid,699,finish_time,186804.2898615447
taskid,727,finish_time,186862.74492173927
taskid,719,finish_time,187146.35045559643
taskid,700,finish_time,187268.19630758275
taskid,731,start_time,187268.19630758275
taskid,622,finish_time,187351.33862868126
taskid,461,finish_time,187526.40060318526
taskid,732,start_time,187526.40060318526
taskid,714,finish_time,187690.23655787433
taskid,690,finish_time,187724.77207844914
taskid,538,finish_time,188222.81649458627
taskid,733,start_time,188222.81649458627
taskid,695,finish_time,189331.91483731635
taskid,693,finish_time,189839.8120129994
taskid,734,start_time,189839.8120129994
taskid,735,start_time,189839.8120129994
taskid,736,start_time,189839.8120129994
taskid,737,start_time,189839.8120129994
taskid,738,start_time,189839.8120129994
taskid,739,start_time,189839.8120129994
taskid,717,finish_time,190813.72722082867
taskid,740,start_time,190813.72722082867
taskid,707,finish_time,190840.1949815452
taskid,741,start_time,190840.1949815452
taskid,742,start_time,190840.1949815452
taskid,692,finish_time,190897.2942832501
taskid,743,start_time,190897.2942832501
taskid,744,start_time,190897.2942832501
taskid,302,finish_time,191154.64717115508
taskid,745,start_time,191154.64717115508
taskid,746,start_time,191154.64717115508
taskid,747,start_time,191154.64717115508
taskid,748,start_time,191154.64717115508
taskid,749,start_time,191154.64717115508
taskid,750,start_time,191154.64717115508
taskid,751,start_time,191154.64717115508
taskid,752,start_time,191154.64717115508
taskid,753,start_time,191154.64717115508
taskid,173,finish_time,192026.2439796381
taskid,754,start_time,192026.2439796381
taskid,755,start_time,192026.2439796381
taskid,756,start_time,192026.2439796381
taskid,757,start_time,192026.2439796381
taskid,758,start_time,192026.2439796381
taskid,759,start_time,192026.2439796381
taskid,760,start_time,192026.2439796381
taskid,761,start_time,192026.2439796381
taskid,735,finish_time,192446.60814672746
taskid,762,start_time,192446.60814672746
taskid,740,finish_time,192733.38260511818
taskid,763,start_time,192733.38260511818
taskid,737,finish_time,193030.60692581124
taskid,764,start_time,193030.60692581124
taskid,728,finish_time,193064.92406036507
taskid,765,start_time,193064.92406036507
taskid,715,finish_time,193131.4563091002
taskid,745,finish_time,193333.5485860327
taskid,746,finish_time,193368.01121095632
taskid,751,finish_time,193572.93290891073
taskid,739,finish_time,194013.22243273965
taskid,753,finish_time,194305.2133065398
taskid,752,finish_time,194933.36871097825
taskid,750,finish_time,195195.297320745
taskid,749,finish_time,195765.78086968395
taskid,748,finish_time,195951.7186538878
taskid,716,finish_time,196834.95717293047
taskid,470,finish_time,199001.2565177139
taskid,729,finish_time,199646.81003445882
taskid,754,finish_time,201619.74866969307
taskid,87,finish_time,201746.72223462307
taskid,759,finish_time,201931.21829636744
taskid,258,finish_time,201986.75292706033
taskid,736,finish_time,202390.09418368727
taskid,760,finish_time,202676.73954918893
taskid,766,start_time,202676.73954918893
taskid,762,finish_time,202701.2525831906
taskid,764,finish_time,202821.89903618602
taskid,756,finish_time,202897.604962959
taskid,7,finish_time,203432.61576951077
taskid,758,finish_time,203531.9179381244
taskid,761,finish_time,203994.5201836966
taskid,763,finish_time,204299.4825497122
taskid,738,finish_time,204342.15126383505
taskid,755,finish_time,204407.43406257388
taskid,767,start_time,204407.43406257388
taskid,757,finish_time,204462.5905336431
taskid,734,finish_time,204860.8461403847
taskid,768,start_time,204860.8461403847
taskid,769,start_time,204860.8461403847
taskid,469,finish_time,205274.06999391908
taskid,770,start_time,205274.06999391908
taskid,770,finish_time,207407.025196391
taskid,771,start_time,207407.025196391
taskid,76,finish_time,207835.4314461916
taskid,772,start_time,207835.4314461916
taskid,305,finish_time,207966.81685307904
taskid,773,start_time,207966.81685307904
taskid,774,start_time,207966.81685307904
taskid,775,start_time,207966.81685307904
taskid,776,start_time,207966.81685307904
taskid,594,finish_time,208018.50726879458
taskid,765,finish_time,208736.49362779345
taskid,771,finish_time,209133.30546956565
taskid,769,finish_time,209209.40516438367
taskid,777,start_time,209209.40516438367
taskid,774,finish_time,209735.03810579245
taskid,775,finish_time,210151.90735970796
taskid,776,finish_time,210256.68363863454
taskid,742,finish_time,211155.56109499236
taskid,245,finish_time,212063.6651328104
taskid,4,finish_time,213547.10125335207
taskid,778,start_time,213547.10125335207
taskid,779,start_time,213547.10125335207
taskid,780,start_time,213547.10125335207
taskid,781,start_time,213547.10125335207
taskid,782,start_time,213547.10125335207
taskid,783,start_time,213547.10125335207
taskid,744,finish_time,214202.91267582524
taskid,784,start_time,214202.91267582524
taskid,781,finish_time,215053.72333971586
taskid,780,finish_time,215530.93856500846
taskid,783,finish_time,215740.65257612214
taskid,784,finish_time,216146.0133413428
taskid,779,finish_time,217134.14171319664
taskid,768,finish_time,218112.09719446686
taskid,785,start_time,218112.09719446686
taskid,767,finish_time,221156.69206695343
taskid,786,start_time,221156.69206695343
taskid,787,start_time,221156.69206695343
taskid,788,start_time,221156.69206695343
taskid,789,start_time,221156.69206695343
taskid,790,start_time,221156.69206695343
taskid,791,start_time,221156.69206695343
taskid,792,start_time,221156.69206695343
taskid,793,start_time,221156.69206695343
taskid,794,start_time,221156.69206695343
taskid,777,finish_time,222254.79874800087
taskid,795,start_time,222254.79874800087
taskid,796,start_time,222254.79874800087
taskid,797,start_time,222254.79874800087
taskid,791,finish_time,223469.65286688387
taskid,773,finish_time,224356.38935198612
taskid,798,start_time,224356.38935198612
taskid,799,start_time,224356.38935198612
taskid,800,start_time,224356.38935198612
taskid,801,start_time,224356.38935198612
taskid,802,start_time,224356.38935198612
taskid,796,finish_time,224531.69728039572
taskid,787,finish_time,224822.24771658718
taskid,797,finish_time,224952.9361482836
taskid,790,finish_time,224994.84429779465
taskid,468,finish_time,225119.3604937429
taskid,788,finish_time,225193.74975312824
taskid,789,finish_time,225865.5242207961
taskid,802,finish_time,225987.85037893523
taskid,801,finish_time,226021.2857289532
taskid,803,start_time,226021.2857289532
taskid,799,finish_time,226565.0489288366
taskid,800,finish_time,227012.6184808534
taskid,747,finish_time,228797.23153106082
taskid,696,finish_time,229595.58504356295
taskid,778,finish_time,229859.80506871513
taskid,804,start_time,229859.80506871513
taskid,805,start_time,229859.80506871513
taskid,806,start_time,229859.80506871513
taskid,807,start_time,229859.80506871513
taskid,808,start_time,229859.80506871513
taskid,809,start_time,229859.80506871513
taskid,794,finish_time,230210.71738343514
taskid,792,finish_time,230562.18795972355
taskid,810,start_time,230562.18795972355
taskid,806,finish_time,231075.30149544304
taskid,811,start_time,231075.30149544304
taskid,805,finish_time,231507.72476911958
taskid,812,start_time,231507.72476911958
taskid,807,finish_time,232079.22771217074
taskid,813,start_time,232079.22771217074
taskid,808,finish_time,232088.77731536666
taskid,785,finish_time,232535.65371257544
taskid,814,start_time,232535.65371257544
taskid,811,finish_time,232610.07038073678
taskid,809,finish_time,232778.8558698941
taskid,786,finish_time,232968.7616360146
taskid,815,start_time,232968.7616360146
taskid,816,start_time,232968.7616360146
taskid,817,start_time,232968.7616360146
taskid,818,start_time,232968.7616360146
taskid,819,start_time,232968.7616360146
taskid,820,start_time,232968.7616360146
taskid,300,finish_time,233183.09809699934
taskid,821,start_time,233183.09809699934
taskid,813,finish_time,233600.93441674637
taskid,479,finish_time,233917.0227939371
taskid,822,start_time,233917.0227939371
taskid,823,start_time,233917.0227939371
taskid,824,start_time,233917.0227939371
taskid,825,start_time,233917.0227939371
taskid,826,start_time,233917.0227939371
taskid,827,start_time,233917.0227939371
taskid,793,finish_time,233977.15084419298
taskid,828,start_time,233977.15084419298
taskid,812,finish_time,234437.54143266246
taskid,818,finish_time,234682.434811044
taskid,817,finish_time,234710.69071840515
taskid,816,finish_time,234799.85344982115
taskid,694,finish_time,235574.3429264224
taskid,819,finish_time,235602.8175404929
taskid,824,finish_time,235658.9492727671
taskid,829,start_time,235658.9492727671
taskid,830,start_time,235658.9492727671
taskid,831,start_time,235658.9492727671
taskid,827,finish_time,236000.3681005235
taskid,825,finish_time,236410.0485318396
taskid,826,finish_time,236417.609255873
taskid,823,finish_time,236438.8149334706
taskid,832,start_time,236438.8149334706
taskid,829,finish_time,237069.71805002427
taskid,833,start_time,237069.71805002427
taskid,834,start_time,237069.71805002427
taskid,830,finish_time,237417.1284210231
taskid,822,finish_time,237470.87203240665
taskid,835,start_time,237470.87203240665
taskid,831,finish_time,237686.75204684932
taskid,836,start_time,237686.75204684932
taskid,711,finish_time,237938.37742595
taskid,837,start_time,237938.37742595
taskid,803,finish_time,239326.85097782966
taskid,838,start_time,239326.85097782966
taskid,839,start_time,239326.85097782966
taskid,840,start_time,239326.85097782966
taskid,834,finish_time,239900.66218366005
taskid,782,finish_time,240005.59067707445
taskid,841,start_time,240005.59067707445
taskid,842,start_time,240005.59067707445
taskid,838,finish_time,241314.69766570698
taskid,839,finish_time,241408.73396201996
taskid,843,start_time,241408.73396201996
taskid,836,finish_time,241966.50719398452
taskid,844,start_time,241966.50719398452
taskid,842,finish_time,242285.07320727507
taskid,845,start_time,242285.07320727507
taskid,804,finish_time,242912.8718971574
taskid,846,start_time,242912.8718971574
taskid,847,start_time,242912.8718971574
taskid,848,start_time,242912.8718971574
taskid,849,start_time,242912.8718971574
taskid,844,finish_time,243605.55670120707
taskid,850,start_time,243605.55670120707
taskid,843,finish_time,244348.7974716374
taskid,851,start_time,244348.7974716374
taskid,828,finish_time,244362.78779257208
taskid,845,finish_time,244390.4592633756
taskid,841,finish_time,244651.20236457195
taskid,852,start_time,244651.20236457195
taskid,814,finish_time,244683.1470456166
taskid,853,start_time,244683.1470456166
taskid,854,start_time,244683.1470456166
taskid,855,start_time,244683.1470456166
taskid,856,start_time,244683.1470456166
taskid,857,start_time,244683.1470456166
taskid,858,start_time,244683.1470456166
taskid,859,start_time,244683.1470456166
taskid,860,start_time,244683.1470456166
taskid,861,start_time,244683.1470456166
taskid,840,finish_time,244736.9593507052
taskid,862,start_time,244736.9593507052
taskid,863,start_time,244736.9593507052
taskid,864,start_time,244736.9593507052
taskid,865,start_time,244736.9593507052
taskid,866,start_time,244736.9593507052
taskid,867,start_time,244736.9593507052
taskid,868,start_time,244736.9593507052
taskid,869,start_time,244736.9593507052
taskid,848,finish_time,245132.00804146758
taskid,870,start_time,245132.00804146758
taskid,833,finish_time,246618.95516344582
taskid,871,start_time,246618.95516344582
taskid,256,finish_time,246726.80767585695
taskid,872,start_time,246726.80767585695
taskid,853,finish_time,247049.37850349813
taskid,873,start_time,247049.37850349813
taskid,874,start_time,247049.37850349813
taskid,875,start_time,247049.37850349813
taskid,876,start_time,247049.37850349813
taskid,877,start_time,247049.37850349813
taskid,878,start_time,247049.37850349813
taskid,879,start_time,247049.37850349813
taskid,880,start_time,247049.37850349813
taskid,852,finish_time,247154.23564063763
taskid,881,start_time,247154.23564063763
taskid,882,start_time,247154.23564063763
taskid,883,start_time,247154.23564063763
taskid,884,start_time,247154.23564063763
taskid,885,start_time,247154.23564063763
taskid,886,start_time,247154.23564063763
taskid,887,start_time,247154.23564063763
taskid,868,finish_time,247410.96162788838
taskid,867,finish_time,247503.75042669976
taskid,858,finish_time,247525.18053292032
taskid,866,finish_time,247658.61616521905
taskid,857,finish_time,247721.02574680318
taskid,861,finish_time,247740.59419783702
taskid,860,finish_time,247831.30938801912
taskid,888,start_time,247831.30938801912
taskid,869,finish_time,247937.96497803216
taskid,889,start_time,247937.96497803216
taskid,859,finish_time,248021.5342028141
taskid,865,finish_time,248026.42316434887
taskid,856,finish_time,248052.3333775988
taskid,863,finish_time,248103.21252754866
taskid,870,finish_time,248360.71887085383
taskid,864,finish_time,248445.7744858752
taskid,862,finish_time,248500.84056109196
taskid,874,finish_time,249369.8267019662
taskid,890,start_time,249369.8267019662
taskid,772,finish_time,249425.24091376454
taskid,876,finish_time,249447.87140351455
taskid,880,finish_time,249472.80318613365
taskid,887,finish_time,249510.34798697743
taskid,875,finish_time,249590.32050715262
taskid,878,finish_time,249787.6080481143
taskid,871,finish_time,249975.95264619918
taskid,886,finish_time,250004.31907755323
taskid,837,finish_time,250168.00561104724
taskid,891,start_time,250168.00561104724
taskid,885,finish_time,250177.77334094077
taskid,892,start_time,250177.77334094077
taskid,883,finish_time,250185.422998273
taskid,873,finish_time,250230.3506936572
taskid,881,finish_time,250230.7215616884
taskid,877,finish_time,250411.23257052296
taskid,879,finish_time,250472.11915170422
taskid,872,finish_time,250565.65577290658
taskid,884,finish_time,250608.26665243658
taskid,882,finish_time,251228.63992666884
taskid,893,start_time,251228.63992666884
taskid,849,finish_time,251581.80424661603
taskid,890,finish_time,252489.5141253717
taskid,894,start_time,252489.5141253717
taskid,821,finish_time,253018.55468014505
taskid,697,finish_time,254355.55533522987
taskid,847,finish_time,257592.1560377106
taskid,741,finish_time,259550.23049833634
taskid,895,start_time,259550.23049833634
taskid,896,start_time,259550.23049833634
taskid,820,finish_time,261215.3598073003
taskid,897,start_time,261215.3598073003
taskid,731,finish_time,261229.0247245531
taskid,898,start_time,261229.0247245531
taskid,898,finish_time,262526.91720613086
taskid,899,start_time,262526.91720613086
taskid,900,start_time,262526.91720613086
taskid,901,start_time,262526.91720613086
taskid,899,finish_time,263747.1227894588
taskid,895,finish_time,264108.7266202201
taskid,902,start_time,264108.7266202201
taskid,903,start_time,264108.7266202201
taskid,904,start_time,264108.7266202201
taskid,905,start_time,264108.7266202201
taskid,906,start_time,264108.7266202201
taskid,907,start_time,264108.7266202201
taskid,908,start_time,264108.7266202201
taskid,909,start_time,264108.7266202201
taskid,910,start_time,264108.7266202201
taskid,911,start_time,264108.7266202201
taskid,901,finish_time,264202.57978941646
taskid,912,start_time,264202.57978941646
taskid,907,finish_time,266637.55495431775
taskid,913,start_time,266637.55495431775
taskid,908,finish_time,266820.5554825318
taskid,914,start_time,266820.5554825318
taskid,911,finish_time,267212.23484344373
taskid,915,start_time,267212.23484344373
taskid,912,finish_time,267228.022882795
taskid,916,start_time,267228.022882795
taskid,903,finish_time,267287.90069181065
taskid,917,start_time,267287.90069181065
taskid,905,finish_time,267338.67423715536
taskid,918,start_time,267338.67423715536
taskid,909,finish_time,267365.03534161544
taskid,919,start_time,267365.03534161544
taskid,904,finish_time,267508.21733617457
taskid,920,start_time,267508.21733617457
taskid,906,finish_time,267637.2172783612
taskid,921,start_time,267637.2172783612
taskid,910,finish_time,267679.4262435398
taskid,922,start_time,267679.4262435398
taskid,855,finish_time,268540.02289067034
taskid,923,start_time,268540.02289067034
taskid,924,start_time,268540.02289067034
taskid,925,start_time,268540.02289067034
taskid,926,start_time,268540.02289067034
taskid,927,start_time,268540.02289067034
taskid,928,start_time,268540.02289067034
taskid,929,start_time,268540.02289067034
taskid,930,start_time,268540.02289067034
taskid,464,finish_time,268655.72459216893
taskid,931,start_time,268655.72459216893
taskid,913,finish_time,268905.62747171556
taskid,932,start_time,268905.62747171556
taskid,465,finish_time,269449.8288092449
taskid,933,start_time,269449.8288092449
taskid,915,finish_time,269940.2517093322
taskid,934,start_time,269940.2517093322
taskid,920,finish_time,270040.67671301076
taskid,935,start_time,270040.67671301076
taskid,914,finish_time,270134.7684315272
taskid,936,start_time,270134.7684315272
taskid,918,finish_time,270361.19662650395
taskid,937,start_time,270361.19662650395
taskid,922,finish_time,270614.814036506
taskid,938,start_time,270614.814036506
taskid,466,finish_time,270658.34390406765
taskid,939,start_time,270658.34390406765
taskid,921,finish_time,270663.5610784235
taskid,940,start_time,270663.5610784235
taskid,730,finish_time,270866.4957999002
taskid,941,start_time,270866.4957999002
taskid,942,start_time,270866.4957999002
taskid,943,start_time,270866.4957999002
taskid,944,start_time,270866.4957999002
taskid,945,start_time,270866.4957999002
taskid,946,start_time,270866.4957999002
taskid,947,start_time,270866.4957999002
taskid,948,start_time,270866.4957999002
taskid,949,start_time,270866.4957999002
taskid,950,start_time,270866.4957999002
taskid,951,start_time,270866.4957999002
taskid,952,start_time,270866.4957999002
taskid,953,start_time,270866.4957999002
taskid,928,finish_time,270927.6837619494
taskid,917,finish_time,270933.97324007354
taskid,916,finish_time,271021.6851904195
taskid,925,finish_time,271120.1716897364
taskid,919,finish_time,271171.0140489653
taskid,954,start_time,271171.0140489653
taskid,923,finish_time,271443.2493152709
taskid,930,finish_time,271564.8665051111
taskid,926,finish_time,271575.47406543174
taskid,929,finish_time,271796.6402504542
taskid,931,finish_time,271850.6159675054
taskid,924,finish_time,271920.68648436817
taskid,933,finish_time,272285.3553168791
taskid,927,finish_time,272331.55154077755
taskid,955,start_time,272331.55154077755
taskid,934,finish_time,272357.5737488107
taskid,956,start_time,272357.5737488107
taskid,932,finish_time,272397.73235295666
taskid,957,start_time,272397.73235295666
taskid,950,finish_time,273131.98895895394
taskid,958,start_time,273131.98895895394
taskid,937,finish_time,273150.7796951919
taskid,959,start_time,273150.7796951919
taskid,954,finish_time,273156.1698804151
taskid,960,start_time,273156.1698804151
taskid,961,start_time,273156.1698804151
taskid,962,start_time,273156.1698804151
taskid,963,start_time,273156.1698804151
taskid,964,start_time,273156.1698804151
taskid,965,start_time,273156.1698804151
taskid,945,finish_time,273355.6301890186
taskid,938,finish_time,273377.6734198566
taskid,942,finish_time,273480.5642405799
taskid,939,finish_time,273560.1119183578
taskid,948,finish_time,273596.6438150756
taskid,947,finish_time,273667.59962969
taskid,966,start_time,273667.59962969
taskid,951,finish_time,273781.5000762948
taskid,967,start_time,273781.5000762948
taskid,935,finish_time,273949.26129479485
taskid,943,finish_time,273969.6156361065
taskid,952,finish_time,274095.6528522226
taskid,941,finish_time,274133.80178077036
taskid,949,finish_time,274285.97779881273
taskid,936,finish_time,274425.30478528293
taskid,940,finish_time,274434.47302447574
taskid,944,finish_time,274921.0248286487
taskid,953,finish_time,274988.56419886585
taskid,946,finish_time,275204.5861848194
taskid,967,finish_time,275403.83300360997
taskid,965,finish_time,275619.8120052916
taskid,743,finish_time,277547.2727799276
taskid,832,finish_time,278767.20538881706
taskid,958,finish_time,281332.6019140357
taskid,959,finish_time,281796.9112766435
taskid,957,finish_time,284380.9267720784
taskid,960,finish_time,284580.32461699983
taskid,968,start_time,284580.32461699983
taskid,966,finish_time,286263.6221112018
taskid,732,finish_time,286420.43185493053
taskid,969,start_time,286420.43185493053
taskid,962,finish_time,287591.7010751094
taskid,963,finish_time,287663.92032136454
taskid,961,finish_time,288492.9188130518
taskid,964,finish_time,288648.5456655094
taskid,894,finish_time,290168.47446434456
taskid,970,start_time,290168.47446434456
taskid,971,start_time,290168.47446434456
taskid,972,start_time,290168.47446434456
taskid,973,start_time,290168.47446434456
taskid,974,start_time,290168.47446434456
taskid,846,finish_time,290520.239562299
taskid,969,finish_time,290627.18647164106
taskid,975,start_time,290627.18647164106
taskid,976,start_time,290627.18647164106
taskid,968,finish_time,290710.62167241774
taskid,977,start_time,290710.62167241774
taskid,978,start_time,290710.62167241774
taskid,979,start_time,290710.62167241774
taskid,980,start_time,290710.62167241774
taskid,981,start_time,290710.62167241774
taskid,982,start_time,290710.62167241774
taskid,983,start_time,290710.62167241774
taskid,984,start_time,290710.62167241774
taskid,985,start_time,290710.62167241774
taskid,982,finish_time,292000.0698969922
taskid,972,finish_time,292355.1276489425
taskid,971,finish_time,292602.1245703284
taskid,979,finish_time,292841.7728173047
taskid,976,finish_time,293002.05168826843
taskid,733,finish_time,293068.15623248124
taskid,973,finish_time,293325.7547553829
taskid,986,start_time,293325.7547553829
taskid,975,finish_time,293656.22538880585
taskid,987,start_time,293656.22538880585
taskid,988,start_time,293656.22538880585
taskid,989,start_time,293656.22538880585
taskid,985,finish_time,293929.858800319
taskid,810,finish_time,295402.5650794406
taskid,990,start_time,295402.5650794406
taskid,974,finish_time,295407.1144353356
taskid,988,finish_time,296071.5842468486
taskid,991,start_time,296071.5842468486
taskid,987,finish_time,296239.17940069945
taskid,986,finish_time,296267.12498902116
taskid,992,start_time,296267.12498902116
taskid,956,finish_time,296374.15717534255
taskid,989,finish_time,296390.195869916
taskid,990,finish_time,296662.80313905363
taskid,993,start_time,296662.80313905363
taskid,994,start_time,296662.80313905363
taskid,995,start_time,296662.80313905363
taskid,978,finish_time,296941.376914392
taskid,996,start_time,296941.376914392
taskid,997,start_time,296941.376914392
taskid,998,start_time,296941.376914392
taskid,0,finish_time,297258.7402788364
taskid,999,start_time,297258.7402788364
taskid,897,finish_time,297577.2037597663
taskid,992,finish_time,298079.08992769656
taskid,994,finish_time,298916.7319966897
taskid,993,finish_time,299159.1788207679
taskid,981,finish_time,300051.68671059376
taskid,998,finish_time,301324.7489006638
taskid,999,finish_time,301556.40291500086
taskid,902,finish_time,301908.19547658914
taskid,997,finish_time,301962.97399262444
taskid,980,finish_time,302255.9460245243
taskid,995,finish_time,305268.15862282447
taskid,996,finish_time,305870.6780825702
taskid,516,finish_time,309349.98901340796
taskid,955,finish_time,311756.71298542747
taskid,554,finish_time,314085.7580777186
taskid,850,finish_time,319245.89135947294
taskid,517,finish_time,322211.1804162386
taskid,515,finish_time,322919.9233093887
taskid,835,finish_time,325227.51360686123
taskid,718,finish_time,328757.11990435346
taskid,556,finish_time,330659.2267416013
taskid,798,finish_time,340767.9643307218
taskid,795,finish_time,344698.398183708
taskid,888,finish_time,349535.1845256678
taskid,983,finish_time,350556.40332053887
taskid,892,finish_time,356740.461961113
taskid,706,finish_time,360107.5637140452
taskid,891,finish_time,362142.18755116203
taskid,691,finish_time,366222.27257087495
taskid,766,finish_time,376565.60388003825
taskid,851,finish_time,379020.35952992004
taskid,970,finish_time,380289.60375488707
taskid,991,finish_time,382280.1338003881
taskid,977,finish_time,390910.25318543904
taskid,57,finish_time,395404.33009050676
taskid,893,finish_time,395850.97247317014
taskid,896,finish_time,406659.5188021069
taskid,984,finish_time,421266.40606354125
taskid,181,finish_time,426230.0798063622
taskid,900,finish_time,437519.2749739328
taskid,96,finish_time,447540.0765736049
taskid,214,finish_time,470141.73677925684
taskid,854,finish_time,479123.45931738545
taskid,815,finish_time,484937.7292501973
taskid,248,finish_time,509061.0250003929
taskid,154,finish_time,632617.5224453139
taskid,889,finish_time,663659.8226534582
taskid,417,finish_time,663844.3669817662
taskid,246,finish_time,671613.724926041
taskid,254,finish_time,671726.0614360189
taskid,215,finish_time,672064.7380130423
taskid,345,finish_time,732186.852817186
taskid,421,finish_time,752002.907087027
taskid,723,finish_time,796299.1013106292
