task_id,0,arriving_time,1119.4550778288658
task_id,0,gpu_num,256
task_id,1,arriving_time,1805.8993078999251
task_id,1,gpu_num,256
task_id,2,arriving_time,3193.2235947500494
task_id,2,gpu_num,512
task_id,3,arriving_time,3420.353034680458
task_id,3,gpu_num,512
task_id,4,arriving_time,4677.410462253336
task_id,4,gpu_num,512
task_id,5,arriving_time,4944.74874579683
task_id,5,gpu_num,32
task_id,6,arriving_time,5619.546622636699
task_id,6,gpu_num,32
task_id,7,arriving_time,7602.325138035703
task_id,7,gpu_num,256
task_id,8,arriving_time,8362.664667026802
task_id,8,gpu_num,256
task_id,9,arriving_time,9221.297206849904
task_id,9,gpu_num,256
task_id,10,arriving_time,11593.803636243469
task_id,10,gpu_num,256
task_id,11,arriving_time,12530.408504989224
task_id,11,gpu_num,32
task_id,12,arriving_time,13053.03401954039
task_id,12,gpu_num,256
task_id,13,arriving_time,15102.727829143301
task_id,13,gpu_num,256
task_id,14,arriving_time,15510.384495011514
task_id,14,gpu_num,32
task_id,15,arriving_time,15914.792057151179
task_id,15,gpu_num,256
task_id,16,arriving_time,16038.862118094235
task_id,16,gpu_num,256
task_id,17,arriving_time,17826.1859494193
task_id,17,gpu_num,256
task_id,18,arriving_time,18322.909938234563
task_id,18,gpu_num,32
task_id,19,arriving_time,18947.74194428163
task_id,19,gpu_num,256
task_id,20,arriving_time,19916.761868971782
task_id,20,gpu_num,256
task_id,21,arriving_time,20106.85821455749
task_id,21,gpu_num,32
task_id,22,arriving_time,20170.621798925506
task_id,22,gpu_num,32
task_id,23,arriving_time,20175.812818106766
task_id,23,gpu_num,256
task_id,24,arriving_time,20304.74104923949
task_id,24,gpu_num,32
task_id,25,arriving_time,20486.10807987576
task_id,25,gpu_num,128
task_id,26,arriving_time,20869.83886269107
task_id,26,gpu_num,32
task_id,27,arriving_time,21842.313467584994
task_id,27,gpu_num,256
task_id,28,arriving_time,22600.623157346243
task_id,28,gpu_num,32
task_id,29,arriving_time,22648.2520649259
task_id,29,gpu_num,32
task_id,30,arriving_time,23649.17659274883
task_id,30,gpu_num,256
task_id,31,arriving_time,24044.144984985618
task_id,31,gpu_num,32
task_id,32,arriving_time,24285.21563809676
task_id,32,gpu_num,256
task_id,33,arriving_time,24335.89824887914
task_id,33,gpu_num,32
task_id,34,arriving_time,24660.29899346212
task_id,34,gpu_num,32
task_id,35,arriving_time,25081.924967330484
task_id,35,gpu_num,32
task_id,36,arriving_time,29065.271955458556
task_id,36,gpu_num,32
task_id,37,arriving_time,29072.68636963513
task_id,37,gpu_num,256
task_id,38,arriving_time,29848.429099727637
task_id,38,gpu_num,32
task_id,39,arriving_time,30654.24606731991
task_id,39,gpu_num,32
task_id,40,arriving_time,30659.592178251507
task_id,40,gpu_num,32
task_id,41,arriving_time,30877.8437142259
task_id,41,gpu_num,32
task_id,42,arriving_time,31007.84551348278
task_id,42,gpu_num,32
task_id,43,arriving_time,31176.105903237494
task_id,43,gpu_num,32
task_id,44,arriving_time,33975.25499162069
task_id,44,gpu_num,32
task_id,45,arriving_time,34288.03810039723
task_id,45,gpu_num,32
task_id,46,arriving_time,35678.31396832354
task_id,46,gpu_num,32
task_id,47,arriving_time,36786.94280345862
task_id,47,gpu_num,32
task_id,48,arriving_time,36955.13353535297
task_id,48,gpu_num,32
task_id,49,arriving_time,38403.79593785754
task_id,49,gpu_num,32
task_id,50,arriving_time,39231.79359183718
task_id,50,gpu_num,32
task_id,51,arriving_time,41743.198150245684
task_id,51,gpu_num,32
task_id,52,arriving_time,42472.26909162507
task_id,52,gpu_num,32
task_id,53,arriving_time,43668.70732913698
task_id,53,gpu_num,32
task_id,54,arriving_time,43923.756886941504
task_id,54,gpu_num,32
task_id,55,arriving_time,44770.32388032546
task_id,55,gpu_num,32
task_id,56,arriving_time,45869.7511420118
task_id,56,gpu_num,32
task_id,57,arriving_time,46054.90295673308
task_id,57,gpu_num,256
task_id,58,arriving_time,46278.1730569395
task_id,58,gpu_num,256
task_id,59,arriving_time,46392.4948598117
task_id,59,gpu_num,256
task_id,60,arriving_time,47849.75818927552
task_id,60,gpu_num,1024
task_id,61,arriving_time,48049.05888654562
task_id,61,gpu_num,32
task_id,62,arriving_time,48868.06149128496
task_id,62,gpu_num,32
task_id,63,arriving_time,49139.56273344975
task_id,63,gpu_num,32
task_id,64,arriving_time,51035.685646160826
task_id,64,gpu_num,32
task_id,65,arriving_time,51371.29761841889
task_id,65,gpu_num,256
task_id,66,arriving_time,52210.521873615726
task_id,66,gpu_num,32
task_id,67,arriving_time,52600.21805805737
task_id,67,gpu_num,32
task_id,68,arriving_time,53215.30833047306
task_id,68,gpu_num,32
task_id,69,arriving_time,55184.97940844462
task_id,69,gpu_num,32
task_id,70,arriving_time,56811.64309413972
task_id,70,gpu_num,256
task_id,71,arriving_time,56894.311318927575
task_id,71,gpu_num,1024
task_id,72,arriving_time,57085.01753922438
task_id,72,gpu_num,32
task_id,73,arriving_time,57156.75919066897
task_id,73,gpu_num,32
task_id,74,arriving_time,57833.84252740072
task_id,74,gpu_num,32
task_id,75,arriving_time,59194.05456299182
task_id,75,gpu_num,256
task_id,76,arriving_time,61254.050066449716
task_id,76,gpu_num,512
task_id,77,arriving_time,62949.31274792588
task_id,77,gpu_num,256
task_id,78,arriving_time,63169.44681881929
task_id,78,gpu_num,256
task_id,79,arriving_time,63857.52022355815
task_id,79,gpu_num,32
task_id,80,arriving_time,64951.2935920149
task_id,80,gpu_num,256
task_id,81,arriving_time,65277.80939690491
task_id,81,gpu_num,32
task_id,82,arriving_time,65501.14811112421
task_id,82,gpu_num,512
task_id,83,arriving_time,68270.60489197154
task_id,83,gpu_num,32
task_id,84,arriving_time,73377.93903251179
task_id,84,gpu_num,32
task_id,85,arriving_time,73791.81465710446
task_id,85,gpu_num,256
task_id,86,arriving_time,74533.35557303828
task_id,86,gpu_num,128
task_id,87,arriving_time,74821.61883735273
task_id,87,gpu_num,512
task_id,88,arriving_time,76758.48290324262
task_id,88,gpu_num,512
task_id,89,arriving_time,79593.78143348274
task_id,89,gpu_num,128
task_id,90,arriving_time,80223.52214434571
task_id,90,gpu_num,32
task_id,91,arriving_time,80293.38556210627
task_id,91,gpu_num,32
task_id,92,arriving_time,80968.95569393302
task_id,92,gpu_num,128
task_id,93,arriving_time,82316.74645500397
task_id,93,gpu_num,32
task_id,94,arriving_time,83926.36542534608
task_id,94,gpu_num,256
task_id,95,arriving_time,85709.30384189945
task_id,95,gpu_num,512
task_id,96,arriving_time,85863.28768394236
task_id,96,gpu_num,256
task_id,97,arriving_time,86112.84639766901
task_id,97,gpu_num,512
task_id,98,arriving_time,87437.28326047819
task_id,98,gpu_num,512
task_id,99,arriving_time,87514.36861707542
task_id,99,gpu_num,256
task_id,100,arriving_time,88704.34642037218
task_id,100,gpu_num,512
task_id,101,arriving_time,88869.01262753391
task_id,101,gpu_num,32
task_id,102,arriving_time,90918.17669564826
task_id,102,gpu_num,256
task_id,103,arriving_time,95435.4045693166
task_id,103,gpu_num,256
task_id,104,arriving_time,96126.48293992219
task_id,104,gpu_num,128
task_id,105,arriving_time,96720.35403806696
task_id,105,gpu_num,256
task_id,106,arriving_time,96924.38640086957
task_id,106,gpu_num,256
task_id,107,arriving_time,98987.25605731903
task_id,107,gpu_num,256
task_id,108,arriving_time,99705.56835976616
task_id,108,gpu_num,256
task_id,109,arriving_time,99832.794624314
task_id,109,gpu_num,128
task_id,110,arriving_time,99959.91330415828
task_id,110,gpu_num,256
task_id,111,arriving_time,100228.28156897676
task_id,111,gpu_num,512
task_id,112,arriving_time,100394.76725801773
task_id,112,gpu_num,128
task_id,113,arriving_time,101098.42834884982
task_id,113,gpu_num,256
task_id,114,arriving_time,102250.25971846186
task_id,114,gpu_num,256
task_id,115,arriving_time,104085.08056817205
task_id,115,gpu_num,256
task_id,116,arriving_time,105394.83684434312
task_id,116,gpu_num,32
task_id,117,arriving_time,106869.29613009507
task_id,117,gpu_num,32
task_id,118,arriving_time,106930.92789509035
task_id,118,gpu_num,32
task_id,119,arriving_time,109932.5447683394
task_id,119,gpu_num,32
task_id,120,arriving_time,109991.65677878394
task_id,120,gpu_num,32
task_id,121,arriving_time,110218.03838324368
task_id,121,gpu_num,32
task_id,122,arriving_time,110470.29253914763
task_id,122,gpu_num,32
task_id,123,arriving_time,112227.74097498943
task_id,123,gpu_num,32
task_id,124,arriving_time,113203.86410996903
task_id,124,gpu_num,256
task_id,125,arriving_time,113233.29496847703
task_id,125,gpu_num,32
task_id,126,arriving_time,113273.13185592207
task_id,126,gpu_num,32
task_id,127,arriving_time,113440.19562646707
task_id,127,gpu_num,32
task_id,128,arriving_time,113673.81825141067
task_id,128,gpu_num,32
task_id,129,arriving_time,116473.642962876
task_id,129,gpu_num,32
task_id,130,arriving_time,117719.68545620091
task_id,130,gpu_num,32
task_id,131,arriving_time,117952.47988550784
task_id,131,gpu_num,256
task_id,132,arriving_time,118079.17723805271
task_id,132,gpu_num,256
task_id,133,arriving_time,119607.90976420447
task_id,133,gpu_num,256
task_id,134,arriving_time,119755.30137235094
task_id,134,gpu_num,256
task_id,135,arriving_time,122175.81812433699
task_id,135,gpu_num,256
task_id,136,arriving_time,122436.39174379752
task_id,136,gpu_num,256
task_id,137,arriving_time,122789.58894593902
task_id,137,gpu_num,256
task_id,138,arriving_time,124750.67583438309
task_id,138,gpu_num,32
task_id,139,arriving_time,125723.21863868294
task_id,139,gpu_num,256
task_id,140,arriving_time,125862.4436412883
task_id,140,gpu_num,32
task_id,141,arriving_time,126431.38933373624
task_id,141,gpu_num,512
task_id,142,arriving_time,127594.6117572696
task_id,142,gpu_num,256
task_id,143,arriving_time,128230.53545931065
task_id,143,gpu_num,512
task_id,144,arriving_time,128704.79259135552
task_id,144,gpu_num,32
task_id,145,arriving_time,128916.46551871022
task_id,145,gpu_num,256
task_id,146,arriving_time,130198.03330217765
task_id,146,gpu_num,32
task_id,147,arriving_time,131254.22791500695
task_id,147,gpu_num,256
task_id,148,arriving_time,135029.68195388676
task_id,148,gpu_num,32
task_id,149,arriving_time,135862.72372853427
task_id,149,gpu_num,256
task_id,150,arriving_time,136027.85917790516
task_id,150,gpu_num,256
task_id,151,arriving_time,136764.56153781456
task_id,151,gpu_num,32
task_id,152,arriving_time,137497.8707218797
task_id,152,gpu_num,512
task_id,153,arriving_time,137628.65452284963
task_id,153,gpu_num,256
task_id,154,arriving_time,138033.50575975375
task_id,154,gpu_num,256
task_id,155,arriving_time,139664.7563776769
task_id,155,gpu_num,256
task_id,156,arriving_time,139982.05355244825
task_id,156,gpu_num,256
task_id,157,arriving_time,141757.59554208667
task_id,157,gpu_num,256
task_id,158,arriving_time,142173.74012865813
task_id,158,gpu_num,32
task_id,159,arriving_time,143467.06667483624
task_id,159,gpu_num,32
task_id,160,arriving_time,143575.98377248505
task_id,160,gpu_num,256
task_id,161,arriving_time,144449.34813978287
task_id,161,gpu_num,32
task_id,162,arriving_time,144797.71799421826
task_id,162,gpu_num,32
task_id,163,arriving_time,145149.35292339776
task_id,163,gpu_num,32
task_id,164,arriving_time,146864.01061203802
task_id,164,gpu_num,32
task_id,165,arriving_time,148027.5367986681
task_id,165,gpu_num,512
task_id,166,arriving_time,148248.01503629252
task_id,166,gpu_num,32
task_id,167,arriving_time,148341.5565265038
task_id,167,gpu_num,32
task_id,168,arriving_time,148731.51536428422
task_id,168,gpu_num,256
task_id,169,arriving_time,149681.8106645827
task_id,169,gpu_num,256
task_id,170,arriving_time,151357.28286814218
task_id,170,gpu_num,256
task_id,171,arriving_time,151926.40118361538
task_id,171,gpu_num,32
task_id,172,arriving_time,154685.29352890782
task_id,172,gpu_num,32
task_id,173,arriving_time,154814.68704639445
task_id,173,gpu_num,256
task_id,174,arriving_time,155234.8473731768
task_id,174,gpu_num,256
task_id,175,arriving_time,156063.69597474494
task_id,175,gpu_num,32
task_id,176,arriving_time,156578.48884640465
task_id,176,gpu_num,32
task_id,177,arriving_time,160047.2799362107
task_id,177,gpu_num,32
task_id,178,arriving_time,160309.17277809227
task_id,178,gpu_num,256
task_id,179,arriving_time,161947.42366336787
task_id,179,gpu_num,256
task_id,180,arriving_time,162262.3471999911
task_id,180,gpu_num,256
task_id,181,arriving_time,162593.5311526372
task_id,181,gpu_num,512
task_id,182,arriving_time,163931.4400933384
task_id,182,gpu_num,512
task_id,183,arriving_time,164362.9668370108
task_id,183,gpu_num,256
task_id,184,arriving_time,164894.6139596557
task_id,184,gpu_num,256
task_id,185,arriving_time,166160.64556571533
task_id,185,gpu_num,32
task_id,186,arriving_time,166254.22371852363
task_id,186,gpu_num,256
task_id,187,arriving_time,166816.39557108664
task_id,187,gpu_num,32
task_id,188,arriving_time,167638.5789477153
task_id,188,gpu_num,32
task_id,189,arriving_time,168744.66137769877
task_id,189,gpu_num,32
task_id,190,arriving_time,168923.39165940162
task_id,190,gpu_num,32
task_id,191,arriving_time,170788.1406639084
task_id,191,gpu_num,32
task_id,192,arriving_time,170975.02830574135
task_id,192,gpu_num,32
task_id,193,arriving_time,171111.77321024204
task_id,193,gpu_num,256
task_id,194,arriving_time,171882.30670177532
task_id,194,gpu_num,256
task_id,195,arriving_time,173729.00478034388
task_id,195,gpu_num,512
task_id,196,arriving_time,173741.62793360354
task_id,196,gpu_num,256
task_id,197,arriving_time,174200.5563548435
task_id,197,gpu_num,256
task_id,198,arriving_time,174610.06225331526
task_id,198,gpu_num,256
task_id,199,arriving_time,176782.07751441642
task_id,199,gpu_num,256
task_id,200,arriving_time,177336.36044208956
task_id,200,gpu_num,256
task_id,201,arriving_time,177558.98958893793
task_id,201,gpu_num,128
task_id,202,arriving_time,178567.5515067036
task_id,202,gpu_num,256
task_id,203,arriving_time,180008.7958138574
task_id,203,gpu_num,128
task_id,204,arriving_time,182199.90651552178
task_id,204,gpu_num,256
task_id,205,arriving_time,184671.66324629926
task_id,205,gpu_num,256
task_id,206,arriving_time,185767.58790964668
task_id,206,gpu_num,512
task_id,207,arriving_time,185785.9434755722
task_id,207,gpu_num,256
task_id,208,arriving_time,187413.54564178395
task_id,208,gpu_num,512
task_id,209,arriving_time,188760.40266700383
task_id,209,gpu_num,256
task_id,210,arriving_time,188960.0383245597
task_id,210,gpu_num,256
task_id,211,arriving_time,189570.42001677718
task_id,211,gpu_num,32
task_id,212,arriving_time,191491.7030276361
task_id,212,gpu_num,512
task_id,213,arriving_time,191931.75731331905
task_id,213,gpu_num,32
task_id,214,arriving_time,191948.32408086525
task_id,214,gpu_num,256
task_id,215,arriving_time,192981.5832620904
task_id,215,gpu_num,256
task_id,216,arriving_time,193622.53426423695
task_id,216,gpu_num,32
task_id,217,arriving_time,193819.0753191584
task_id,217,gpu_num,512
task_id,218,arriving_time,197405.01158576383
task_id,218,gpu_num,512
task_id,219,arriving_time,197435.9415873787
task_id,219,gpu_num,32
task_id,220,arriving_time,197935.83808999916
task_id,220,gpu_num,1024
task_id,221,arriving_time,199263.52672383975
task_id,221,gpu_num,32
task_id,222,arriving_time,201107.15280294005
task_id,222,gpu_num,32
task_id,223,arriving_time,203575.83002019464
task_id,223,gpu_num,256
task_id,224,arriving_time,205774.7050264562
task_id,224,gpu_num,256
task_id,225,arriving_time,207655.04362823797
task_id,225,gpu_num,256
task_id,226,arriving_time,210017.76499908083
task_id,226,gpu_num,256
task_id,227,arriving_time,211426.70721789935
task_id,227,gpu_num,128
task_id,228,arriving_time,212458.74546913579
task_id,228,gpu_num,32
task_id,229,arriving_time,213743.75404313888
task_id,229,gpu_num,32
task_id,230,arriving_time,214301.92457162385
task_id,230,gpu_num,32
task_id,231,arriving_time,214808.58316342774
task_id,231,gpu_num,32
task_id,232,arriving_time,215736.43001116998
task_id,232,gpu_num,32
task_id,233,arriving_time,215752.29477582892
task_id,233,gpu_num,128
task_id,234,arriving_time,216197.44148843008
task_id,234,gpu_num,128
task_id,235,arriving_time,217110.00907441752
task_id,235,gpu_num,32
task_id,236,arriving_time,217504.44214730844
task_id,236,gpu_num,32
task_id,237,arriving_time,218713.04318637864
task_id,237,gpu_num,32
task_id,238,arriving_time,218772.8118720545
task_id,238,gpu_num,32
task_id,239,arriving_time,219048.6453994459
task_id,239,gpu_num,32
task_id,240,arriving_time,220745.08495756192
task_id,240,gpu_num,32
task_id,241,arriving_time,220866.1033480987
task_id,241,gpu_num,128
task_id,242,arriving_time,222186.5404276212
task_id,242,gpu_num,32
task_id,243,arriving_time,222589.7716651932
task_id,243,gpu_num,32
task_id,244,arriving_time,223558.60046678653
task_id,244,gpu_num,32
task_id,245,arriving_time,223780.90048405618
task_id,245,gpu_num,32
task_id,246,arriving_time,223882.1544260157
task_id,246,gpu_num,128
task_id,247,arriving_time,224582.88359734483
task_id,247,gpu_num,32
task_id,248,arriving_time,224700.75951700337
task_id,248,gpu_num,128
task_id,249,arriving_time,224812.3595749499
task_id,249,gpu_num,32
task_id,250,arriving_time,225710.65817374978
task_id,250,gpu_num,32
task_id,251,arriving_time,226250.2437849824
task_id,251,gpu_num,32
task_id,252,arriving_time,229688.0108593019
task_id,252,gpu_num,32
task_id,253,arriving_time,229787.5783694219
task_id,253,gpu_num,32
task_id,254,arriving_time,229913.91527678884
task_id,254,gpu_num,128
task_id,255,arriving_time,229924.75705783314
task_id,255,gpu_num,32
task_id,256,arriving_time,230446.71451362938
task_id,256,gpu_num,32
task_id,257,arriving_time,230576.42351161042
task_id,257,gpu_num,32
task_id,258,arriving_time,230869.2847268268
task_id,258,gpu_num,32
task_id,259,arriving_time,231511.91331283987
task_id,259,gpu_num,32
task_id,260,arriving_time,231597.45968596824
task_id,260,gpu_num,32
task_id,261,arriving_time,232367.71027207098
task_id,261,gpu_num,32
task_id,262,arriving_time,232831.08833337392
task_id,262,gpu_num,256
task_id,263,arriving_time,233784.799580067
task_id,263,gpu_num,32
task_id,264,arriving_time,234483.60482172607
task_id,264,gpu_num,32
task_id,265,arriving_time,234744.11499549382
task_id,265,gpu_num,32
task_id,266,arriving_time,236732.7340173881
task_id,266,gpu_num,32
task_id,267,arriving_time,236786.19046573353
task_id,267,gpu_num,32
task_id,268,arriving_time,236858.37466743804
task_id,268,gpu_num,256
task_id,269,arriving_time,237028.85115472527
task_id,269,gpu_num,256
task_id,270,arriving_time,237346.8376461876
task_id,270,gpu_num,32
task_id,271,arriving_time,237475.55237091295
task_id,271,gpu_num,32
task_id,272,arriving_time,237687.88978609146
task_id,272,gpu_num,32
task_id,273,arriving_time,237838.0810643865
task_id,273,gpu_num,32
task_id,274,arriving_time,240110.0302794135
task_id,274,gpu_num,32
task_id,275,arriving_time,241254.44116744766
task_id,275,gpu_num,32
task_id,276,arriving_time,241661.06378082835
task_id,276,gpu_num,32
task_id,277,arriving_time,245554.82433943788
task_id,277,gpu_num,32
task_id,278,arriving_time,249092.30412585987
task_id,278,gpu_num,256
task_id,279,arriving_time,249920.54388760062
task_id,279,gpu_num,32
task_id,280,arriving_time,251384.5350742448
task_id,280,gpu_num,32
task_id,281,arriving_time,251513.67786991078
task_id,281,gpu_num,1024
task_id,282,arriving_time,251966.81976166804
task_id,282,gpu_num,256
task_id,283,arriving_time,253634.07176467488
task_id,283,gpu_num,256
task_id,284,arriving_time,253635.64776404045
task_id,284,gpu_num,32
task_id,285,arriving_time,253698.56103158364
task_id,285,gpu_num,1024
task_id,286,arriving_time,254160.438982236
task_id,286,gpu_num,32
task_id,287,arriving_time,254516.37897669658
task_id,287,gpu_num,256
task_id,288,arriving_time,254648.26147668195
task_id,288,gpu_num,32
task_id,289,arriving_time,255703.41946439492
task_id,289,gpu_num,32
task_id,290,arriving_time,255809.01048639102
task_id,290,gpu_num,32
task_id,291,arriving_time,257940.35421646805
task_id,291,gpu_num,32
task_id,292,arriving_time,257989.47583648833
task_id,292,gpu_num,32
task_id,293,arriving_time,259005.9588837224
task_id,293,gpu_num,32
task_id,294,arriving_time,261256.02383213595
task_id,294,gpu_num,32
task_id,295,arriving_time,261583.8172131726
task_id,295,gpu_num,512
task_id,296,arriving_time,262022.49096970112
task_id,296,gpu_num,256
task_id,297,arriving_time,262046.19653473375
task_id,297,gpu_num,256
task_id,298,arriving_time,262175.92825729796
task_id,298,gpu_num,32
task_id,299,arriving_time,263658.9532157613
task_id,299,gpu_num,512
task_id,300,arriving_time,263744.35534163384
task_id,300,gpu_num,256
task_id,301,arriving_time,264088.5200549238
task_id,301,gpu_num,512
task_id,302,arriving_time,264185.4990291615
task_id,302,gpu_num,512
task_id,303,arriving_time,265333.442327323
task_id,303,gpu_num,32
task_id,304,arriving_time,265703.1804705249
task_id,304,gpu_num,32
task_id,305,arriving_time,266416.41536986764
task_id,305,gpu_num,512
task_id,306,arriving_time,267167.08721640223
task_id,306,gpu_num,256
task_id,307,arriving_time,267360.22171224444
task_id,307,gpu_num,256
task_id,308,arriving_time,267456.1256452346
task_id,308,gpu_num,256
task_id,309,arriving_time,268769.5290115425
task_id,309,gpu_num,32
task_id,310,arriving_time,268880.87159063143
task_id,310,gpu_num,1024
task_id,311,arriving_time,269787.6677334699
task_id,311,gpu_num,32
task_id,312,arriving_time,271685.0768256985
task_id,312,gpu_num,32
task_id,313,arriving_time,272518.9250381579
task_id,313,gpu_num,32
task_id,314,arriving_time,273211.2675521161
task_id,314,gpu_num,32
task_id,315,arriving_time,273446.0087864839
task_id,315,gpu_num,32
task_id,316,arriving_time,274705.4792317203
task_id,316,gpu_num,256
task_id,317,arriving_time,275477.72454170557
task_id,317,gpu_num,256
task_id,318,arriving_time,275871.851858996
task_id,318,gpu_num,512
task_id,319,arriving_time,276294.20622827526
task_id,319,gpu_num,32
task_id,320,arriving_time,277772.345412014
task_id,320,gpu_num,32
task_id,321,arriving_time,277794.6630209964
task_id,321,gpu_num,32
task_id,322,arriving_time,278616.2538264346
task_id,322,gpu_num,32
task_id,323,arriving_time,278882.81734698516
task_id,323,gpu_num,256
task_id,324,arriving_time,280141.77562220587
task_id,324,gpu_num,32
task_id,325,arriving_time,281281.18987109937
task_id,325,gpu_num,32
task_id,326,arriving_time,281818.8789355628
task_id,326,gpu_num,32
task_id,327,arriving_time,282355.5971647783
task_id,327,gpu_num,32
task_id,328,arriving_time,282377.7050059585
task_id,328,gpu_num,32
task_id,329,arriving_time,282486.1378566788
task_id,329,gpu_num,32
task_id,330,arriving_time,282521.77679912554
task_id,330,gpu_num,32
task_id,331,arriving_time,285019.65718879545
task_id,331,gpu_num,32
task_id,332,arriving_time,285731.77182156994
task_id,332,gpu_num,32
task_id,333,arriving_time,286793.7472216473
task_id,333,gpu_num,32
task_id,334,arriving_time,287639.4920621665
task_id,334,gpu_num,256
task_id,335,arriving_time,288450.77491114655
task_id,335,gpu_num,256
task_id,336,arriving_time,289244.2731073553
task_id,336,gpu_num,512
task_id,337,arriving_time,290014.4873370843
task_id,337,gpu_num,32
task_id,338,arriving_time,290360.2609227294
task_id,338,gpu_num,32
task_id,339,arriving_time,290722.9553396348
task_id,339,gpu_num,32
task_id,340,arriving_time,291009.452989561
task_id,340,gpu_num,256
task_id,341,arriving_time,291938.9919406525
task_id,341,gpu_num,256
task_id,342,arriving_time,291970.5339112073
task_id,342,gpu_num,256
task_id,343,arriving_time,292096.7487335608
task_id,343,gpu_num,32
task_id,344,arriving_time,293068.0074275403
task_id,344,gpu_num,32
task_id,345,arriving_time,293334.8994633362
task_id,345,gpu_num,512
task_id,346,arriving_time,294375.2330134783
task_id,346,gpu_num,32
task_id,347,arriving_time,295514.3881100206
task_id,347,gpu_num,32
task_id,348,arriving_time,296334.1102463849
task_id,348,gpu_num,512
task_id,349,arriving_time,296376.8604116629
task_id,349,gpu_num,32
task_id,350,arriving_time,296733.39867463044
task_id,350,gpu_num,32
task_id,351,arriving_time,297008.09671594395
task_id,351,gpu_num,32
task_id,352,arriving_time,298882.8874120656
task_id,352,gpu_num,256
task_id,353,arriving_time,300731.4629345973
task_id,353,gpu_num,32
task_id,354,arriving_time,301409.58257624425
task_id,354,gpu_num,32
task_id,355,arriving_time,301693.9411613695
task_id,355,gpu_num,32
task_id,356,arriving_time,303130.2735412808
task_id,356,gpu_num,512
task_id,357,arriving_time,304063.78412863665
task_id,357,gpu_num,256
task_id,358,arriving_time,304419.57312527153
task_id,358,gpu_num,512
task_id,359,arriving_time,305321.34804524
task_id,359,gpu_num,512
task_id,360,arriving_time,305889.5630149055
task_id,360,gpu_num,32
task_id,361,arriving_time,306840.3310019849
task_id,361,gpu_num,256
task_id,362,arriving_time,307418.0875283845
task_id,362,gpu_num,32
task_id,363,arriving_time,307670.1181185731
task_id,363,gpu_num,32
task_id,364,arriving_time,308702.61277962313
task_id,364,gpu_num,32
task_id,365,arriving_time,311279.93847735977
task_id,365,gpu_num,32
task_id,366,arriving_time,312427.1230843386
task_id,366,gpu_num,32
task_id,367,arriving_time,312687.73139448225
task_id,367,gpu_num,32
task_id,368,arriving_time,312791.5984649276
task_id,368,gpu_num,32
task_id,369,arriving_time,313081.1110648994
task_id,369,gpu_num,32
task_id,370,arriving_time,313585.6488299461
task_id,370,gpu_num,32
task_id,371,arriving_time,313912.52217526216
task_id,371,gpu_num,32
task_id,372,arriving_time,314886.4909046002
task_id,372,gpu_num,32
task_id,373,arriving_time,314904.59577309276
task_id,373,gpu_num,32
task_id,374,arriving_time,314980.54443709436
task_id,374,gpu_num,32
task_id,375,arriving_time,316628.4106150144
task_id,375,gpu_num,32
task_id,376,arriving_time,317772.7436625833
task_id,376,gpu_num,256
task_id,377,arriving_time,319121.97464262054
task_id,377,gpu_num,32
task_id,378,arriving_time,319418.54436063935
task_id,378,gpu_num,32
task_id,379,arriving_time,319756.5209576626
task_id,379,gpu_num,32
task_id,380,arriving_time,324596.89447270415
task_id,380,gpu_num,32
task_id,381,arriving_time,324701.4242643354
task_id,381,gpu_num,32
task_id,382,arriving_time,325393.3289762638
task_id,382,gpu_num,32
task_id,383,arriving_time,326103.47753107466
task_id,383,gpu_num,32
task_id,384,arriving_time,326345.57694717543
task_id,384,gpu_num,32
task_id,385,arriving_time,326501.87719270913
task_id,385,gpu_num,32
task_id,386,arriving_time,326790.1496731108
task_id,386,gpu_num,32
task_id,387,arriving_time,326916.7494593352
task_id,387,gpu_num,32
task_id,388,arriving_time,327706.63255608524
task_id,388,gpu_num,32
task_id,389,arriving_time,328338.6225724435
task_id,389,gpu_num,32
task_id,390,arriving_time,329103.34012948914
task_id,390,gpu_num,32
task_id,391,arriving_time,329801.663956565
task_id,391,gpu_num,32
task_id,392,arriving_time,331622.3805731646
task_id,392,gpu_num,256
task_id,393,arriving_time,331735.37897754373
task_id,393,gpu_num,32
task_id,394,arriving_time,333242.62596902304
task_id,394,gpu_num,32
task_id,395,arriving_time,333505.56990871136
task_id,395,gpu_num,32
task_id,396,arriving_time,335453.4997163218
task_id,396,gpu_num,32
task_id,397,arriving_time,335851.0044750254
task_id,397,gpu_num,32
task_id,398,arriving_time,336362.13436297304
task_id,398,gpu_num,32
task_id,399,arriving_time,336477.254955996
task_id,399,gpu_num,32
task_id,400,arriving_time,337367.62039556896
task_id,400,gpu_num,32
task_id,401,arriving_time,338428.2185377944
task_id,401,gpu_num,32
task_id,402,arriving_time,338693.98386642424
task_id,402,gpu_num,256
task_id,403,arriving_time,339285.76293999824
task_id,403,gpu_num,32
task_id,404,arriving_time,340458.58257350954
task_id,404,gpu_num,32
task_id,405,arriving_time,340866.68722797453
task_id,405,gpu_num,256
task_id,406,arriving_time,340879.1815305769
task_id,406,gpu_num,32
task_id,407,arriving_time,341190.4667631954
task_id,407,gpu_num,32
task_id,408,arriving_time,341500.37635980564
task_id,408,gpu_num,32
task_id,409,arriving_time,341821.21660589194
task_id,409,gpu_num,32
task_id,410,arriving_time,342118.7628292049
task_id,410,gpu_num,32
task_id,411,arriving_time,342216.68288071797
task_id,411,gpu_num,32
task_id,412,arriving_time,342859.10933059134
task_id,412,gpu_num,32
task_id,413,arriving_time,346683.9799741945
task_id,413,gpu_num,32
task_id,414,arriving_time,347364.5930412894
task_id,414,gpu_num,32
task_id,415,arriving_time,347944.7367739479
task_id,415,gpu_num,32
task_id,416,arriving_time,348059.6490957841
task_id,416,gpu_num,512
task_id,417,arriving_time,350540.1890144343
task_id,417,gpu_num,512
task_id,418,arriving_time,350820.4066790801
task_id,418,gpu_num,32
task_id,419,arriving_time,351369.72078214836
task_id,419,gpu_num,32
task_id,420,arriving_time,352007.3205989874
task_id,420,gpu_num,32
task_id,421,arriving_time,352289.48646310286
task_id,421,gpu_num,256
task_id,422,arriving_time,353268.9098048856
task_id,422,gpu_num,32
task_id,423,arriving_time,354066.20838828303
task_id,423,gpu_num,32
task_id,424,arriving_time,354312.43560190254
task_id,424,gpu_num,32
task_id,425,arriving_time,354668.80543819215
task_id,425,gpu_num,32
task_id,426,arriving_time,355310.27191915223
task_id,426,gpu_num,32
task_id,427,arriving_time,357006.8982963407
task_id,427,gpu_num,32
task_id,428,arriving_time,358953.8616496814
task_id,428,gpu_num,32
task_id,429,arriving_time,359128.2658161507
task_id,429,gpu_num,32
task_id,430,arriving_time,359452.54475057893
task_id,430,gpu_num,32
task_id,431,arriving_time,360224.3874903025
task_id,431,gpu_num,512
task_id,432,arriving_time,360990.06525322946
task_id,432,gpu_num,256
task_id,433,arriving_time,362544.02589573833
task_id,433,gpu_num,32
task_id,434,arriving_time,362582.851125235
task_id,434,gpu_num,32
task_id,435,arriving_time,362592.1300555195
task_id,435,gpu_num,32
task_id,436,arriving_time,362698.5933870717
task_id,436,gpu_num,32
task_id,437,arriving_time,364016.121130835
task_id,437,gpu_num,32
task_id,438,arriving_time,365963.2461778978
task_id,438,gpu_num,32
task_id,439,arriving_time,366923.48461258836
task_id,439,gpu_num,32
task_id,440,arriving_time,368405.06358157215
task_id,440,gpu_num,32
task_id,441,arriving_time,368570.8043034666
task_id,441,gpu_num,32
task_id,442,arriving_time,369247.45749033574
task_id,442,gpu_num,32
task_id,443,arriving_time,371862.7361661736
task_id,443,gpu_num,32
task_id,444,arriving_time,372120.14002075227
task_id,444,gpu_num,32
task_id,445,arriving_time,372999.6327806808
task_id,445,gpu_num,32
task_id,446,arriving_time,373361.3900648114
task_id,446,gpu_num,1024
task_id,447,arriving_time,374280.0272373133
task_id,447,gpu_num,32
task_id,448,arriving_time,375126.14524239814
task_id,448,gpu_num,32
task_id,449,arriving_time,376703.0597644018
task_id,449,gpu_num,32
task_id,450,arriving_time,378054.15994688333
task_id,450,gpu_num,32
task_id,451,arriving_time,378690.54634861526
task_id,451,gpu_num,32
task_id,452,arriving_time,378879.3827167618
task_id,452,gpu_num,32
task_id,453,arriving_time,379339.9203565747
task_id,453,gpu_num,256
task_id,454,arriving_time,381606.8331211521
task_id,454,gpu_num,512
task_id,455,arriving_time,383094.6603531717
task_id,455,gpu_num,1024
task_id,456,arriving_time,385930.35812716704
task_id,456,gpu_num,512
task_id,457,arriving_time,386304.14050548105
task_id,457,gpu_num,256
task_id,458,arriving_time,386377.14490612556
task_id,458,gpu_num,512
task_id,459,arriving_time,388484.67193694407
task_id,459,gpu_num,32
task_id,460,arriving_time,388970.843093831
task_id,460,gpu_num,512
task_id,461,arriving_time,389103.1274830364
task_id,461,gpu_num,256
task_id,462,arriving_time,389134.8710336113
task_id,462,gpu_num,256
task_id,463,arriving_time,390242.28048358194
task_id,463,gpu_num,256
task_id,464,arriving_time,390916.12358395447
task_id,464,gpu_num,32
task_id,465,arriving_time,391974.7250470215
task_id,465,gpu_num,32
task_id,466,arriving_time,393160.05219556764
task_id,466,gpu_num,32
task_id,467,arriving_time,393486.45786126936
task_id,467,gpu_num,256
task_id,468,arriving_time,393895.3832795944
task_id,468,gpu_num,32
task_id,469,arriving_time,394151.5543639072
task_id,469,gpu_num,32
task_id,470,arriving_time,395182.2515098019
task_id,470,gpu_num,32
task_id,471,arriving_time,395837.1610086841
task_id,471,gpu_num,32
task_id,472,arriving_time,398644.1214173724
task_id,472,gpu_num,32
task_id,473,arriving_time,400618.21997767314
task_id,473,gpu_num,32
task_id,474,arriving_time,401500.2817550412
task_id,474,gpu_num,32
task_id,475,arriving_time,406643.27390394977
task_id,475,gpu_num,32
task_id,476,arriving_time,407155.2049616862
task_id,476,gpu_num,32
task_id,477,arriving_time,407281.5809685972
task_id,477,gpu_num,32
task_id,478,arriving_time,407519.0228974283
task_id,478,gpu_num,512
task_id,479,arriving_time,407994.93584252155
task_id,479,gpu_num,512
task_id,480,arriving_time,408275.7182701398
task_id,480,gpu_num,32
task_id,481,arriving_time,409579.951647542
task_id,481,gpu_num,32
task_id,482,arriving_time,410255.6956274241
task_id,482,gpu_num,32
task_id,483,arriving_time,411203.0926480746
task_id,483,gpu_num,32
task_id,484,arriving_time,411462.19333173585
task_id,484,gpu_num,32
task_id,485,arriving_time,413649.2695439586
task_id,485,gpu_num,32
task_id,486,arriving_time,414326.23666052317
task_id,486,gpu_num,32
task_id,487,arriving_time,414579.21207320894
task_id,487,gpu_num,32
task_id,488,arriving_time,416374.4236798637
task_id,488,gpu_num,32
task_id,489,arriving_time,416724.38275140215
task_id,489,gpu_num,32
task_id,490,arriving_time,416967.48970673874
task_id,490,gpu_num,32
task_id,491,arriving_time,417010.83615958743
task_id,491,gpu_num,512
task_id,492,arriving_time,417451.3685074585
task_id,492,gpu_num,32
task_id,493,arriving_time,417927.4322058329
task_id,493,gpu_num,32
task_id,494,arriving_time,418439.7311774721
task_id,494,gpu_num,512
task_id,495,arriving_time,418691.81550420984
task_id,495,gpu_num,32
task_id,496,arriving_time,419215.64634893596
task_id,496,gpu_num,32
task_id,497,arriving_time,419732.2777279994
task_id,497,gpu_num,32
task_id,498,arriving_time,420289.0690128316
task_id,498,gpu_num,32
task_id,499,arriving_time,420545.45992244966
task_id,499,gpu_num,32
task_id,500,arriving_time,420943.57764370186
task_id,500,gpu_num,32
task_id,501,arriving_time,421126.7945184963
task_id,501,gpu_num,32
task_id,502,arriving_time,421209.45380941976
task_id,502,gpu_num,32
task_id,503,arriving_time,421331.9955592879
task_id,503,gpu_num,32
task_id,504,arriving_time,422806.0440895327
task_id,504,gpu_num,32
task_id,505,arriving_time,423059.3227818618
task_id,505,gpu_num,32
task_id,506,arriving_time,423262.3866238859
task_id,506,gpu_num,32
task_id,507,arriving_time,424277.79415705934
task_id,507,gpu_num,32
task_id,508,arriving_time,427274.9095332476
task_id,508,gpu_num,32
task_id,509,arriving_time,427756.3755822001
task_id,509,gpu_num,32
task_id,510,arriving_time,428665.3450682423
task_id,510,gpu_num,32
task_id,511,arriving_time,429138.6743612807
task_id,511,gpu_num,32
task_id,512,arriving_time,429584.6239520071
task_id,512,gpu_num,256
task_id,513,arriving_time,429902.1747021123
task_id,513,gpu_num,32
task_id,514,arriving_time,430228.628041791
task_id,514,gpu_num,32
task_id,515,arriving_time,430578.9347651363
task_id,515,gpu_num,256
task_id,516,arriving_time,430805.5800927255
task_id,516,gpu_num,256
task_id,517,arriving_time,434190.0124457668
task_id,517,gpu_num,256
task_id,518,arriving_time,434904.65183851693
task_id,518,gpu_num,32
task_id,519,arriving_time,436384.6239837978
task_id,519,gpu_num,32
task_id,520,arriving_time,437791.390164821
task_id,520,gpu_num,32
task_id,521,arriving_time,438208.7763720314
task_id,521,gpu_num,32
task_id,522,arriving_time,438287.41077535384
task_id,522,gpu_num,32
task_id,523,arriving_time,438985.42036138574
task_id,523,gpu_num,32
task_id,524,arriving_time,443594.476381711
task_id,524,gpu_num,512
task_id,525,arriving_time,443714.7991624371
task_id,525,gpu_num,256
task_id,526,arriving_time,448701.13967597904
task_id,526,gpu_num,256
task_id,527,arriving_time,449598.2141194972
task_id,527,gpu_num,256
task_id,528,arriving_time,450343.27165542706
task_id,528,gpu_num,32
task_id,529,arriving_time,451667.91122990055
task_id,529,gpu_num,32
task_id,530,arriving_time,452534.25175296003
task_id,530,gpu_num,32
task_id,531,arriving_time,452956.6621893474
task_id,531,gpu_num,32
task_id,532,arriving_time,454563.8647686331
task_id,532,gpu_num,32
task_id,533,arriving_time,454605.64358150103
task_id,533,gpu_num,32
task_id,534,arriving_time,456967.6062246428
task_id,534,gpu_num,32
task_id,535,arriving_time,457673.9367335191
task_id,535,gpu_num,32
task_id,536,arriving_time,458161.3701206799
task_id,536,gpu_num,32
task_id,537,arriving_time,459279.1927511543
task_id,537,gpu_num,32
task_id,538,arriving_time,459593.26908985514
task_id,538,gpu_num,256
task_id,539,arriving_time,459640.57248267875
task_id,539,gpu_num,256
task_id,540,arriving_time,459892.784726966
task_id,540,gpu_num,32
task_id,541,arriving_time,460005.1775933233
task_id,541,gpu_num,32
task_id,542,arriving_time,461950.8526198057
task_id,542,gpu_num,32
task_id,543,arriving_time,462258.67695654155
task_id,543,gpu_num,32
task_id,544,arriving_time,462554.8734044918
task_id,544,gpu_num,32
task_id,545,arriving_time,462836.39034094266
task_id,545,gpu_num,512
task_id,546,arriving_time,463206.10891869006
task_id,546,gpu_num,512
task_id,547,arriving_time,464329.8801039271
task_id,547,gpu_num,32
task_id,548,arriving_time,466019.82583407767
task_id,548,gpu_num,32
task_id,549,arriving_time,466124.7827493003
task_id,549,gpu_num,1024
task_id,550,arriving_time,466534.77888321877
task_id,550,gpu_num,512
task_id,551,arriving_time,468868.44724443945
task_id,551,gpu_num,512
task_id,552,arriving_time,468963.0678480592
task_id,552,gpu_num,256
task_id,553,arriving_time,470277.44744752895
task_id,553,gpu_num,32
task_id,554,arriving_time,470451.98038782703
task_id,554,gpu_num,512
task_id,555,arriving_time,471412.4779282916
task_id,555,gpu_num,256
task_id,556,arriving_time,471548.2178038989
task_id,556,gpu_num,512
task_id,557,arriving_time,472703.55017545377
task_id,557,gpu_num,256
task_id,558,arriving_time,472978.5501232028
task_id,558,gpu_num,256
task_id,559,arriving_time,476176.6866893565
task_id,559,gpu_num,256
task_id,560,arriving_time,476378.6423534082
task_id,560,gpu_num,256
task_id,561,arriving_time,476608.7490882132
task_id,561,gpu_num,512
task_id,562,arriving_time,478439.8151660111
task_id,562,gpu_num,32
task_id,563,arriving_time,479053.72702883824
task_id,563,gpu_num,256
task_id,564,arriving_time,479998.1009761905
task_id,564,gpu_num,256
task_id,565,arriving_time,480128.5689269924
task_id,565,gpu_num,256
task_id,566,arriving_time,480234.02888028667
task_id,566,gpu_num,256
task_id,567,arriving_time,482951.10674190795
task_id,567,gpu_num,32
task_id,568,arriving_time,483599.7397662637
task_id,568,gpu_num,32
task_id,569,arriving_time,485041.72131862433
task_id,569,gpu_num,512
task_id,570,arriving_time,485958.72273895243
task_id,570,gpu_num,512
task_id,571,arriving_time,486315.17941571824
task_id,571,gpu_num,32
task_id,572,arriving_time,488473.01201920706
task_id,572,gpu_num,256
task_id,573,arriving_time,489076.2208241004
task_id,573,gpu_num,32
task_id,574,arriving_time,489869.4336618223
task_id,574,gpu_num,512
task_id,575,arriving_time,490971.9636803129
task_id,575,gpu_num,32
task_id,576,arriving_time,492447.1441239467
task_id,576,gpu_num,512
task_id,577,arriving_time,493197.8117256667
task_id,577,gpu_num,256
task_id,578,arriving_time,493776.0546161825
task_id,578,gpu_num,1024
task_id,579,arriving_time,494188.23404020467
task_id,579,gpu_num,32
task_id,580,arriving_time,494754.7716060629
task_id,580,gpu_num,512
task_id,581,arriving_time,494840.46367448155
task_id,581,gpu_num,32
task_id,582,arriving_time,495237.4571255782
task_id,582,gpu_num,512
task_id,583,arriving_time,495242.1009044086
task_id,583,gpu_num,32
task_id,584,arriving_time,496565.7494624591
task_id,584,gpu_num,256
task_id,585,arriving_time,498660.2667737573
task_id,585,gpu_num,32
task_id,586,arriving_time,499271.19012712844
task_id,586,gpu_num,512
task_id,587,arriving_time,499846.9055754371
task_id,587,gpu_num,256
task_id,588,arriving_time,500910.4754908559
task_id,588,gpu_num,32
task_id,589,arriving_time,500910.74159712135
task_id,589,gpu_num,32
task_id,590,arriving_time,501221.98758808576
task_id,590,gpu_num,32
task_id,591,arriving_time,501293.54318383476
task_id,591,gpu_num,32
task_id,592,arriving_time,501451.4662513561
task_id,592,gpu_num,32
task_id,593,arriving_time,501726.07692527806
task_id,593,gpu_num,32
task_id,594,arriving_time,502074.8759321843
task_id,594,gpu_num,256
task_id,595,arriving_time,502905.3602501989
task_id,595,gpu_num,32
task_id,596,arriving_time,502949.5325739154
task_id,596,gpu_num,32
task_id,597,arriving_time,503146.036803128
task_id,597,gpu_num,512
task_id,598,arriving_time,503302.0248951585
task_id,598,gpu_num,32
task_id,599,arriving_time,503342.360045832
task_id,599,gpu_num,32
task_id,600,arriving_time,504965.3578294994
task_id,600,gpu_num,32
task_id,601,arriving_time,506302.69367899897
task_id,601,gpu_num,32
task_id,602,arriving_time,508192.63906856003
task_id,602,gpu_num,32
task_id,603,arriving_time,508375.9162753192
task_id,603,gpu_num,32
task_id,604,arriving_time,508620.936274418
task_id,604,gpu_num,32
task_id,605,arriving_time,508935.98693216935
task_id,605,gpu_num,32
task_id,606,arriving_time,509799.6742989544
task_id,606,gpu_num,32
task_id,607,arriving_time,510287.1007262429
task_id,607,gpu_num,32
task_id,608,arriving_time,511789.75542822346
task_id,608,gpu_num,256
task_id,609,arriving_time,512899.6949551923
task_id,609,gpu_num,32
task_id,610,arriving_time,513257.0406668192
task_id,610,gpu_num,32
task_id,611,arriving_time,513285.75145035464
task_id,611,gpu_num,32
task_id,612,arriving_time,514533.5537563259
task_id,612,gpu_num,32
task_id,613,arriving_time,516853.93195809535
task_id,613,gpu_num,32
task_id,614,arriving_time,518692.55092831294
task_id,614,gpu_num,256
task_id,615,arriving_time,519364.480735727
task_id,615,gpu_num,32
task_id,616,arriving_time,519853.9096835408
task_id,616,gpu_num,32
task_id,617,arriving_time,520066.26666578965
task_id,617,gpu_num,32
task_id,618,arriving_time,520449.89170980616
task_id,618,gpu_num,32
task_id,619,arriving_time,520747.9494454853
task_id,619,gpu_num,32
task_id,620,arriving_time,521240.5602597992
task_id,620,gpu_num,32
task_id,621,arriving_time,521581.5971380768
task_id,621,gpu_num,32
task_id,622,arriving_time,523662.0259102419
task_id,622,gpu_num,256
task_id,623,arriving_time,523678.8551525191
task_id,623,gpu_num,256
task_id,624,arriving_time,523966.81480776815
task_id,624,gpu_num,32
task_id,625,arriving_time,524432.2869658789
task_id,625,gpu_num,32
task_id,626,arriving_time,524804.1900749343
task_id,626,gpu_num,32
task_id,627,arriving_time,524859.8339559281
task_id,627,gpu_num,32
task_id,628,arriving_time,525325.2388423381
task_id,628,gpu_num,32
task_id,629,arriving_time,527245.6087140801
task_id,629,gpu_num,32
task_id,630,arriving_time,528174.6249991618
task_id,630,gpu_num,32
task_id,631,arriving_time,528478.1151573127
task_id,631,gpu_num,32
task_id,632,arriving_time,530595.2450360723
task_id,632,gpu_num,32
task_id,633,arriving_time,530976.2077198153
task_id,633,gpu_num,32
task_id,634,arriving_time,531331.4634377897
task_id,634,gpu_num,32
task_id,635,arriving_time,531391.7955375416
task_id,635,gpu_num,32
task_id,636,arriving_time,531852.2765265206
task_id,636,gpu_num,32
task_id,637,arriving_time,532476.2661460666
task_id,637,gpu_num,32
task_id,638,arriving_time,532554.1859502142
task_id,638,gpu_num,32
task_id,639,arriving_time,533282.2860571838
task_id,639,gpu_num,32
task_id,640,arriving_time,534018.5782031723
task_id,640,gpu_num,32
task_id,641,arriving_time,534198.8035560604
task_id,641,gpu_num,32
task_id,642,arriving_time,534805.7311577089
task_id,642,gpu_num,32
task_id,643,arriving_time,535661.2119841308
task_id,643,gpu_num,32
task_id,644,arriving_time,535756.1172651085
task_id,644,gpu_num,32
task_id,645,arriving_time,536931.3863188708
task_id,645,gpu_num,32
task_id,646,arriving_time,537581.6510386923
task_id,646,gpu_num,32
task_id,647,arriving_time,539246.7126230516
task_id,647,gpu_num,32
task_id,648,arriving_time,540293.1948506488
task_id,648,gpu_num,32
task_id,649,arriving_time,543541.7051116008
task_id,649,gpu_num,32
task_id,650,arriving_time,544433.3115246559
task_id,650,gpu_num,32
task_id,651,arriving_time,544754.6707714617
task_id,651,gpu_num,32
task_id,652,arriving_time,544897.1755619085
task_id,652,gpu_num,32
task_id,653,arriving_time,544957.3849832959
task_id,653,gpu_num,32
task_id,654,arriving_time,545691.0914473475
task_id,654,gpu_num,32
task_id,655,arriving_time,546237.9808208961
task_id,655,gpu_num,32
task_id,656,arriving_time,548059.4408699062
task_id,656,gpu_num,32
task_id,657,arriving_time,550725.5490514317
task_id,657,gpu_num,32
task_id,658,arriving_time,550783.5638460149
task_id,658,gpu_num,32
task_id,659,arriving_time,551761.4088541421
task_id,659,gpu_num,32
task_id,660,arriving_time,553225.8310367155
task_id,660,gpu_num,32
task_id,661,arriving_time,555094.0577221188
task_id,661,gpu_num,32
task_id,662,arriving_time,556414.5523901586
task_id,662,gpu_num,32
task_id,663,arriving_time,556473.2851040271
task_id,663,gpu_num,32
task_id,664,arriving_time,556804.3474258978
task_id,664,gpu_num,32
task_id,665,arriving_time,556963.807358315
task_id,665,gpu_num,32
task_id,666,arriving_time,558840.0562401416
task_id,666,gpu_num,32
task_id,667,arriving_time,559784.8665961445
task_id,667,gpu_num,32
task_id,668,arriving_time,560799.2195222654
task_id,668,gpu_num,32
task_id,669,arriving_time,561062.7867067611
task_id,669,gpu_num,32
task_id,670,arriving_time,562090.0484423024
task_id,670,gpu_num,32
task_id,671,arriving_time,562488.1053830076
task_id,671,gpu_num,32
task_id,672,arriving_time,563664.146342297
task_id,672,gpu_num,32
task_id,673,arriving_time,563938.9502983332
task_id,673,gpu_num,32
task_id,674,arriving_time,564304.2534314318
task_id,674,gpu_num,32
task_id,675,arriving_time,564592.1099818993
task_id,675,gpu_num,32
task_id,676,arriving_time,565325.4593914913
task_id,676,gpu_num,32
task_id,677,arriving_time,565380.1540080006
task_id,677,gpu_num,32
task_id,678,arriving_time,565918.0907192632
task_id,678,gpu_num,32
task_id,679,arriving_time,566256.0694230285
task_id,679,gpu_num,32
task_id,680,arriving_time,567513.8345850727
task_id,680,gpu_num,32
task_id,681,arriving_time,568765.4794369552
task_id,681,gpu_num,32
task_id,682,arriving_time,570943.8535561688
task_id,682,gpu_num,32
task_id,683,arriving_time,571259.1134330663
task_id,683,gpu_num,32
task_id,684,arriving_time,571493.2236600332
task_id,684,gpu_num,32
task_id,685,arriving_time,571514.2959765411
task_id,685,gpu_num,32
task_id,686,arriving_time,571947.5964452033
task_id,686,gpu_num,32
task_id,687,arriving_time,572232.0128756033
task_id,687,gpu_num,32
task_id,688,arriving_time,572594.690781855
task_id,688,gpu_num,256
task_id,689,arriving_time,573035.770723679
task_id,689,gpu_num,32
task_id,690,arriving_time,574170.0456620371
task_id,690,gpu_num,32
task_id,691,arriving_time,575413.2974862804
task_id,691,gpu_num,512
task_id,692,arriving_time,575710.4864614661
task_id,692,gpu_num,512
task_id,693,arriving_time,575903.6016724126
task_id,693,gpu_num,512
task_id,694,arriving_time,577709.4876242711
task_id,694,gpu_num,32
task_id,695,arriving_time,578339.0754784702
task_id,695,gpu_num,32
task_id,696,arriving_time,579160.0747185935
task_id,696,gpu_num,32
task_id,697,arriving_time,582817.9940455791
task_id,697,gpu_num,32
task_id,698,arriving_time,582893.6536347417
task_id,698,gpu_num,256
task_id,699,arriving_time,583518.5164465279
task_id,699,gpu_num,256
task_id,700,arriving_time,585542.0504213036
task_id,700,gpu_num,256
task_id,701,arriving_time,585861.607045618
task_id,701,gpu_num,32
task_id,702,arriving_time,586172.4036759621
task_id,702,gpu_num,32
task_id,703,arriving_time,586315.8756842335
task_id,703,gpu_num,256
task_id,704,arriving_time,587293.2025625274
task_id,704,gpu_num,32
task_id,705,arriving_time,589743.1880063444
task_id,705,gpu_num,32
task_id,706,arriving_time,591510.4808338382
task_id,706,gpu_num,512
task_id,707,arriving_time,593001.7777062142
task_id,707,gpu_num,512
task_id,708,arriving_time,593030.8596112855
task_id,708,gpu_num,32
task_id,709,arriving_time,595068.8778008956
task_id,709,gpu_num,512
task_id,710,arriving_time,598521.7832760316
task_id,710,gpu_num,32
task_id,711,arriving_time,599009.9437172244
task_id,711,gpu_num,256
task_id,712,arriving_time,601791.3676124652
task_id,712,gpu_num,32
task_id,713,arriving_time,602524.8759271704
task_id,713,gpu_num,32
task_id,714,arriving_time,602832.2956799258
task_id,714,gpu_num,32
task_id,715,arriving_time,602891.6761381439
task_id,715,gpu_num,512
task_id,716,arriving_time,603034.1011810532
task_id,716,gpu_num,512
task_id,717,arriving_time,603698.2410418172
task_id,717,gpu_num,32
task_id,718,arriving_time,605497.549223532
task_id,718,gpu_num,256
task_id,719,arriving_time,605741.3767779139
task_id,719,gpu_num,32
task_id,720,arriving_time,606498.3475069517
task_id,720,gpu_num,32
task_id,721,arriving_time,606905.1273629986
task_id,721,gpu_num,32
task_id,722,arriving_time,607364.8318101992
task_id,722,gpu_num,32
task_id,723,arriving_time,609055.336433092
task_id,723,gpu_num,256
task_id,724,arriving_time,609579.3015211462
task_id,724,gpu_num,32
task_id,725,arriving_time,609819.130781638
task_id,725,gpu_num,32
task_id,726,arriving_time,610436.4145993856
task_id,726,gpu_num,32
task_id,727,arriving_time,610950.5479086647
task_id,727,gpu_num,32
task_id,728,arriving_time,612722.6056629255
task_id,728,gpu_num,32
task_id,729,arriving_time,612838.93602957
task_id,729,gpu_num,32
task_id,730,arriving_time,614780.7761022738
task_id,730,gpu_num,512
task_id,731,arriving_time,615220.876339227
task_id,731,gpu_num,512
task_id,732,arriving_time,615655.199846287
task_id,732,gpu_num,512
task_id,733,arriving_time,616284.831709285
task_id,733,gpu_num,256
task_id,734,arriving_time,616940.0367182265
task_id,734,gpu_num,512
task_id,735,arriving_time,620553.9940065988
task_id,735,gpu_num,32
task_id,736,arriving_time,620787.07662805
task_id,736,gpu_num,32
task_id,737,arriving_time,620887.2719421008
task_id,737,gpu_num,32
task_id,738,arriving_time,621364.8058030744
task_id,738,gpu_num,32
task_id,739,arriving_time,621425.1367882587
task_id,739,gpu_num,32
task_id,740,arriving_time,621466.4825802862
task_id,740,gpu_num,32
task_id,741,arriving_time,622142.5845474271
task_id,741,gpu_num,256
task_id,742,arriving_time,624884.1949950696
task_id,742,gpu_num,256
task_id,743,arriving_time,628320.4046812999
task_id,743,gpu_num,256
task_id,744,arriving_time,628440.8350477526
task_id,744,gpu_num,256
task_id,745,arriving_time,629700.6075396491
task_id,745,gpu_num,32
task_id,746,arriving_time,629899.4017401142
task_id,746,gpu_num,32
task_id,747,arriving_time,630089.077585936
task_id,747,gpu_num,256
task_id,748,arriving_time,630713.3255341775
task_id,748,gpu_num,32
task_id,749,arriving_time,630733.5679134225
task_id,749,gpu_num,32
task_id,750,arriving_time,631255.5759131486
task_id,750,gpu_num,32
task_id,751,arriving_time,631312.0486532678
task_id,751,gpu_num,32
task_id,752,arriving_time,634189.9697584788
task_id,752,gpu_num,32
task_id,753,arriving_time,634380.2123607295
task_id,753,gpu_num,32
task_id,754,arriving_time,635565.5084031841
task_id,754,gpu_num,32
task_id,755,arriving_time,636558.9433269505
task_id,755,gpu_num,32
task_id,756,arriving_time,637882.2088968941
task_id,756,gpu_num,32
task_id,757,arriving_time,638017.2539971112
task_id,757,gpu_num,32
task_id,758,arriving_time,639334.0998283724
task_id,758,gpu_num,32
task_id,759,arriving_time,640514.5067920039
task_id,759,gpu_num,32
task_id,760,arriving_time,640587.3820797888
task_id,760,gpu_num,32
task_id,761,arriving_time,640642.5550304604
task_id,761,gpu_num,32
task_id,762,arriving_time,640693.5328612047
task_id,762,gpu_num,32
task_id,763,arriving_time,642260.0329517473
task_id,763,gpu_num,32
task_id,764,arriving_time,642269.6010945672
task_id,764,gpu_num,32
task_id,765,arriving_time,642700.9712625147
task_id,765,gpu_num,32
task_id,766,arriving_time,643189.2930945976
task_id,766,gpu_num,2048
task_id,767,arriving_time,643445.9481005911
task_id,767,gpu_num,512
task_id,768,arriving_time,644902.0125224702
task_id,768,gpu_num,512
task_id,769,arriving_time,644912.5416560298
task_id,769,gpu_num,32
task_id,770,arriving_time,645129.0012891919
task_id,770,gpu_num,32
task_id,771,arriving_time,645511.0290393891
task_id,771,gpu_num,32
task_id,772,arriving_time,647177.5520825767
task_id,772,gpu_num,256
task_id,773,arriving_time,647281.3332587421
task_id,773,gpu_num,512
task_id,774,arriving_time,647467.2141616289
task_id,774,gpu_num,32
task_id,775,arriving_time,647480.6601928561
task_id,775,gpu_num,32
task_id,776,arriving_time,648980.2128666946
task_id,776,gpu_num,32
task_id,777,arriving_time,652123.4005680092
task_id,777,gpu_num,512
task_id,778,arriving_time,653646.2521438169
task_id,778,gpu_num,512
task_id,779,arriving_time,654909.2177649478
task_id,779,gpu_num,32
task_id,780,arriving_time,655212.7109938196
task_id,780,gpu_num,32
task_id,781,arriving_time,656849.0973891929
task_id,781,gpu_num,32
task_id,782,arriving_time,657425.1771911327
task_id,782,gpu_num,256
task_id,783,arriving_time,658013.8770267502
task_id,783,gpu_num,32
task_id,784,arriving_time,659498.4943806758
task_id,784,gpu_num,32
task_id,785,arriving_time,660329.9359590007
task_id,785,gpu_num,512
task_id,786,arriving_time,660369.5557688643
task_id,786,gpu_num,512
task_id,787,arriving_time,661088.2513589434
task_id,787,gpu_num,32
task_id,788,arriving_time,661575.5821341063
task_id,788,gpu_num,32
task_id,789,arriving_time,664723.0582377487
task_id,789,gpu_num,32
task_id,790,arriving_time,665192.3058630301
task_id,790,gpu_num,32
task_id,791,arriving_time,666306.9076164637
task_id,791,gpu_num,32
task_id,792,arriving_time,666381.1651022175
task_id,792,gpu_num,32
task_id,793,arriving_time,666935.2055721353
task_id,793,gpu_num,32
task_id,794,arriving_time,667057.8600486518
task_id,794,gpu_num,32
task_id,795,arriving_time,667453.824932908
task_id,795,gpu_num,256
task_id,796,arriving_time,668125.3938660142
task_id,796,gpu_num,32
task_id,797,arriving_time,668651.0113675538
task_id,797,gpu_num,32
task_id,798,arriving_time,668982.3078142722
task_id,798,gpu_num,512
task_id,799,arriving_time,669372.7358887217
task_id,799,gpu_num,32
task_id,800,arriving_time,669496.2268861217
task_id,800,gpu_num,32
task_id,801,arriving_time,671672.1144207771
task_id,801,gpu_num,32
task_id,802,arriving_time,672104.1735988915
task_id,802,gpu_num,32
task_id,803,arriving_time,674459.0889269428
task_id,803,gpu_num,512
task_id,804,arriving_time,674622.1991883494
task_id,804,gpu_num,512
task_id,805,arriving_time,675031.1144198206
task_id,805,gpu_num,32
task_id,806,arriving_time,677851.582616188
task_id,806,gpu_num,32
task_id,807,arriving_time,678569.1864775
task_id,807,gpu_num,32
task_id,808,arriving_time,680107.1282049713
task_id,808,gpu_num,32
task_id,809,arriving_time,684483.0548332913
task_id,809,gpu_num,32
task_id,810,arriving_time,686412.8065894463
task_id,810,gpu_num,256
task_id,811,arriving_time,686855.0768703813
task_id,811,gpu_num,32
task_id,812,arriving_time,687915.2660276075
task_id,812,gpu_num,32
task_id,813,arriving_time,688209.1550760627
task_id,813,gpu_num,32
task_id,814,arriving_time,689738.603546803
task_id,814,gpu_num,512
task_id,815,arriving_time,690080.220022238
task_id,815,gpu_num,128
task_id,816,arriving_time,690634.5256757239
task_id,816,gpu_num,32
task_id,817,arriving_time,690880.7248435047
task_id,817,gpu_num,32
task_id,818,arriving_time,690980.6449971048
task_id,818,gpu_num,32
task_id,819,arriving_time,691043.4685176741
task_id,819,gpu_num,32
task_id,820,arriving_time,691807.5595079181
task_id,820,gpu_num,256
task_id,821,arriving_time,692387.6854279252
task_id,821,gpu_num,256
task_id,822,arriving_time,692649.2262830425
task_id,822,gpu_num,256
task_id,823,arriving_time,693352.0735757814
task_id,823,gpu_num,32
task_id,824,arriving_time,693488.4513171159
task_id,824,gpu_num,256
task_id,825,arriving_time,695325.762184549
task_id,825,gpu_num,32
task_id,826,arriving_time,695760.9515196418
task_id,826,gpu_num,32
task_id,827,arriving_time,697924.336228103
task_id,827,gpu_num,32
task_id,828,arriving_time,698575.0816577433
task_id,828,gpu_num,32
task_id,829,arriving_time,698584.7939542495
task_id,829,gpu_num,256
task_id,830,arriving_time,698645.2097425432
task_id,830,gpu_num,32
task_id,831,arriving_time,699144.6493947195
task_id,831,gpu_num,32
task_id,832,arriving_time,701063.4600117432
task_id,832,gpu_num,256
task_id,833,arriving_time,701425.7383754868
task_id,833,gpu_num,32
task_id,834,arriving_time,702291.0371441846
task_id,834,gpu_num,32
task_id,835,arriving_time,702796.4771205644
task_id,835,gpu_num,256
task_id,836,arriving_time,703781.3929767804
task_id,836,gpu_num,256
task_id,837,arriving_time,703935.2166285735
task_id,837,gpu_num,256
task_id,838,arriving_time,705762.6916318701
task_id,838,gpu_num,32
task_id,839,arriving_time,705909.0723573918
task_id,839,gpu_num,32
task_id,840,arriving_time,706245.8213232388
task_id,840,gpu_num,256
task_id,841,arriving_time,707802.4821644833
task_id,841,gpu_num,256
task_id,842,arriving_time,708031.6928606983
task_id,842,gpu_num,32
task_id,843,arriving_time,708654.3311058896
task_id,843,gpu_num,256
task_id,844,arriving_time,709990.7315438851
task_id,844,gpu_num,256
task_id,845,arriving_time,711817.0939660487
task_id,845,gpu_num,32
task_id,846,arriving_time,712211.4369121441
task_id,846,gpu_num,256
task_id,847,arriving_time,712723.7310418794
task_id,847,gpu_num,32
task_id,848,arriving_time,713574.4991128178
task_id,848,gpu_num,32
task_id,849,arriving_time,713892.7849454631
task_id,849,gpu_num,32
task_id,850,arriving_time,714185.1467871743
task_id,850,gpu_num,256
task_id,851,arriving_time,714293.7117285081
task_id,851,gpu_num,256
task_id,852,arriving_time,714528.7853349582
task_id,852,gpu_num,256
task_id,853,arriving_time,716432.2998552563
task_id,853,gpu_num,256
task_id,854,arriving_time,716605.2360013381
task_id,854,gpu_num,32
task_id,855,arriving_time,716694.2040230103
task_id,855,gpu_num,256
task_id,856,arriving_time,716848.9215724787
task_id,856,gpu_num,32
task_id,857,arriving_time,718236.2210031768
task_id,857,gpu_num,32
task_id,858,arriving_time,719606.3990986502
task_id,858,gpu_num,32
task_id,859,arriving_time,720786.5285975805
task_id,859,gpu_num,32
task_id,860,arriving_time,722044.1515323148
task_id,860,gpu_num,32
task_id,861,arriving_time,722430.539683645
task_id,861,gpu_num,32
task_id,862,arriving_time,722589.5550402782
task_id,862,gpu_num,32
task_id,863,arriving_time,722718.1205275216
task_id,863,gpu_num,32
task_id,864,arriving_time,722778.1135404916
task_id,864,gpu_num,32
task_id,865,arriving_time,722874.5223119669
task_id,865,gpu_num,32
task_id,866,arriving_time,723496.4356513052
task_id,866,gpu_num,32
task_id,867,arriving_time,723675.2578767018
task_id,867,gpu_num,32
task_id,868,arriving_time,723689.7561493377
task_id,868,gpu_num,32
task_id,869,arriving_time,723921.112016077
task_id,869,gpu_num,32
task_id,870,arriving_time,724952.6728726352
task_id,870,gpu_num,32
task_id,871,arriving_time,724975.4355400975
task_id,871,gpu_num,32
task_id,872,arriving_time,725045.4784199913
task_id,872,gpu_num,32
task_id,873,arriving_time,725774.4183123104
task_id,873,gpu_num,32
task_id,874,arriving_time,727385.5735123209
task_id,874,gpu_num,32
task_id,875,arriving_time,731120.1131987604
task_id,875,gpu_num,32
task_id,876,arriving_time,732137.6461158007
task_id,876,gpu_num,32
task_id,877,arriving_time,732669.6511577135
task_id,877,gpu_num,32
task_id,878,arriving_time,732963.454113028
task_id,878,gpu_num,32
task_id,879,arriving_time,733259.0684533636
task_id,879,gpu_num,32
task_id,880,arriving_time,733969.225571674
task_id,880,gpu_num,32
task_id,881,arriving_time,735030.1336610791
task_id,881,gpu_num,32
task_id,882,arriving_time,736503.3213525907
task_id,882,gpu_num,32
task_id,883,arriving_time,736743.289611061
task_id,883,gpu_num,32
task_id,884,arriving_time,737325.6615662497
task_id,884,gpu_num,32
task_id,885,arriving_time,737545.085764888
task_id,885,gpu_num,32
task_id,886,arriving_time,738133.2789767812
task_id,886,gpu_num,32
task_id,887,arriving_time,739661.4665290803
task_id,887,gpu_num,32
task_id,888,arriving_time,742968.410131333
task_id,888,gpu_num,256
task_id,889,arriving_time,743270.1034654466
task_id,889,gpu_num,32
task_id,890,arriving_time,745728.2439982462
task_id,890,gpu_num,256
task_id,891,arriving_time,745744.6345108045
task_id,891,gpu_num,512
task_id,892,arriving_time,746343.1800532612
task_id,892,gpu_num,256
task_id,893,arriving_time,746722.3761701181
task_id,893,gpu_num,256
task_id,894,arriving_time,747637.6478367803
task_id,894,gpu_num,256
task_id,895,arriving_time,747764.0588301175
task_id,895,gpu_num,512
task_id,896,arriving_time,750470.4196643058
task_id,896,gpu_num,32
task_id,897,arriving_time,750928.6606697708
task_id,897,gpu_num,256
task_id,898,arriving_time,751263.8667043452
task_id,898,gpu_num,512
task_id,899,arriving_time,751271.9405957803
task_id,899,gpu_num,256
task_id,900,arriving_time,751912.8603770614
task_id,900,gpu_num,256
task_id,901,arriving_time,752382.5158287672
task_id,901,gpu_num,32
task_id,902,arriving_time,753240.6830943137
task_id,902,gpu_num,512
task_id,903,arriving_time,753627.1796190044
task_id,903,gpu_num,32
task_id,904,arriving_time,754093.1818383647
task_id,904,gpu_num,32
task_id,905,arriving_time,754850.9258510249
task_id,905,gpu_num,32
task_id,906,arriving_time,756405.6547754928
task_id,906,gpu_num,32
task_id,907,arriving_time,757158.5272955188
task_id,907,gpu_num,32
task_id,908,arriving_time,758253.3227199771
task_id,908,gpu_num,32
task_id,909,arriving_time,759801.5631973926
task_id,909,gpu_num,32
task_id,910,arriving_time,761214.2751877123
task_id,910,gpu_num,32
task_id,911,arriving_time,762547.1250923164
task_id,911,gpu_num,32
task_id,912,arriving_time,764608.1494351336
task_id,912,gpu_num,32
task_id,913,arriving_time,766229.757961951
task_id,913,gpu_num,32
task_id,914,arriving_time,766547.0449635941
task_id,914,gpu_num,32
task_id,915,arriving_time,766942.6326866221
task_id,915,gpu_num,32
task_id,916,arriving_time,767033.5134923845
task_id,916,gpu_num,32
task_id,917,arriving_time,768441.7360020878
task_id,917,gpu_num,32
task_id,918,arriving_time,768960.9983103593
task_id,918,gpu_num,32
task_id,919,arriving_time,769674.9686869762
task_id,919,gpu_num,32
task_id,920,arriving_time,772216.7494649359
task_id,920,gpu_num,32
task_id,921,arriving_time,772612.4393622683
task_id,921,gpu_num,32
task_id,922,arriving_time,774946.7921991419
task_id,922,gpu_num,32
task_id,923,arriving_time,775180.8520480433
task_id,923,gpu_num,32
task_id,924,arriving_time,775745.9475804676
task_id,924,gpu_num,32
task_id,925,arriving_time,776616.7174156413
task_id,925,gpu_num,32
task_id,926,arriving_time,778070.3132360256
task_id,926,gpu_num,32
task_id,927,arriving_time,779010.744364201
task_id,927,gpu_num,32
task_id,928,arriving_time,780467.0042837316
task_id,928,gpu_num,32
task_id,929,arriving_time,780524.3684909409
task_id,929,gpu_num,32
task_id,930,arriving_time,780787.6686715593
task_id,930,gpu_num,32
task_id,931,arriving_time,781051.0238831189
task_id,931,gpu_num,32
task_id,932,arriving_time,781430.3735472831
task_id,932,gpu_num,32
task_id,933,arriving_time,781641.3287415561
task_id,933,gpu_num,32
task_id,934,arriving_time,782135.106223618
task_id,934,gpu_num,32
task_id,935,arriving_time,782693.3278282547
task_id,935,gpu_num,32
task_id,936,arriving_time,783889.056664442
task_id,936,gpu_num,32
task_id,937,arriving_time,784671.3191189822
task_id,937,gpu_num,32
task_id,938,arriving_time,785592.6292326966
task_id,938,gpu_num,32
task_id,939,arriving_time,786684.07904548
task_id,939,gpu_num,32
task_id,940,arriving_time,786864.2515860667
task_id,940,gpu_num,32
task_id,941,arriving_time,786867.9977183418
task_id,941,gpu_num,32
task_id,942,arriving_time,787117.9615441439
task_id,942,gpu_num,32
task_id,943,arriving_time,787790.3373674225
task_id,943,gpu_num,32
task_id,944,arriving_time,788475.4280337767
task_id,944,gpu_num,32
task_id,945,arriving_time,788551.5624252696
task_id,945,gpu_num,32
task_id,946,arriving_time,789213.6869914021
task_id,946,gpu_num,32
task_id,947,arriving_time,789903.3721126287
task_id,947,gpu_num,32
task_id,948,arriving_time,790305.3234735428
task_id,948,gpu_num,32
task_id,949,arriving_time,791424.1131084838
task_id,949,gpu_num,32
task_id,950,arriving_time,793846.550573084
task_id,950,gpu_num,32
task_id,951,arriving_time,793934.5071718824
task_id,951,gpu_num,32
task_id,952,arriving_time,794054.2967596184
task_id,952,gpu_num,32
task_id,953,arriving_time,794226.6517749619
task_id,953,gpu_num,32
task_id,954,arriving_time,795830.8200277113
task_id,954,gpu_num,256
task_id,955,arriving_time,795987.1993967466
task_id,955,gpu_num,256
task_id,956,arriving_time,798087.4789134819
task_id,956,gpu_num,32
task_id,957,arriving_time,798813.647195275
task_id,957,gpu_num,32
task_id,958,arriving_time,799539.2435839789
task_id,958,gpu_num,32
task_id,959,arriving_time,800062.4890254951
task_id,959,gpu_num,32
task_id,960,arriving_time,802007.9131847945
task_id,960,gpu_num,32
task_id,961,arriving_time,803129.1927314898
task_id,961,gpu_num,32
task_id,962,arriving_time,803505.5796243437
task_id,962,gpu_num,32
task_id,963,arriving_time,803564.4676394307
task_id,963,gpu_num,32
task_id,964,arriving_time,803747.736810432
task_id,964,gpu_num,32
task_id,965,arriving_time,804446.6935550553
task_id,965,gpu_num,32
task_id,966,arriving_time,805395.744277257
task_id,966,gpu_num,256
task_id,967,arriving_time,805911.2270876798
task_id,967,gpu_num,32
task_id,968,arriving_time,806440.3185142669
task_id,968,gpu_num,1024
task_id,969,arriving_time,810423.4358819807
task_id,969,gpu_num,512
task_id,970,arriving_time,812217.1432068378
task_id,970,gpu_num,512
task_id,971,arriving_time,812664.7258758529
task_id,971,gpu_num,32
task_id,972,arriving_time,813994.4544063577
task_id,972,gpu_num,32
task_id,973,arriving_time,815233.3411556933
task_id,973,gpu_num,32
task_id,974,arriving_time,815750.8526817241
task_id,974,gpu_num,32
task_id,975,arriving_time,815834.8587043401
task_id,975,gpu_num,512
task_id,976,arriving_time,816778.1536543384
task_id,976,gpu_num,32
task_id,977,arriving_time,818412.6542734831
task_id,977,gpu_num,256
task_id,978,arriving_time,818653.6774108307
task_id,978,gpu_num,256
task_id,979,arriving_time,819716.5424307073
task_id,979,gpu_num,32
task_id,980,arriving_time,820152.9563894306
task_id,980,gpu_num,32
task_id,981,arriving_time,820317.4393890053
task_id,981,gpu_num,32
task_id,982,arriving_time,820477.7326471753
task_id,982,gpu_num,32
task_id,983,arriving_time,820624.8586883198
task_id,983,gpu_num,256
task_id,984,arriving_time,821339.7165829533
task_id,984,gpu_num,256
task_id,985,arriving_time,821774.9350001786
task_id,985,gpu_num,32
task_id,986,arriving_time,822563.4538501356
task_id,986,gpu_num,512
task_id,987,arriving_time,823244.2782434471
task_id,987,gpu_num,32
task_id,988,arriving_time,823334.8852018801
task_id,988,gpu_num,32
task_id,989,arriving_time,824431.7010595651
task_id,989,gpu_num,32
task_id,990,arriving_time,824703.4991037052
task_id,990,gpu_num,512
task_id,991,arriving_time,825246.6786281518
task_id,991,gpu_num,256
task_id,992,arriving_time,827354.7305148884
task_id,992,gpu_num,512
task_id,993,arriving_time,830392.793089821
task_id,993,gpu_num,256
task_id,994,arriving_time,830484.4124980179
task_id,994,gpu_num,256
task_id,995,arriving_time,833277.3293530731
task_id,995,gpu_num,32
task_id,996,arriving_time,834489.2427680683
task_id,996,gpu_num,256
task_id,997,arriving_time,836178.4157392227
task_id,997,gpu_num,32
task_id,998,arriving_time,836434.9976505011
task_id,998,gpu_num,32
task_id,999,arriving_time,836635.8674852941
task_id,999,gpu_num,32
taskid,0,start_time,1119.4550778288658
taskid,1,start_time,1805.8993078999251
taskid,2,start_time,3193.2235947500494
taskid,3,start_time,3420.353034680458
taskid,4,start_time,4677.410462253336
taskid,5,start_time,4944.74874579683
taskid,6,start_time,5619.546622636699
taskid,7,start_time,7602.325138035703
taskid,8,start_time,8362.664667026802
taskid,9,start_time,9221.297206849904
taskid,10,start_time,11593.803636243469
taskid,6,finish_time,12010.871472242241
taskid,11,start_time,12530.408504989224
taskid,12,start_time,13053.03401954039
taskid,11,finish_time,13540.573082234947
taskid,9,finish_time,14769.296278107067
taskid,13,start_time,15102.727829143301
taskid,14,start_time,15510.384495011514
taskid,15,start_time,15914.792057151179
taskid,16,start_time,16038.862118094235
taskid,14,finish_time,16249.248614005284
taskid,16,finish_time,16585.741525480218
taskid,17,start_time,17826.1859494193
taskid,18,start_time,18322.909938234563
taskid,17,finish_time,18879.78822304936
taskid,19,start_time,18947.74194428163
taskid,18,finish_time,19141.558055757825
taskid,5,finish_time,19432.954861042632
taskid,15,finish_time,19886.32878400132
taskid,20,start_time,19916.761868971782
taskid,21,start_time,20106.85821455749
taskid,22,start_time,20170.621798925506
taskid,23,start_time,20175.812818106766
taskid,24,start_time,20304.74104923949
taskid,25,start_time,20486.10807987576
taskid,26,start_time,20869.83886269107
taskid,24,finish_time,21069.30618309532
taskid,13,finish_time,21529.75498156541
taskid,27,start_time,21842.313467584994
taskid,26,finish_time,21910.018769059356
taskid,28,start_time,22600.623157346243
taskid,29,start_time,22648.2520649259
taskid,21,finish_time,23140.878411848047
taskid,29,finish_time,23353.4263895266
taskid,28,finish_time,23625.990859349702
taskid,30,start_time,23649.17659274883
taskid,31,start_time,24044.144984985618
taskid,32,start_time,24285.21563809676
taskid,33,start_time,24335.89824887914
taskid,34,start_time,24660.29899346212
taskid,22,finish_time,24814.161455498917
taskid,35,start_time,25081.924967330484
taskid,34,finish_time,26371.039651491654
taskid,2,finish_time,26372.28926433475
taskid,33,finish_time,26599.446101872065
taskid,35,finish_time,27112.27141490133
taskid,36,start_time,29065.271955458556
taskid,37,start_time,29072.68636963513
taskid,31,finish_time,29216.70310165988
taskid,30,finish_time,29467.536462183332
taskid,38,start_time,29848.429099727637
taskid,39,start_time,30654.24606731991
taskid,40,start_time,30659.592178251507
taskid,25,finish_time,30814.8082374444
taskid,41,start_time,30877.8437142259
taskid,42,start_time,31007.84551348278
taskid,43,start_time,31176.105903237494
taskid,32,finish_time,31186.50673339367
taskid,36,finish_time,31311.485938040714
taskid,27,finish_time,32393.82532001457
taskid,41,finish_time,32529.214625679168
taskid,39,finish_time,32863.34883884054
taskid,40,finish_time,32863.755919601725
taskid,43,finish_time,32917.648186732455
taskid,42,finish_time,33211.49211136181
taskid,44,start_time,33975.25499162069
taskid,45,start_time,34288.03810039723
taskid,37,finish_time,34515.16565877542
taskid,3,finish_time,34850.87571643342
taskid,44,finish_time,35536.28164683528
taskid,46,start_time,35678.31396832354
taskid,45,finish_time,36562.13061777328
taskid,47,start_time,36786.94280345862
taskid,48,start_time,36955.13353535297
taskid,47,finish_time,37537.007549085065
taskid,46,finish_time,37577.05397274874
taskid,38,finish_time,37618.11997335051
taskid,49,start_time,38403.79593785754
taskid,48,finish_time,39188.42500969516
taskid,50,start_time,39231.79359183718
taskid,49,finish_time,40099.87372228901
taskid,50,finish_time,41392.673231939465
taskid,51,start_time,41743.198150245684
taskid,52,start_time,42472.26909162507
taskid,52,finish_time,43466.241103668304
taskid,51,finish_time,43507.095787765815
taskid,53,start_time,43668.70732913698
taskid,54,start_time,43923.756886941504
taskid,12,finish_time,44152.68330845344
taskid,53,finish_time,44691.53539715468
taskid,55,start_time,44770.32388032546
taskid,54,finish_time,44932.22989462042
taskid,56,start_time,45869.7511420118
taskid,57,start_time,46054.90295673308
taskid,58,start_time,46278.1730569395
taskid,59,start_time,46392.4948598117
taskid,60,start_time,47849.75818927552
taskid,61,start_time,48049.05888654562
taskid,62,start_time,48868.06149128496
taskid,61,finish_time,49058.9386394201
taskid,63,start_time,49139.56273344975
taskid,55,finish_time,50234.452349371066
taskid,64,start_time,51035.685646160826
taskid,62,finish_time,51076.0701260907
taskid,63,finish_time,51314.025548734535
taskid,65,start_time,51371.29761841889
taskid,59,finish_time,51881.15827483226
taskid,60,finish_time,51890.75080637752
taskid,64,finish_time,52050.695079191835
taskid,66,start_time,52210.521873615726
taskid,58,finish_time,52595.11479132141
taskid,67,start_time,52600.21805805737
taskid,68,start_time,53215.30833047306
taskid,56,finish_time,53238.91680879641
taskid,67,finish_time,54375.83953702503
taskid,66,finish_time,54409.48538746656
taskid,68,finish_time,54978.495345369454
taskid,69,start_time,55184.97940844462
taskid,69,finish_time,56787.795259188846
taskid,70,start_time,56811.64309413972
taskid,71,start_time,56894.311318927575
taskid,72,start_time,57085.01753922438
taskid,73,start_time,57156.75919066897
taskid,74,start_time,57833.84252740072
taskid,75,start_time,59194.05456299182
taskid,73,finish_time,60823.26912390229
taskid,76,start_time,61254.050066449716
taskid,65,finish_time,61315.27637311525
taskid,75,finish_time,61742.096892877365
taskid,72,finish_time,62130.21825379381
taskid,77,start_time,62949.31274792588
taskid,78,start_time,63169.44681881929
taskid,77,finish_time,63554.15564961674
taskid,79,start_time,63857.52022355815
taskid,79,finish_time,64762.02300781041
taskid,80,start_time,64951.2935920149
taskid,81,start_time,65277.80939690491
taskid,82,start_time,65501.14811112421
taskid,70,finish_time,66326.22027059681
taskid,74,finish_time,67434.32365016178
taskid,78,finish_time,67681.13460140901
taskid,81,finish_time,68164.27759353547
taskid,83,start_time,68270.60489197154
taskid,83,finish_time,69093.81786960972
taskid,71,finish_time,71928.56639179293
taskid,84,start_time,73377.93903251179
taskid,85,start_time,73791.81465710446
taskid,84,finish_time,74201.74656314368
taskid,86,start_time,74533.35557303828
taskid,87,start_time,74821.61883735273
taskid,88,start_time,76758.48290324262
taskid,89,start_time,79593.78143348274
taskid,90,start_time,80223.52214434571
taskid,91,start_time,80293.38556210627
taskid,90,finish_time,80907.86868891833
taskid,92,start_time,80968.95569393302
taskid,93,start_time,82316.74645500397
taskid,94,start_time,83926.36542534608
taskid,93,finish_time,84487.70680308525
taskid,92,finish_time,85618.4328042098
taskid,95,start_time,85709.30384189945
taskid,96,start_time,85863.28768394236
taskid,97,start_time,86112.84639766901
taskid,97,finish_time,86822.34894356279
taskid,98,start_time,87437.28326047819
taskid,99,start_time,87514.36861707542
taskid,100,start_time,88704.34642037218
taskid,101,start_time,88869.01262753391
taskid,85,finish_time,90643.41303557687
taskid,102,start_time,90918.17669564826
taskid,99,finish_time,92907.40846703532
taskid,91,finish_time,94659.78463141582
taskid,103,start_time,95435.4045693166
taskid,104,start_time,96126.48293992219
taskid,94,finish_time,97450.50295150264
taskid,105,start_time,97450.50295150264
taskid,82,finish_time,99849.58341548241
taskid,106,start_time,99849.58341548241
taskid,107,start_time,99849.58341548241
taskid,104,finish_time,101036.92089972121
taskid,101,finish_time,101247.31049697784
taskid,108,start_time,101247.31049697784
taskid,107,finish_time,111820.61371622629
taskid,109,start_time,111820.61371622629
taskid,108,finish_time,115850.00919575668
taskid,110,start_time,115850.00919575668
taskid,109,finish_time,117496.09734449907
taskid,10,finish_time,120832.67876986814
taskid,111,start_time,120832.67876986814
taskid,102,finish_time,122340.60023548835
taskid,112,start_time,122340.60023548835
taskid,103,finish_time,126683.13220231808
taskid,113,start_time,126683.13220231808
taskid,112,finish_time,128459.5397947104
taskid,114,start_time,128459.5397947104
taskid,105,finish_time,128796.46300758352
taskid,115,start_time,128796.46300758352
taskid,80,finish_time,130088.51445702357
taskid,116,start_time,130088.51445702357
taskid,117,start_time,130088.51445702357
taskid,118,start_time,130088.51445702357
taskid,119,start_time,130088.51445702357
taskid,120,start_time,130088.51445702357
taskid,121,start_time,130088.51445702357
taskid,122,start_time,130088.51445702357
taskid,123,start_time,130088.51445702357
taskid,118,finish_time,130898.55049548876
taskid,116,finish_time,130926.03280082521
taskid,110,finish_time,130928.80402300191
taskid,124,start_time,130928.80402300191
taskid,125,start_time,130928.80402300191
taskid,126,start_time,130928.80402300191
taskid,121,finish_time,130935.14738129613
taskid,127,start_time,130935.14738129613
taskid,123,finish_time,130949.77225936136
taskid,128,start_time,130949.77225936136
taskid,117,finish_time,131027.40509170706
taskid,129,start_time,131027.40509170706
taskid,119,finish_time,131092.3623702885
taskid,130,start_time,131092.3623702885
taskid,120,finish_time,131102.01105550563
taskid,122,finish_time,131120.09209564954
taskid,106,finish_time,131511.84425848044
taskid,131,start_time,131511.84425848044
taskid,126,finish_time,131706.0348012311
taskid,127,finish_time,131725.49343298806
taskid,128,finish_time,131726.16330988106
taskid,125,finish_time,131753.28417321522
taskid,129,finish_time,132009.66130060336
taskid,130,finish_time,132074.72584823382
taskid,132,start_time,132074.72584823382
taskid,98,finish_time,132454.91152263238
taskid,133,start_time,132454.91152263238
taskid,134,start_time,132454.91152263238
taskid,114,finish_time,133115.34064199025
taskid,135,start_time,133115.34064199025
taskid,133,finish_time,138019.35205580047
taskid,136,start_time,138019.35205580047
taskid,111,finish_time,143852.53125106668
taskid,137,start_time,143852.53125106668
taskid,138,start_time,143852.53125106668
taskid,113,finish_time,144182.9154870143
taskid,139,start_time,144182.9154870143
taskid,140,start_time,144182.9154870143
taskid,138,finish_time,144627.75796581773
taskid,86,finish_time,145255.89291222265
taskid,134,finish_time,146029.50465259526
taskid,141,start_time,146029.50465259526
taskid,140,finish_time,146650.71254501314
taskid,135,finish_time,146980.7169241738
taskid,142,start_time,146980.7169241738
taskid,136,finish_time,149035.86685207076
taskid,89,finish_time,149407.27010821432
taskid,143,start_time,149407.27010821432
taskid,124,finish_time,151703.75816241786
taskid,144,start_time,151703.75816241786
taskid,144,finish_time,152492.40308653715
taskid,145,start_time,152492.40308653715
taskid,100,finish_time,153987.13527119535
taskid,146,start_time,153987.13527119535
taskid,147,start_time,153987.13527119535
taskid,148,start_time,153987.13527119535
taskid,146,finish_time,154767.31952178603
taskid,145,finish_time,155900.69477639982
taskid,149,start_time,155900.69477639982
taskid,131,finish_time,156262.13286785703
taskid,150,start_time,156262.13286785703
taskid,151,start_time,156262.13286785703
taskid,142,finish_time,156440.563125425
taskid,150,finish_time,156712.1653030784
taskid,152,start_time,156712.1653030784
taskid,151,finish_time,156960.25294456197
taskid,149,finish_time,157927.77155801904
taskid,153,start_time,157927.77155801904
taskid,139,finish_time,157986.53102008064
taskid,154,start_time,157986.53102008064
taskid,20,finish_time,159238.62712886132
taskid,155,start_time,159238.62712886132
taskid,148,finish_time,159786.5315135745
taskid,156,start_time,159786.5315135745
taskid,19,finish_time,160811.06350549342
taskid,157,start_time,160811.06350549342
taskid,137,finish_time,161275.6609369718
taskid,158,start_time,161275.6609369718
taskid,159,start_time,161275.6609369718
taskid,159,finish_time,161995.21765049137
taskid,158,finish_time,162117.626951822
taskid,160,start_time,162117.626951822
taskid,115,finish_time,163019.39955126608
taskid,161,start_time,163019.39955126608
taskid,162,start_time,163019.39955126608
taskid,163,start_time,163019.39955126608
taskid,164,start_time,163019.39955126608
taskid,162,finish_time,163923.6785162633
taskid,161,finish_time,164016.3652363943
taskid,155,finish_time,165726.7316623999
taskid,147,finish_time,166705.820390952
taskid,165,start_time,166705.820390952
taskid,166,start_time,166705.820390952
taskid,167,start_time,166705.820390952
taskid,167,finish_time,167521.61347873305
taskid,156,finish_time,167806.7984748853
taskid,168,start_time,167806.7984748853
taskid,163,finish_time,168056.80613889414
taskid,153,finish_time,168634.2213517976
taskid,169,start_time,168634.2213517976
taskid,164,finish_time,168637.199854248
taskid,157,finish_time,169094.79749440003
taskid,170,start_time,169094.79749440003
taskid,171,start_time,169094.79749440003
taskid,172,start_time,169094.79749440003
taskid,23,finish_time,169239.19702532215
taskid,173,start_time,169239.19702532215
taskid,166,finish_time,169819.77804280526
taskid,171,finish_time,170099.35662411436
taskid,172,finish_time,170146.3249549749
taskid,174,start_time,170146.3249549749
taskid,8,finish_time,170181.1315990094
taskid,175,start_time,170181.1315990094
taskid,176,start_time,170181.1315990094
taskid,177,start_time,170181.1315990094
taskid,1,finish_time,170740.82722599877
taskid,178,start_time,170740.82722599877
taskid,175,finish_time,170923.1625830746
taskid,177,finish_time,170933.20106266096
taskid,176,finish_time,171175.35166579648
taskid,179,start_time,171175.35166579648
taskid,174,finish_time,173786.2455852227
taskid,180,start_time,173786.2455852227
taskid,179,finish_time,175880.87345890206
taskid,180,finish_time,179560.98395911386
taskid,181,start_time,179560.98395911386
taskid,165,finish_time,187008.78443994292
taskid,182,start_time,187008.78443994292
taskid,160,finish_time,194892.07406031675
taskid,183,start_time,194892.07406031675
taskid,141,finish_time,195069.45306625823
taskid,184,start_time,195069.45306625823
taskid,185,start_time,195069.45306625823
taskid,185,finish_time,195618.23888265347
taskid,186,start_time,195618.23888265347
taskid,182,finish_time,195634.4141328081
taskid,187,start_time,195634.4141328081
taskid,188,start_time,195634.4141328081
taskid,189,start_time,195634.4141328081
taskid,190,start_time,195634.4141328081
taskid,191,start_time,195634.4141328081
taskid,192,start_time,195634.4141328081
taskid,193,start_time,195634.4141328081
taskid,190,finish_time,196246.3674814338
taskid,191,finish_time,196530.51510650455
taskid,187,finish_time,196533.83787557564
taskid,189,finish_time,196624.34646617353
taskid,188,finish_time,196668.93401301897
taskid,192,finish_time,196798.64008829428
taskid,194,start_time,196798.64008829428
taskid,168,finish_time,198597.5903634567
taskid,184,finish_time,199393.76162944254
taskid,195,start_time,199393.76162944254
taskid,186,finish_time,199662.7069677511
taskid,196,start_time,199662.7069677511
taskid,195,finish_time,200410.1094515778
taskid,197,start_time,200410.1094515778
taskid,198,start_time,200410.1094515778
taskid,152,finish_time,200608.3758531056
taskid,199,start_time,200608.3758531056
taskid,200,start_time,200608.3758531056
taskid,178,finish_time,202261.62019563923
taskid,201,start_time,202261.62019563923
taskid,169,finish_time,202996.4758033029
taskid,202,start_time,202996.4758033029
taskid,203,start_time,202996.4758033029
taskid,193,finish_time,204200.96310885967
taskid,204,start_time,204200.96310885967
taskid,197,finish_time,204905.64669770116
taskid,205,start_time,204905.64669770116
taskid,132,finish_time,204981.12749080325
taskid,202,finish_time,205091.13016120973
taskid,206,start_time,205091.13016120973
taskid,95,finish_time,205132.81118617338
taskid,207,start_time,205132.81118617338
taskid,205,finish_time,205519.45357096454
taskid,208,start_time,205519.45357096454
taskid,207,finish_time,205749.48492070925
taskid,209,start_time,205749.48492070925
taskid,206,finish_time,205794.36238777026
taskid,210,start_time,205794.36238777026
taskid,211,start_time,205794.36238777026
taskid,204,finish_time,206203.02699216618
taskid,209,finish_time,206541.75951999673
taskid,212,start_time,206541.75951999673
taskid,213,start_time,206541.75951999673
taskid,210,finish_time,206715.56713018724
taskid,214,start_time,206715.56713018724
taskid,143,finish_time,206805.1418051791
taskid,215,start_time,206805.1418051791
taskid,216,start_time,206805.1418051791
taskid,7,finish_time,206981.87957397947
taskid,217,start_time,206981.87957397947
taskid,211,finish_time,208487.3266440562
taskid,183,finish_time,209082.29363138098
taskid,203,finish_time,210014.3132988608
taskid,218,start_time,210014.3132988608
taskid,219,start_time,210014.3132988608
taskid,216,finish_time,210054.82296372132
taskid,213,finish_time,210112.15524739152
taskid,198,finish_time,211130.9507782271
taskid,219,finish_time,212047.11002644413
taskid,170,finish_time,212137.11441047135
taskid,4,finish_time,213883.83441553573
taskid,220,start_time,213883.83441553573
taskid,221,start_time,213883.83441553573
taskid,222,start_time,213883.83441553573
taskid,199,finish_time,214318.0452690686
taskid,223,start_time,214318.0452690686
taskid,222,finish_time,215994.79931519984
taskid,196,finish_time,216314.70721919328
taskid,224,start_time,216314.70721919328
taskid,221,finish_time,216912.55483947322
taskid,223,finish_time,218280.73150959177
taskid,225,start_time,218280.73150959177
taskid,224,finish_time,219895.539908321
taskid,226,start_time,219895.539908321
taskid,227,start_time,219895.539908321
taskid,226,finish_time,220659.39716352796
taskid,228,start_time,220659.39716352796
taskid,229,start_time,220659.39716352796
taskid,230,start_time,220659.39716352796
taskid,231,start_time,220659.39716352796
taskid,232,start_time,220659.39716352796
taskid,231,finish_time,221514.05987213517
taskid,233,start_time,221514.05987213517
taskid,230,finish_time,221602.82395463152
taskid,232,finish_time,221674.56006246712
taskid,229,finish_time,221822.45661606058
taskid,228,finish_time,223902.86358179472
taskid,234,start_time,223902.86358179472
taskid,220,finish_time,226602.76893772825
taskid,235,start_time,226602.76893772825
taskid,236,start_time,226602.76893772825
taskid,237,start_time,226602.76893772825
taskid,238,start_time,226602.76893772825
taskid,239,start_time,226602.76893772825
taskid,240,start_time,226602.76893772825
taskid,241,start_time,226602.76893772825
taskid,242,start_time,226602.76893772825
taskid,243,start_time,226602.76893772825
taskid,244,start_time,226602.76893772825
taskid,245,start_time,226602.76893772825
taskid,246,start_time,226602.76893772825
taskid,247,start_time,226602.76893772825
taskid,248,start_time,226602.76893772825
taskid,249,start_time,226602.76893772825
taskid,250,start_time,226602.76893772825
taskid,251,start_time,226602.76893772825
taskid,243,finish_time,227019.30261944508
taskid,240,finish_time,227176.70044998493
taskid,235,finish_time,227193.11033886654
taskid,247,finish_time,227244.8409468151
taskid,233,finish_time,227253.87469182583
taskid,242,finish_time,227271.05589642393
taskid,239,finish_time,227306.5847927553
taskid,236,finish_time,227334.15643014712
taskid,244,finish_time,227355.97723056388
taskid,238,finish_time,227468.0924412966
taskid,237,finish_time,227767.52087654924
taskid,227,finish_time,229103.51601205568
taskid,88,finish_time,229527.95218575734
taskid,252,start_time,229688.0108593019
taskid,253,start_time,229787.5783694219
taskid,254,start_time,229913.91527678884
taskid,255,start_time,229924.75705783314
taskid,256,start_time,230446.71451362938
taskid,257,start_time,230576.42351161042
taskid,255,finish_time,230838.83445374866
taskid,258,start_time,230869.2847268268
taskid,257,finish_time,231360.2511416538
taskid,259,start_time,231511.91331283987
taskid,260,start_time,231597.45968596824
taskid,212,finish_time,231713.73460147125
taskid,260,finish_time,232304.75027090567
taskid,261,start_time,232367.71027207098
taskid,259,finish_time,232432.30630903575
taskid,262,start_time,232831.08833337392
taskid,261,finish_time,233350.62984990698
taskid,218,finish_time,233572.2455940209
taskid,263,start_time,233784.799580067
taskid,264,start_time,234483.60482172607
taskid,265,start_time,234744.11499549382
taskid,263,finish_time,234756.39965285774
taskid,264,finish_time,235235.52666470673
taskid,265,finish_time,235744.25824715153
taskid,249,finish_time,235825.65232310386
taskid,217,finish_time,236400.02486292197
taskid,266,start_time,236732.7340173881
taskid,267,start_time,236786.19046573353
taskid,251,finish_time,236798.10959686962
taskid,250,finish_time,236804.63972701837
taskid,268,start_time,236858.37466743804
taskid,269,start_time,237028.85115472527
taskid,262,finish_time,237258.60406451678
taskid,270,start_time,237346.8376461876
taskid,194,finish_time,237423.56404600624
taskid,271,start_time,237475.55237091295
taskid,266,finish_time,237483.87577272425
taskid,267,finish_time,237509.04377818428
taskid,272,start_time,237687.88978609146
taskid,268,finish_time,237802.55198891857
taskid,273,start_time,237838.0810643865
taskid,252,finish_time,237885.00409642485
taskid,269,finish_time,238132.49686776442
taskid,270,finish_time,238322.6889923369
taskid,253,finish_time,239963.02624492216
taskid,274,start_time,240110.0302794135
taskid,275,start_time,241254.44116744766
taskid,241,finish_time,241317.43425917637
taskid,276,start_time,241661.06378082835
taskid,272,finish_time,242163.8610487554
taskid,276,finish_time,242621.8918190359
taskid,271,finish_time,242740.78122533017
taskid,234,finish_time,243381.35039753417
taskid,275,finish_time,243792.26843984186
taskid,274,finish_time,244599.48476363806
taskid,277,start_time,245554.82433943788
taskid,273,finish_time,245926.64002768477
taskid,277,finish_time,248115.42618637014
taskid,278,start_time,249092.30412585987
taskid,279,start_time,249920.54388760062
taskid,76,finish_time,251299.26142774927
taskid,280,start_time,251384.5350742448
taskid,281,start_time,251513.67786991078
taskid,282,start_time,251966.81976166804
taskid,281,finish_time,252326.98811091884
taskid,280,finish_time,252344.3471930124
taskid,279,finish_time,252723.2594520898
taskid,282,finish_time,252809.83782379876
taskid,283,start_time,253634.07176467488
taskid,284,start_time,253635.64776404045
taskid,285,start_time,253698.56103158364
taskid,87,finish_time,253739.63227453246
taskid,286,start_time,254160.438982236
taskid,285,finish_time,254431.48021063837
taskid,284,finish_time,254498.61411597912
taskid,287,start_time,254516.37897669658
taskid,288,start_time,254648.26147668195
taskid,283,finish_time,254652.27996639485
taskid,287,finish_time,255088.1033462801
taskid,288,finish_time,255422.48964459824
taskid,289,start_time,255703.41946439492
taskid,290,start_time,255809.01048639102
taskid,286,finish_time,255842.1427394967
taskid,291,start_time,257940.35421646805
taskid,292,start_time,257989.47583648833
taskid,293,start_time,259005.9588837224
taskid,294,start_time,261256.02383213595
taskid,295,start_time,261583.8172131726
taskid,296,start_time,262022.49096970112
taskid,297,start_time,262046.19653473375
taskid,298,start_time,262175.92825729796
taskid,295,finish_time,262415.3693883655
taskid,296,finish_time,263032.6366186404
taskid,290,finish_time,263333.56394558476
taskid,299,start_time,263658.9532157613
taskid,294,finish_time,263674.50104807
taskid,300,start_time,263744.35534163384
taskid,289,finish_time,264020.4654913398
taskid,301,start_time,264088.5200549238
taskid,302,start_time,264185.4990291615
taskid,299,finish_time,264268.5786202039
taskid,292,finish_time,264432.2622145238
taskid,303,start_time,265333.442327323
taskid,298,finish_time,265449.4651897646
taskid,304,start_time,265703.1804705249
taskid,303,finish_time,266072.8794046828
taskid,291,finish_time,266328.9973123886
taskid,305,start_time,266416.41536986764
taskid,304,finish_time,266465.79061783856
taskid,306,start_time,267167.08721640223
taskid,307,start_time,267360.22171224444
taskid,308,start_time,267456.1256452346
taskid,297,finish_time,268057.8534734132
taskid,309,start_time,268769.5290115425
taskid,310,start_time,268880.87159063143
taskid,293,finish_time,269276.20101066364
taskid,311,start_time,269787.6677334699
taskid,311,finish_time,270610.2120355762
taskid,312,start_time,271685.0768256985
taskid,225,finish_time,271903.1758145989
taskid,310,finish_time,272221.5168617171
taskid,312,finish_time,272458.1881992647
taskid,313,start_time,272518.9250381579
taskid,314,start_time,273211.2675521161
taskid,313,finish_time,273270.99964688154
taskid,315,start_time,273446.0087864839
taskid,316,start_time,274705.4792317203
taskid,317,start_time,275477.72454170557
taskid,318,start_time,275871.851858996
taskid,319,start_time,276294.20622827526
taskid,315,finish_time,277019.56821279123
taskid,319,finish_time,277138.86021445604
taskid,309,finish_time,277270.9678191926
taskid,201,finish_time,277615.2966880705
taskid,320,start_time,277772.345412014
taskid,321,start_time,277794.6630209964
taskid,320,finish_time,278425.04905827827
taskid,321,finish_time,278600.63481569814
taskid,322,start_time,278616.2538264346
taskid,323,start_time,278882.81734698516
taskid,306,finish_time,279499.2135616042
taskid,324,start_time,280141.77562220587
taskid,325,start_time,281281.18987109937
taskid,323,finish_time,281492.4271837695
taskid,326,start_time,281818.8789355628
taskid,317,finish_time,281870.0481375457
taskid,0,finish_time,282214.9316880734
taskid,327,start_time,282355.5971647783
taskid,328,start_time,282377.7050059585
taskid,329,start_time,282486.1378566788
taskid,330,start_time,282521.77679912554
taskid,308,finish_time,282865.19526203664
taskid,322,finish_time,283293.77445815166
taskid,331,start_time,285019.65718879545
taskid,200,finish_time,285586.0682352123
taskid,332,start_time,285731.77182156994
taskid,333,start_time,286793.7472216473
taskid,334,start_time,287639.4920621665
taskid,335,start_time,288450.77491114655
taskid,316,finish_time,288859.47679439816
taskid,336,start_time,289244.2731073553
taskid,325,finish_time,289852.87362210936
taskid,337,start_time,290014.4873370843
taskid,338,start_time,290360.2609227294
taskid,339,start_time,290722.9553396348
taskid,337,finish_time,290784.9831491693
taskid,340,start_time,291009.452989561
taskid,324,finish_time,291067.6159878533
taskid,338,finish_time,291349.19954879256
taskid,339,finish_time,291704.7366347996
taskid,208,finish_time,291794.8616694849
taskid,341,start_time,291938.9919406525
taskid,342,start_time,291970.5339112073
taskid,343,start_time,292096.7487335608
taskid,327,finish_time,292140.7573631308
taskid,326,finish_time,292418.29315553256
taskid,343,finish_time,292908.1600985549
taskid,342,finish_time,292909.89579474536
taskid,344,start_time,293068.0074275403
taskid,345,start_time,293334.8994633362
taskid,328,finish_time,293354.24898059684
taskid,332,finish_time,293781.52134976984
taskid,329,finish_time,293939.779401222
taskid,344,finish_time,294066.2926987083
taskid,331,finish_time,294227.0244535426
taskid,278,finish_time,294371.3506846261
taskid,346,start_time,294375.2330134783
taskid,330,finish_time,295138.47983877367
taskid,346,finish_time,295159.1187870965
taskid,347,start_time,295514.3881100206
taskid,348,start_time,296334.1102463849
taskid,349,start_time,296376.8604116629
taskid,350,start_time,296733.39867463044
taskid,347,finish_time,296813.1307016324
taskid,351,start_time,297008.09671594395
taskid,349,finish_time,297135.24503960606
taskid,350,finish_time,297389.3439716927
taskid,333,finish_time,297575.55932796875
taskid,351,finish_time,297726.59384473384
taskid,352,start_time,298882.8874120656
taskid,314,finish_time,300384.7930332837
taskid,353,start_time,300731.4629345973
taskid,318,finish_time,301263.5645777561
taskid,354,start_time,301409.58257624425
taskid,353,finish_time,301545.15444923344
taskid,355,start_time,301693.9411613695
taskid,354,finish_time,302430.15982314956
taskid,355,finish_time,302657.3385817756
taskid,334,finish_time,302701.82155142387
taskid,356,start_time,303130.2735412808
taskid,357,start_time,304063.78412863665
taskid,307,finish_time,304372.64195821533
taskid,358,start_time,304419.57312527153
taskid,336,finish_time,304497.2198844763
taskid,357,finish_time,304615.3589537241
taskid,356,finish_time,304996.6677131994
taskid,359,start_time,305321.34804524
taskid,340,finish_time,305627.67813052726
taskid,360,start_time,305889.5630149055
taskid,360,finish_time,306639.82634151244
taskid,359,finish_time,306699.568545147
taskid,361,start_time,306840.3310019849
taskid,362,start_time,307418.0875283845
taskid,363,start_time,307670.1181185731
taskid,362,finish_time,308219.6954610471
taskid,364,start_time,308702.61277962313
taskid,363,finish_time,308724.62681942
taskid,364,finish_time,310225.7075707767
taskid,348,finish_time,311032.05638664414
taskid,365,start_time,311279.93847735977
taskid,361,finish_time,311417.70264042483
taskid,366,start_time,312427.1230843386
taskid,367,start_time,312687.73139448225
taskid,368,start_time,312791.5984649276
taskid,369,start_time,313081.1110648994
taskid,365,finish_time,313524.2261863575
taskid,370,start_time,313585.6488299461
taskid,173,finish_time,313735.7088054954
taskid,371,start_time,313912.52217526216
taskid,367,finish_time,314494.8427061751
taskid,371,finish_time,314542.8773149937
taskid,368,finish_time,314598.97206042317
taskid,366,finish_time,314670.7083988512
taskid,372,start_time,314886.4909046002
taskid,373,start_time,314904.59577309276
taskid,374,start_time,314980.54443709436
taskid,369,finish_time,315324.612781038
taskid,370,finish_time,315829.96435118647
taskid,373,finish_time,316255.7445420251
taskid,374,finish_time,316282.61384091456
taskid,375,start_time,316628.4106150144
taskid,341,finish_time,317279.8358442678
taskid,376,start_time,317772.7436625833
taskid,375,finish_time,317820.7212798818
taskid,358,finish_time,318134.1211901225
taskid,376,finish_time,318346.17405564093
taskid,377,start_time,319121.97464262054
taskid,378,start_time,319418.54436063935
taskid,379,start_time,319756.5209576626
taskid,377,finish_time,320374.5085002043
taskid,378,finish_time,320463.633873488
taskid,379,finish_time,320596.62854782876
taskid,372,finish_time,323012.231447966
taskid,380,start_time,324596.89447270415
taskid,381,start_time,324701.4242643354
taskid,382,start_time,325393.3289762638
taskid,380,finish_time,325848.5672405822
taskid,381,finish_time,326055.1550338083
taskid,383,start_time,326103.47753107466
taskid,384,start_time,326345.57694717543
taskid,385,start_time,326501.87719270913
taskid,386,start_time,326790.1496731108
taskid,387,start_time,326916.7494593352
taskid,382,finish_time,327379.8331700451
taskid,383,finish_time,327433.81729492603
taskid,384,finish_time,327542.741082352
taskid,388,start_time,327706.63255608524
taskid,387,finish_time,328131.4295528719
taskid,389,start_time,328338.6225724435
taskid,385,finish_time,328462.1514882791
taskid,389,finish_time,328939.00097886677
taskid,388,finish_time,329031.0751432227
taskid,390,start_time,329103.34012948914
taskid,386,finish_time,329142.1220786051
taskid,391,start_time,329801.663956565
taskid,391,finish_time,331406.7174271765
taskid,390,finish_time,331543.8973835676
taskid,392,start_time,331622.3805731646
taskid,393,start_time,331735.37897754373
taskid,392,finish_time,332138.3875943395
taskid,394,start_time,333242.62596902304
taskid,395,start_time,333505.56990871136
taskid,335,finish_time,333589.9501523531
taskid,394,finish_time,334272.61956319254
taskid,396,start_time,335453.4997163218
taskid,395,finish_time,335496.84877170064
taskid,397,start_time,335851.0044750254
taskid,393,finish_time,335932.51791144925
taskid,398,start_time,336362.13436297304
taskid,399,start_time,336477.254955996
taskid,397,finish_time,337348.7313831647
taskid,400,start_time,337367.62039556896
taskid,396,finish_time,337687.1475255897
taskid,398,finish_time,338058.33240445924
taskid,399,finish_time,338185.18800274393
taskid,401,start_time,338428.2185377944
taskid,402,start_time,338693.98386642424
taskid,400,finish_time,339169.5391610553
taskid,403,start_time,339285.76293999824
taskid,401,finish_time,340228.579114462
taskid,404,start_time,340458.58257350954
taskid,405,start_time,340866.68722797453
taskid,406,start_time,340879.1815305769
taskid,407,start_time,341190.4667631954
taskid,403,finish_time,341227.85777361103
taskid,408,start_time,341500.37635980564
taskid,409,start_time,341821.21660589194
taskid,410,start_time,342118.7628292049
taskid,411,start_time,342216.68288071797
taskid,412,start_time,342859.10933059134
taskid,408,finish_time,344143.7717379744
taskid,404,finish_time,344302.7637237087
taskid,411,finish_time,344477.37839022285
taskid,406,finish_time,345359.5202512003
taskid,412,finish_time,345563.38104891434
taskid,410,finish_time,346003.663701687
taskid,407,finish_time,346438.2369274464
taskid,413,start_time,346683.9799741945
taskid,414,start_time,347364.5930412894
taskid,415,start_time,347944.7367739479
taskid,409,finish_time,348004.8242630863
taskid,416,start_time,348059.6490957841
taskid,414,finish_time,348923.4568014822
taskid,416,finish_time,349044.26604765904
taskid,413,finish_time,349286.1683076269
taskid,417,start_time,350540.1890144343
taskid,418,start_time,350820.4066790801
taskid,301,finish_time,351015.8680889989
taskid,419,start_time,351369.72078214836
taskid,352,finish_time,351470.2462692675
taskid,418,finish_time,351899.57705252024
taskid,420,start_time,352007.3205989874
taskid,421,start_time,352289.48646310286
taskid,419,finish_time,352450.00039540377
taskid,420,finish_time,352487.7051321418
taskid,405,finish_time,353237.4658280079
taskid,422,start_time,353268.9098048856
taskid,415,finish_time,353545.6781565956
taskid,423,start_time,354066.20838828303
taskid,424,start_time,354312.43560190254
taskid,425,start_time,354668.80543819215
taskid,426,start_time,355310.27191915223
taskid,402,finish_time,355860.93561235745
taskid,424,finish_time,355872.4527841556
taskid,423,finish_time,356069.45040461235
taskid,422,finish_time,356151.2309137045
taskid,425,finish_time,356605.3424765169
taskid,427,start_time,357006.8982963407
taskid,426,finish_time,357245.3596762611
taskid,427,finish_time,358943.06553552777
taskid,428,start_time,358953.8616496814
taskid,429,start_time,359128.2658161507
taskid,430,start_time,359452.54475057893
taskid,431,start_time,360224.3874903025
taskid,258,finish_time,360520.3264552761
taskid,428,finish_time,360889.15704338584
taskid,432,start_time,360990.06525322946
taskid,429,finish_time,361063.87641066266
taskid,433,start_time,362544.02589573833
taskid,434,start_time,362582.851125235
taskid,435,start_time,362592.1300555195
taskid,436,start_time,362698.5933870717
taskid,433,finish_time,363013.51376300055
taskid,430,finish_time,363476.4939504927
taskid,437,start_time,364016.121130835
taskid,438,start_time,365963.2461778978
taskid,437,finish_time,366801.37228089344
taskid,436,finish_time,366869.73486489494
taskid,439,start_time,366923.48461258836
taskid,438,finish_time,367653.01051250845
taskid,245,finish_time,367679.5316208047
taskid,440,start_time,368405.06358157215
taskid,441,start_time,368570.8043034666
taskid,439,finish_time,368580.7398391506
taskid,442,start_time,369247.45749033574
taskid,431,finish_time,370055.58824532107
taskid,302,finish_time,370260.4300898426
taskid,441,finish_time,370263.2004431891
taskid,440,finish_time,370631.8997853856
taskid,434,finish_time,370846.5869576848
taskid,442,finish_time,370953.8092277728
taskid,443,start_time,371862.7361661736
taskid,444,start_time,372120.14002075227
taskid,445,start_time,372999.6327806808
taskid,446,start_time,373361.3900648114
taskid,443,finish_time,373874.18941842555
taskid,445,finish_time,374034.05230534927
taskid,444,finish_time,374132.64306940004
taskid,447,start_time,374280.0272373133
taskid,446,finish_time,374726.39034805045
taskid,448,start_time,375126.14524239814
taskid,447,finish_time,375282.67262706294
taskid,448,finish_time,376235.97886656085
taskid,432,finish_time,376657.15038855
taskid,449,start_time,376703.0597644018
taskid,435,finish_time,376721.26415667124
taskid,449,finish_time,377627.7770865538
taskid,450,start_time,378054.15994688333
taskid,451,start_time,378690.54634861526
taskid,452,start_time,378879.3827167618
taskid,450,finish_time,379297.06475397444
taskid,453,start_time,379339.9203565747
taskid,452,finish_time,379651.65578645584
taskid,451,finish_time,379701.910933539
taskid,453,finish_time,380016.2162813598
taskid,454,start_time,381606.8331211521
taskid,454,finish_time,382436.7086384883
taskid,455,start_time,383094.6603531717
taskid,455,finish_time,384064.25020918896
taskid,456,start_time,385930.35812716704
taskid,457,start_time,386304.14050548105
taskid,458,start_time,386377.14490612556
taskid,458,finish_time,387205.73090113344
taskid,459,start_time,388484.67193694407
taskid,305,finish_time,388675.2780699966
taskid,457,finish_time,388763.17159573146
taskid,460,start_time,388970.843093831
taskid,461,start_time,389103.1274830364
taskid,462,start_time,389134.8710336113
taskid,459,finish_time,389334.90026636544
taskid,460,finish_time,389956.7762238462
taskid,463,start_time,390242.28048358194
taskid,464,start_time,390916.12358395447
taskid,465,start_time,391974.7250470215
taskid,466,start_time,393160.05219556764
taskid,467,start_time,393486.45786126936
taskid,468,start_time,393895.3832795944
taskid,469,start_time,394151.5543639072
taskid,470,start_time,395182.2515098019
taskid,471,start_time,395837.1610086841
taskid,471,finish_time,396527.35142634355
taskid,472,start_time,398644.1214173724
taskid,467,finish_time,399164.1369952917
taskid,472,finish_time,399664.75428542413
taskid,473,start_time,400618.21997767314
taskid,473,finish_time,401482.3925090971
taskid,474,start_time,401500.2817550412
taskid,474,finish_time,402516.58402879257
taskid,256,finish_time,405329.3120163379
taskid,475,start_time,406643.27390394977
taskid,476,start_time,407155.2049616862
taskid,477,start_time,407281.5809685972
taskid,475,finish_time,407480.3058161527
taskid,478,start_time,407519.0228974283
taskid,479,start_time,407994.93584252155
taskid,477,finish_time,408213.9218048946
taskid,480,start_time,408275.7182701398
taskid,480,finish_time,409290.15750667785
taskid,481,start_time,409579.951647542
taskid,482,start_time,410255.6956274241
taskid,482,finish_time,410978.73016530223
taskid,483,start_time,411203.0926480746
taskid,484,start_time,411462.19333173585
taskid,484,finish_time,412034.2821777437
taskid,476,finish_time,412115.2891836005
taskid,485,start_time,413649.2695439586
taskid,486,start_time,414326.23666052317
taskid,487,start_time,414579.21207320894
taskid,300,finish_time,414651.5364357571
taskid,488,start_time,416374.4236798637
taskid,489,start_time,416724.38275140215
taskid,490,start_time,416967.48970673874
taskid,491,start_time,417010.83615958743
taskid,492,start_time,417451.3685074585
taskid,491,finish_time,417740.55478636286
taskid,493,start_time,417927.4322058329
taskid,494,start_time,418439.7311774721
taskid,481,finish_time,418532.1466947019
taskid,478,finish_time,418656.7481833642
taskid,495,start_time,418691.81550420984
taskid,456,finish_time,418813.1262553018
taskid,496,start_time,419215.64634893596
taskid,494,finish_time,419568.1594890954
taskid,497,start_time,419732.2777279994
taskid,495,finish_time,419760.3741952345
taskid,496,finish_time,420192.8566000277
taskid,498,start_time,420289.0690128316
taskid,499,start_time,420545.45992244966
taskid,485,finish_time,420619.85176011536
taskid,500,start_time,420943.57764370186
taskid,501,start_time,421126.7945184963
taskid,502,start_time,421209.45380941976
taskid,503,start_time,421331.9955592879
taskid,497,finish_time,421964.88774911535
taskid,483,finish_time,422237.5810518706
taskid,498,finish_time,422522.0578054912
taskid,488,finish_time,422756.8628098769
taskid,499,finish_time,422778.8923810865
taskid,504,start_time,422806.0440895327
taskid,501,finish_time,422959.63102583395
taskid,502,finish_time,423008.0363502768
taskid,503,finish_time,423023.92227316304
taskid,505,start_time,423059.3227818618
taskid,500,finish_time,423177.61167390185
taskid,506,start_time,423262.3866238859
taskid,504,finish_time,423794.3468975816
taskid,505,finish_time,423944.59989796317
taskid,506,finish_time,424016.58711581904
taskid,507,start_time,424277.79415705934
taskid,507,finish_time,425043.7078193726
taskid,486,finish_time,425354.0136332928
taskid,487,finish_time,425530.6517460659
taskid,490,finish_time,425715.90414449153
taskid,492,finish_time,425719.67456441105
taskid,57,finish_time,427087.3970586063
taskid,508,start_time,427274.9095332476
taskid,489,finish_time,427562.5803958773
taskid,509,start_time,427756.3755822001
taskid,508,finish_time,428289.55792126176
taskid,510,start_time,428665.3450682423
taskid,509,finish_time,428778.08381639945
taskid,511,start_time,429138.6743612807
taskid,512,start_time,429584.6239520071
taskid,513,start_time,429902.1747021123
taskid,510,finish_time,429916.21815278963
taskid,511,finish_time,430090.7643373326
taskid,512,finish_time,430180.32161128736
taskid,514,start_time,430228.628041791
taskid,493,finish_time,430367.16796938377
taskid,515,start_time,430578.9347651363
taskid,516,start_time,430805.5800927255
taskid,513,finish_time,431024.17591256456
taskid,514,finish_time,431309.8773973472
taskid,517,start_time,434190.0124457668
taskid,518,start_time,434904.65183851693
taskid,518,finish_time,435902.223000025
taskid,519,start_time,436384.6239837978
taskid,519,finish_time,437384.3331312519
taskid,520,start_time,437791.390164821
taskid,521,start_time,438208.7763720314
taskid,522,start_time,438287.41077535384
taskid,520,finish_time,438622.21787228127
taskid,523,start_time,438985.42036138574
taskid,522,finish_time,439050.6485526439
taskid,523,finish_time,439766.94655526994
taskid,524,start_time,443594.476381711
taskid,525,start_time,443714.7991624371
taskid,525,finish_time,444473.07014538045
taskid,521,finish_time,445055.1921337284
taskid,462,finish_time,447778.8847437402
taskid,463,finish_time,448518.43665187445
taskid,526,start_time,448701.13967597904
taskid,527,start_time,449598.2141194972
taskid,526,finish_time,449822.7019551799
taskid,528,start_time,450343.27165542706
taskid,527,finish_time,450696.09217421664
taskid,529,start_time,451667.91122990055
taskid,530,start_time,452534.25175296003
taskid,529,finish_time,452633.23043948365
taskid,531,start_time,452956.6621893474
taskid,530,finish_time,453707.95271588175
taskid,532,start_time,454563.8647686331
taskid,533,start_time,454605.64358150103
taskid,531,finish_time,454950.73230012244
taskid,528,finish_time,456039.92654119513
taskid,533,finish_time,456123.02831933
taskid,532,finish_time,456365.5078642043
taskid,524,finish_time,456572.5311250928
taskid,534,start_time,456967.6062246428
taskid,535,start_time,457673.9367335191
taskid,536,start_time,458161.3701206799
taskid,534,finish_time,459204.83454047045
taskid,537,start_time,459279.1927511543
taskid,538,start_time,459593.26908985514
taskid,539,start_time,459640.57248267875
taskid,540,start_time,459892.784726966
taskid,535,finish_time,459910.84412649565
taskid,541,start_time,460005.1775933233
taskid,536,finish_time,460399.5281058909
taskid,461,finish_time,460787.7903259243
taskid,540,finish_time,460904.1521821747
taskid,541,finish_time,460936.7889310578
taskid,537,finish_time,461515.4170656025
taskid,542,start_time,461950.8526198057
taskid,543,start_time,462258.67695654155
taskid,544,start_time,462554.8734044918
taskid,545,start_time,462836.39034094266
taskid,542,finish_time,462961.76537478145
taskid,543,finish_time,463188.5153956012
taskid,546,start_time,463206.10891869006
taskid,544,finish_time,463481.24494468735
taskid,547,start_time,464329.8801039271
taskid,547,finish_time,465070.99828908464
taskid,548,start_time,466019.82583407767
taskid,549,start_time,466124.7827493003
taskid,550,start_time,466534.77888321877
taskid,548,finish_time,467123.4761040645
taskid,549,finish_time,467163.6616800796
taskid,545,finish_time,467718.0826792833
taskid,551,start_time,468868.44724443945
taskid,552,start_time,468963.0678480592
taskid,552,finish_time,469562.5884637873
taskid,553,start_time,470277.44744752895
taskid,554,start_time,470451.98038782703
taskid,553,finish_time,471365.6059977908
taskid,555,start_time,471412.4779282916
taskid,556,start_time,471548.2178038989
taskid,546,finish_time,474681.360117697
taskid,557,start_time,474681.360117697
taskid,558,start_time,474681.360117697
taskid,551,finish_time,474905.2831136421
taskid,470,finish_time,474997.79109769285
taskid,559,start_time,476176.6866893565
taskid,550,finish_time,476220.92284191516
taskid,560,start_time,476378.6423534082
taskid,561,start_time,476608.7490882132
taskid,555,finish_time,477246.2080629165
taskid,562,start_time,478439.8151660111
taskid,563,start_time,479053.72702883824
taskid,562,finish_time,479662.0050079975
taskid,469,finish_time,481034.8211773182
taskid,564,start_time,481034.8211773182
taskid,561,finish_time,482654.35505793407
taskid,565,start_time,482654.35505793407
taskid,566,start_time,482654.35505793407
taskid,557,finish_time,487041.3753751193
taskid,567,start_time,487041.3753751193
taskid,568,start_time,487041.3753751193
taskid,568,finish_time,487932.028808117
taskid,567,finish_time,488251.99723848427
taskid,565,finish_time,488293.23665158683
taskid,569,start_time,488293.23665158683
taskid,559,finish_time,492201.47773040016
taskid,558,finish_time,492414.3448458291
taskid,570,start_time,492414.3448458291
taskid,560,finish_time,492542.8164601351
taskid,571,start_time,492542.8164601351
taskid,571,finish_time,493626.01326709747
taskid,572,start_time,493626.01326709747
taskid,572,finish_time,494295.38840197335
taskid,573,start_time,494295.38840197335
taskid,563,finish_time,494665.090746859
taskid,573,finish_time,495152.68569772615
taskid,574,start_time,495152.68569772615
taskid,564,finish_time,497553.2911586732
taskid,575,start_time,497553.2911586732
taskid,575,finish_time,498534.0475868963
taskid,569,finish_time,499535.1650289464
taskid,576,start_time,499535.1650289464
taskid,577,start_time,499535.1650289464
taskid,570,finish_time,499691.91774453846
taskid,566,finish_time,499829.4393827175
taskid,577,finish_time,500213.31641013507
taskid,578,start_time,500213.31641013507
taskid,578,finish_time,501346.5589681984
taskid,579,start_time,501346.5589681984
taskid,580,start_time,501346.5589681984
taskid,581,start_time,501346.5589681984
taskid,468,finish_time,501545.16696933034
taskid,579,finish_time,502077.24048752344
taskid,582,start_time,502077.24048752344
taskid,581,finish_time,502172.7030380286
taskid,583,start_time,502172.7030380286
taskid,583,finish_time,503252.9540989933
taskid,539,finish_time,503271.47330671165
taskid,584,start_time,503271.47330671165
taskid,585,start_time,503271.47330671165
taskid,585,finish_time,504418.3383865907
taskid,576,finish_time,505333.358313215
taskid,586,start_time,505333.358313215
taskid,582,finish_time,507962.24818765634
taskid,587,start_time,507962.24818765634
taskid,588,start_time,507962.24818765634
taskid,589,start_time,507962.24818765634
taskid,590,start_time,507962.24818765634
taskid,591,start_time,507962.24818765634
taskid,592,start_time,507962.24818765634
taskid,593,start_time,507962.24818765634
taskid,574,finish_time,508069.5636559347
taskid,594,start_time,508069.5636559347
taskid,595,start_time,508069.5636559347
taskid,596,start_time,508069.5636559347
taskid,96,finish_time,508786.37255147565
taskid,597,start_time,508786.37255147565
taskid,598,start_time,508786.37255147565
taskid,584,finish_time,508829.84546193073
taskid,599,start_time,508829.84546193073
taskid,600,start_time,508829.84546193073
taskid,601,start_time,508829.84546193073
taskid,602,start_time,508829.84546193073
taskid,603,start_time,508829.84546193073
taskid,604,start_time,508829.84546193073
taskid,588,finish_time,508917.69198310893
taskid,605,start_time,508935.98693216935
taskid,589,finish_time,509091.0947557636
taskid,593,finish_time,509106.85802375764
taskid,606,start_time,509799.6742989544
taskid,595,finish_time,509817.81450406584
taskid,607,start_time,510287.1007262429
taskid,596,finish_time,512868.25636517775
taskid,592,finish_time,514247.5601624108
taskid,591,finish_time,514497.4195851017
taskid,580,finish_time,514744.8733516672
taskid,608,start_time,514744.8733516672
taskid,609,start_time,514744.8733516672
taskid,610,start_time,514744.8733516672
taskid,611,start_time,514744.8733516672
taskid,612,start_time,514744.8733516672
taskid,610,finish_time,515534.8988794739
taskid,609,finish_time,515598.6069507187
taskid,611,finish_time,515598.9989119879
taskid,612,finish_time,515802.2759619722
taskid,600,finish_time,516214.0413284317
taskid,590,finish_time,516793.2860243662
taskid,613,start_time,516853.93195809535
taskid,586,finish_time,516929.6790197907
taskid,607,finish_time,517164.9753759314
taskid,602,finish_time,517812.6057399167
taskid,613,finish_time,517893.00257219496
taskid,538,finish_time,518056.2905675859
taskid,599,finish_time,518066.6832335297
taskid,605,finish_time,518179.8837252964
taskid,614,start_time,518692.55092831294
taskid,604,finish_time,518757.0115517782
taskid,606,finish_time,519229.1048694619
taskid,615,start_time,519364.480735727
taskid,587,finish_time,519524.98242597753
taskid,598,finish_time,519703.0359446473
taskid,601,finish_time,519774.079786625
taskid,616,start_time,519853.9096835408
taskid,603,finish_time,519920.94426139933
taskid,617,start_time,520066.26666578965
taskid,615,finish_time,520290.27993287414
taskid,618,start_time,520449.89170980616
taskid,619,start_time,520747.9494454853
taskid,617,finish_time,520894.4740759148
taskid,620,start_time,521240.5602597992
taskid,618,finish_time,521573.0506634739
taskid,621,start_time,521581.5971380768
taskid,619,finish_time,521762.69002745935
taskid,608,finish_time,521786.1436477775
taskid,620,finish_time,522062.90240734053
taskid,621,finish_time,522671.58828726434
taskid,479,finish_time,523047.07001030125
taskid,616,finish_time,523122.07994444657
taskid,622,start_time,523662.0259102419
taskid,623,start_time,523678.8551525191
taskid,624,start_time,523966.81480776815
taskid,614,finish_time,524236.0481713109
taskid,625,start_time,524432.2869658789
taskid,626,start_time,524804.1900749343
taskid,627,start_time,524859.8339559281
taskid,597,finish_time,524895.1853251496
taskid,628,start_time,525325.2388423381
taskid,624,finish_time,525466.6787404504
taskid,625,finish_time,525916.543014383
taskid,626,finish_time,527016.9493873256
taskid,627,finish_time,527072.2081717654
taskid,628,finish_time,527129.3130592469
taskid,629,start_time,527245.6087140801
taskid,630,start_time,528174.6249991618
taskid,631,start_time,528478.1151573127
taskid,629,finish_time,529052.2961420162
taskid,630,finish_time,529955.3429615682
taskid,632,start_time,530595.2450360723
taskid,631,finish_time,530709.9057302333
taskid,633,start_time,530976.2077198153
taskid,634,start_time,531331.4634377897
taskid,635,start_time,531391.7955375416
taskid,636,start_time,531852.2765265206
taskid,637,start_time,532476.2661460666
taskid,632,finish_time,532478.0480544146
taskid,638,start_time,532554.1859502142
taskid,633,finish_time,532771.9210733484
taskid,635,finish_time,533066.7527528526
taskid,623,finish_time,533086.4404433328
taskid,639,start_time,533282.2860571838
taskid,634,finish_time,533583.3177640409
taskid,640,start_time,534018.5782031723
taskid,636,finish_time,534068.1063016177
taskid,641,start_time,534198.8035560604
taskid,638,finish_time,534581.5389443067
taskid,637,finish_time,534732.7922450281
taskid,642,start_time,534805.7311577089
taskid,639,finish_time,534949.4803028707
taskid,643,start_time,535661.2119841308
taskid,640,finish_time,535694.3548109554
taskid,644,start_time,535756.1172651085
taskid,641,finish_time,536026.72395057
taskid,642,finish_time,536613.3074918652
taskid,645,start_time,536931.3863188708
taskid,643,finish_time,537359.2828429793
taskid,646,start_time,537581.6510386923
taskid,644,finish_time,538010.29738128
taskid,645,finish_time,539175.2009875262
taskid,647,start_time,539246.7126230516
taskid,646,finish_time,539395.841363576
taskid,622,finish_time,539518.5132860525
taskid,648,start_time,540293.1948506488
taskid,647,finish_time,541095.0210592877
taskid,648,finish_time,542587.249604428
taskid,649,start_time,543541.7051116008
taskid,464,finish_time,543946.5392069027
taskid,650,start_time,544433.3115246559
taskid,651,start_time,544754.6707714617
taskid,652,start_time,544897.1755619085
taskid,653,start_time,544957.3849832959
taskid,465,finish_time,544997.0059851708
taskid,649,finish_time,545466.7242675336
taskid,654,start_time,545691.0914473475
taskid,466,finish_time,546181.1409013454
taskid,655,start_time,546237.9808208961
taskid,653,finish_time,546707.8367762564
taskid,650,finish_time,546727.3705914272
taskid,652,finish_time,546745.2011118823
taskid,651,finish_time,547064.1214390786
taskid,654,finish_time,547985.7715318138
taskid,656,start_time,548059.4408699062
taskid,655,finish_time,549559.5161332374
taskid,656,finish_time,549858.9814612498
taskid,594,finish_time,550300.3965063639
taskid,657,start_time,550725.5490514317
taskid,658,start_time,550783.5638460149
taskid,659,start_time,551761.4088541421
taskid,657,finish_time,552240.7779810631
taskid,658,finish_time,553016.5019966562
taskid,660,start_time,553225.8310367155
taskid,659,finish_time,553470.3104534966
taskid,661,start_time,555094.0577221188
taskid,660,finish_time,555461.3805958268
taskid,662,start_time,556414.5523901586
taskid,663,start_time,556473.2851040271
taskid,181,finish_time,556624.1481330098
taskid,664,start_time,556804.3474258978
taskid,665,start_time,556963.807358315
taskid,661,finish_time,557326.305417321
taskid,662,finish_time,558280.0776741083
taskid,663,finish_time,558366.0689849058
taskid,664,finish_time,558812.3956138554
taskid,665,finish_time,558815.7745919859
taskid,666,start_time,558840.0562401416
taskid,667,start_time,559784.8665961445
taskid,668,start_time,560799.2195222654
taskid,669,start_time,561062.7867067611
taskid,666,finish_time,561314.6238794816
taskid,667,finish_time,562037.2258914806
taskid,670,start_time,562090.0484423024
taskid,671,start_time,562488.1053830076
taskid,669,finish_time,562915.0677312276
taskid,668,finish_time,563292.4587638675
taskid,672,start_time,563664.146342297
taskid,673,start_time,563938.9502983332
taskid,674,start_time,564304.2534314318
taskid,670,finish_time,564562.8758969122
taskid,675,start_time,564592.1099818993
taskid,671,finish_time,564712.7516189518
taskid,676,start_time,565325.4593914913
taskid,677,start_time,565380.1540080006
taskid,672,finish_time,565915.3904658192
taskid,678,start_time,565918.0907192632
taskid,675,finish_time,566118.2248664374
taskid,673,finish_time,566203.4355819483
taskid,679,start_time,566256.0694230285
taskid,674,finish_time,566347.491446396
taskid,677,finish_time,567069.4151054209
taskid,676,finish_time,567158.4546241306
taskid,680,start_time,567513.8345850727
taskid,678,finish_time,567810.2057371082
taskid,679,finish_time,568698.2540617657
taskid,681,start_time,568765.4794369552
taskid,680,finish_time,569953.8265012521
taskid,681,finish_time,570730.7611881192
taskid,682,start_time,570943.8535561688
taskid,683,start_time,571259.1134330663
taskid,684,start_time,571493.2236600332
taskid,685,start_time,571514.2959765411
taskid,686,start_time,571947.5964452033
taskid,687,start_time,572232.0128756033
taskid,688,start_time,572594.690781855
taskid,689,start_time,573035.770723679
taskid,682,finish_time,573350.6727480978
taskid,687,finish_time,573431.9085824925
taskid,685,finish_time,573503.191818881
taskid,683,finish_time,573699.4867178807
taskid,689,finish_time,573887.7551939852
taskid,684,finish_time,573943.1496503789
taskid,690,start_time,574170.0456620371
taskid,686,finish_time,574335.2197653193
taskid,691,start_time,575413.2974862804
taskid,692,start_time,575710.4864614661
taskid,693,start_time,575903.6016724126
taskid,694,start_time,577709.4876242711
taskid,695,start_time,578339.0754784702
taskid,696,start_time,579160.0747185935
taskid,688,finish_time,581427.1249421593
taskid,697,start_time,582817.9940455791
taskid,698,start_time,582893.6536347417
taskid,699,start_time,583518.5164465279
taskid,700,start_time,585542.0504213036
taskid,698,finish_time,585579.1038394712
taskid,701,start_time,585861.607045618
taskid,702,start_time,586172.4036759621
taskid,703,start_time,586315.8756842335
taskid,690,finish_time,586634.2953534205
taskid,703,finish_time,586883.2717422046
taskid,701,finish_time,586974.6668062295
taskid,704,start_time,587293.2025625274
taskid,704,finish_time,588192.6417454573
taskid,693,finish_time,588367.8710460728
taskid,692,finish_time,588660.0787063158
taskid,705,start_time,589743.1880063444
taskid,695,finish_time,590262.5227138179
taskid,706,start_time,591510.4808338382
taskid,707,start_time,593001.7777062142
taskid,708,start_time,593030.8596112855
taskid,699,finish_time,593110.6593434593
taskid,700,finish_time,594208.6826430568
taskid,702,finish_time,594306.7228394683
taskid,709,start_time,595068.8778008956
taskid,709,finish_time,595836.9983897118
taskid,708,finish_time,596075.5403506904
taskid,705,finish_time,596717.2254390138
taskid,710,start_time,598521.7832760316
taskid,711,start_time,599009.9437172244
taskid,710,finish_time,600822.6168008045
taskid,712,start_time,601791.3676124652
taskid,713,start_time,602524.8759271704
taskid,714,start_time,602832.2956799258
taskid,715,start_time,602891.6761381439
taskid,712,finish_time,602933.2363089201
taskid,716,start_time,603034.1011810532
taskid,713,finish_time,603662.9990636882
taskid,717,start_time,603698.2410418172
taskid,707,finish_time,604788.3652529604
taskid,718,start_time,605497.549223532
taskid,719,start_time,605741.3767779139
taskid,720,start_time,606498.3475069517
taskid,721,start_time,606905.1273629986
taskid,720,finish_time,607152.4082453818
taskid,722,start_time,607364.8318101992
taskid,721,finish_time,607756.5681054055
taskid,722,finish_time,608194.5920510732
taskid,719,finish_time,608583.5752685296
taskid,723,start_time,609055.336433092
taskid,724,start_time,609579.3015211462
taskid,725,start_time,609819.130781638
taskid,724,finish_time,610378.935299956
taskid,726,start_time,610436.4145993856
taskid,727,start_time,610950.5479086647
taskid,725,finish_time,611088.6196248308
taskid,714,finish_time,611602.5388411266
taskid,726,finish_time,611739.921167036
taskid,717,finish_time,612377.098761024
taskid,728,start_time,612722.6056629255
taskid,729,start_time,612838.93602957
taskid,727,finish_time,613964.3615356707
taskid,516,finish_time,614209.4497772405
taskid,730,start_time,614780.7761022738
taskid,731,start_time,615220.876339227
taskid,214,finish_time,615578.2090129507
taskid,715,finish_time,616055.6233197456
taskid,732,start_time,616055.6233197456
taskid,733,start_time,616284.831709285
taskid,716,finish_time,617614.2297314558
taskid,734,start_time,617614.2297314558
taskid,735,start_time,620553.9940065988
taskid,736,start_time,620787.07662805
taskid,737,start_time,620887.2719421008
taskid,738,start_time,621364.8058030744
taskid,739,start_time,621425.1367882587
taskid,728,finish_time,621458.0981752101
taskid,740,start_time,621466.4825802862
taskid,735,finish_time,621731.1585702519
taskid,737,finish_time,621783.2946999747
taskid,740,finish_time,622414.9788298826
taskid,517,finish_time,622562.4064492381
taskid,741,start_time,622562.4064492381
taskid,739,finish_time,624477.2491058201
taskid,729,finish_time,628628.3480624142
taskid,515,finish_time,629613.2594984426
taskid,742,start_time,629613.2594984426
taskid,696,finish_time,630641.6332768127
taskid,743,start_time,630641.6332768127
taskid,734,finish_time,631100.0889518048
taskid,744,start_time,631100.0889518048
taskid,745,start_time,631100.0889518048
taskid,746,start_time,631100.0889518048
taskid,746,finish_time,632245.2095069672
taskid,745,finish_time,632271.7043194553
taskid,747,start_time,632271.7043194553
taskid,736,finish_time,632572.811752956
taskid,748,start_time,632572.811752956
taskid,738,finish_time,635165.9346800008
taskid,749,start_time,635165.9346800008
taskid,694,finish_time,636161.1169352967
taskid,750,start_time,636161.1169352967
taskid,748,finish_time,636680.2670396982
taskid,751,start_time,636680.2670396982
taskid,751,finish_time,637800.8580223658
taskid,752,start_time,637800.8580223658
taskid,749,finish_time,638753.7660646626
taskid,753,start_time,638753.7660646626
taskid,750,finish_time,639479.5979758669
taskid,754,start_time,639479.5979758669
taskid,554,finish_time,639935.1031026365
taskid,755,start_time,639935.1031026365
taskid,756,start_time,639935.1031026365
taskid,757,start_time,639935.1031026365
taskid,758,start_time,639935.1031026365
taskid,752,finish_time,640087.388267785
taskid,759,start_time,640514.5067920039
taskid,760,start_time,640587.3820797888
taskid,761,start_time,640642.5550304604
taskid,762,start_time,640693.5328612047
taskid,753,finish_time,641185.0347106672
taskid,763,start_time,642260.0329517473
taskid,764,start_time,642269.6010945672
taskid,765,start_time,642700.9712625147
taskid,742,finish_time,647728.6921074981
taskid,754,finish_time,647950.1323852655
taskid,759,finish_time,648068.7898917209
taskid,248,finish_time,649119.4665610036
taskid,756,finish_time,649565.8887911476
taskid,762,finish_time,650062.1678688239
taskid,760,finish_time,650595.7375099229
taskid,757,finish_time,650929.281946612
taskid,758,finish_time,651006.7931150941
taskid,755,finish_time,651366.8187022388
taskid,764,finish_time,651492.7662034908
taskid,761,finish_time,651678.2623990736
taskid,744,finish_time,652938.8946098142
taskid,763,finish_time,653195.15833083
taskid,711,finish_time,655901.5677072887
taskid,765,finish_time,656345.9796741608
taskid,556,finish_time,656717.6870585536
taskid,697,finish_time,659667.32273706
taskid,766,start_time,659667.32273706
taskid,747,finish_time,667467.4366723747
taskid,731,finish_time,686273.864433986
taskid,767,start_time,686273.864433986
taskid,741,finish_time,687891.3153977289
taskid,768,start_time,687891.3153977289
taskid,730,finish_time,697386.3993150902
taskid,769,start_time,697386.3993150902
taskid,770,start_time,697386.3993150902
taskid,771,start_time,697386.3993150902
taskid,772,start_time,697386.3993150902
taskid,771,finish_time,698198.1509216744
taskid,770,finish_time,698528.9998991191
taskid,768,finish_time,699847.7857131327
taskid,773,start_time,699847.7857131327
taskid,774,start_time,699847.7857131327
taskid,775,start_time,699847.7857131327
taskid,776,start_time,699847.7857131327
taskid,769,finish_time,700478.6943056327
taskid,775,finish_time,700860.2135600781
taskid,776,finish_time,701006.4129535519
taskid,774,finish_time,701006.7106177695
taskid,767,finish_time,702191.2753555476
taskid,777,start_time,702191.2753555476
taskid,732,finish_time,714395.3135944369
taskid,778,start_time,714395.3135944369
taskid,779,start_time,714395.3135944369
taskid,780,start_time,714395.3135944369
taskid,781,start_time,714395.3135944369
taskid,777,finish_time,714406.6779124952
taskid,782,start_time,714406.6779124952
taskid,783,start_time,714406.6779124952
taskid,784,start_time,714406.6779124952
taskid,773,finish_time,714770.165161638
taskid,785,start_time,714770.165161638
taskid,784,finish_time,715148.5104624153
taskid,780,finish_time,715269.3661024201
taskid,781,finish_time,715282.4719475129
taskid,783,finish_time,715565.6904979009
taskid,743,finish_time,716307.729289209
taskid,786,start_time,716307.729289209
taskid,787,start_time,716307.729289209
taskid,788,start_time,716307.729289209
taskid,789,start_time,716307.729289209
taskid,790,start_time,716307.729289209
taskid,791,start_time,716307.729289209
taskid,792,start_time,716307.729289209
taskid,793,start_time,716307.729289209
taskid,779,finish_time,716690.5583516475
taskid,794,start_time,716690.5583516475
taskid,791,finish_time,717630.7528239137
taskid,790,finish_time,718857.8178764936
taskid,733,finish_time,718998.75367173
taskid,795,start_time,718998.75367173
taskid,796,start_time,718998.75367173
taskid,797,start_time,718998.75367173
taskid,787,finish_time,719046.5133104995
taskid,788,finish_time,719619.2406789467
taskid,789,finish_time,719963.8314692173
taskid,797,finish_time,720064.0606766591
taskid,796,finish_time,720105.1523607714
taskid,792,finish_time,724565.5208425617
taskid,794,finish_time,725137.939879048
taskid,786,finish_time,727667.4126944677
taskid,798,start_time,727667.4126944677
taskid,799,start_time,727667.4126944677
taskid,800,start_time,727667.4126944677
taskid,801,start_time,727667.4126944677
taskid,802,start_time,727667.4126944677
taskid,793,finish_time,727702.3352347964
taskid,785,finish_time,728479.5346287489
taskid,803,start_time,728479.5346287489
taskid,802,finish_time,728617.636400624
taskid,799,finish_time,728633.7469182138
taskid,801,finish_time,728696.4278028123
taskid,800,finish_time,728753.30020286
taskid,778,finish_time,729196.399703543
taskid,804,start_time,729196.399703543
taskid,805,start_time,729196.399703543
taskid,806,start_time,729196.399703543
taskid,807,start_time,729196.399703543
taskid,808,start_time,729196.399703543
taskid,809,start_time,729196.399703543
taskid,806,finish_time,729972.934950339
taskid,807,finish_time,730048.3669959885
taskid,809,finish_time,730189.0090339564
taskid,805,finish_time,730220.9577291427
taskid,808,finish_time,730221.8789203585
taskid,810,start_time,730221.8789203585
taskid,772,finish_time,737715.2528582499
taskid,811,start_time,737715.2528582499
taskid,812,start_time,737715.2528582499
taskid,813,start_time,737715.2528582499
taskid,811,finish_time,738647.1296496186
taskid,812,finish_time,738757.5365618125
taskid,813,finish_time,738784.6008842867
taskid,782,finish_time,740273.6720885703
taskid,814,start_time,740273.6720885703
taskid,803,finish_time,740829.5954409852
taskid,815,start_time,740829.5954409852
taskid,816,start_time,740829.5954409852
taskid,817,start_time,740829.5954409852
taskid,818,start_time,740829.5954409852
taskid,819,start_time,740829.5954409852
taskid,820,start_time,740829.5954409852
taskid,804,finish_time,740874.384593369
taskid,821,start_time,740874.384593369
taskid,822,start_time,740874.384593369
taskid,817,finish_time,741546.1995171667
taskid,823,start_time,741546.1995171667
taskid,818,finish_time,741618.8446274218
taskid,819,finish_time,741622.7941781194
taskid,816,finish_time,741634.7340294106
taskid,823,finish_time,742582.1734048477
taskid,822,finish_time,743231.6254707393
taskid,824,start_time,743231.6254707393
taskid,825,start_time,743231.6254707393
taskid,826,start_time,743231.6254707393
taskid,827,start_time,743231.6254707393
taskid,828,start_time,743231.6254707393
taskid,824,finish_time,743975.2015205929
taskid,829,start_time,743975.2015205929
taskid,827,finish_time,744287.4298968972
taskid,830,start_time,744287.4298968972
taskid,826,finish_time,744306.2195237693
taskid,831,start_time,744306.2195237693
taskid,825,finish_time,744338.945722678
taskid,829,finish_time,744713.2248452029
taskid,832,start_time,744713.2248452029
taskid,833,start_time,744713.2248452029
taskid,830,finish_time,745018.5863318192
taskid,834,start_time,745018.5863318192
taskid,831,finish_time,745048.2597212519
taskid,834,finish_time,745854.8804804196
taskid,718,finish_time,750231.330175014
taskid,835,start_time,750231.330175014
taskid,154,finish_time,750681.4259351507
taskid,836,start_time,750681.4259351507
taskid,814,finish_time,751303.3040432228
taskid,837,start_time,751303.3040432228
taskid,838,start_time,751303.3040432228
taskid,839,start_time,751303.3040432228
taskid,840,start_time,751303.3040432228
taskid,838,finish_time,752244.0689537235
taskid,839,finish_time,752376.2513198113
taskid,828,finish_time,753038.7252285287
taskid,833,finish_time,753212.6529980861
taskid,836,finish_time,754346.1893872797
taskid,841,start_time,754346.1893872797
taskid,842,start_time,754346.1893872797
taskid,840,finish_time,755337.8875828678
taskid,843,start_time,755337.8875828678
taskid,842,finish_time,755453.2027401504
taskid,843,finish_time,757404.4488672275
taskid,844,start_time,757404.4488672275
taskid,845,start_time,757404.4488672275
taskid,844,finish_time,757901.4867480716
taskid,846,start_time,757901.4867480716
taskid,847,start_time,757901.4867480716
taskid,848,start_time,757901.4867480716
taskid,849,start_time,757901.4867480716
taskid,841,finish_time,758121.06151988
taskid,850,start_time,758121.06151988
taskid,845,finish_time,758268.1702222702
taskid,848,finish_time,759138.7466200348
taskid,821,finish_time,759775.7010716986
taskid,851,start_time,759775.7010716986
taskid,837,finish_time,762622.8049140383
taskid,852,start_time,762622.8049140383
taskid,849,finish_time,763951.746037018
taskid,852,finish_time,764571.335450238
taskid,853,start_time,764571.335450238
taskid,854,start_time,764571.335450238
taskid,691,finish_time,765578.3809245124
taskid,855,start_time,765578.3809245124
taskid,856,start_time,765578.3809245124
taskid,857,start_time,765578.3809245124
taskid,858,start_time,765578.3809245124
taskid,859,start_time,765578.3809245124
taskid,860,start_time,765578.3809245124
taskid,861,start_time,765578.3809245124
taskid,862,start_time,765578.3809245124
taskid,863,start_time,765578.3809245124
taskid,864,start_time,765578.3809245124
taskid,865,start_time,765578.3809245124
taskid,853,finish_time,765980.3589854069
taskid,866,start_time,765980.3589854069
taskid,867,start_time,765980.3589854069
taskid,868,start_time,765980.3589854069
taskid,869,start_time,765980.3589854069
taskid,870,start_time,765980.3589854069
taskid,871,start_time,765980.3589854069
taskid,872,start_time,765980.3589854069
taskid,873,start_time,765980.3589854069
taskid,706,finish_time,766823.2867023961
taskid,874,start_time,766823.2867023961
taskid,875,start_time,766823.2867023961
taskid,876,start_time,766823.2867023961
taskid,877,start_time,766823.2867023961
taskid,878,start_time,766823.2867023961
taskid,879,start_time,766823.2867023961
taskid,880,start_time,766823.2867023961
taskid,881,start_time,766823.2867023961
taskid,882,start_time,766823.2867023961
taskid,883,start_time,766823.2867023961
taskid,884,start_time,766823.2867023961
taskid,885,start_time,766823.2867023961
taskid,886,start_time,766823.2867023961
taskid,887,start_time,766823.2867023961
taskid,858,finish_time,767524.7899500027
taskid,867,finish_time,767566.9804417569
taskid,857,finish_time,767655.292014084
taskid,865,finish_time,767701.7859299285
taskid,869,finish_time,767782.5696706137
taskid,873,finish_time,767822.7153737092
taskid,888,start_time,767822.7153737092
taskid,868,finish_time,767887.4653638405
taskid,889,start_time,767887.4653638405
taskid,859,finish_time,767908.4316633237
taskid,856,finish_time,767908.9329100193
taskid,861,finish_time,767909.8026161736
taskid,863,finish_time,767910.8819339764
taskid,862,finish_time,767913.0370076224
taskid,860,finish_time,767913.9754167073
taskid,864,finish_time,767925.0055053739
taskid,872,finish_time,768271.2928545295
taskid,890,start_time,768271.2928545295
taskid,870,finish_time,768327.1730546834
taskid,866,finish_time,768331.7491860193
taskid,871,finish_time,768342.8600969148
taskid,820,finish_time,768351.301627789
taskid,887,finish_time,768419.0743739374
taskid,884,finish_time,768453.4424455098
taskid,876,finish_time,768529.5042558091
taskid,874,finish_time,768585.1463860304
taskid,882,finish_time,768629.4041513356
taskid,891,start_time,768629.4041513356
taskid,875,finish_time,768665.7197603916
taskid,878,finish_time,768670.6064575231
taskid,880,finish_time,768737.7244041949
taskid,886,finish_time,768758.5545639631
taskid,885,finish_time,768832.343080637
taskid,890,finish_time,768984.3781354282
taskid,892,start_time,768984.3781354282
taskid,877,finish_time,769109.9949069049
taskid,879,finish_time,769125.9701995908
taskid,883,finish_time,769201.9121146256
taskid,893,start_time,769201.9121146256
taskid,881,finish_time,769227.1870598833
taskid,847,finish_time,771247.906506795
taskid,832,finish_time,785679.7818174172
taskid,894,start_time,785679.7818174172
taskid,855,finish_time,788422.9944204402
taskid,810,finish_time,792912.4313112815
taskid,895,start_time,792912.4313112815
taskid,896,start_time,792912.4313112815
taskid,895,finish_time,796282.007933875
taskid,897,start_time,796282.007933875
taskid,846,finish_time,802958.9492186958
taskid,898,start_time,802958.9492186958
taskid,898,finish_time,803581.2405280811
taskid,899,start_time,803581.2405280811
taskid,900,start_time,803581.2405280811
taskid,901,start_time,803581.2405280811
taskid,901,finish_time,804229.6451825888
taskid,899,finish_time,804249.3826167036
taskid,215,finish_time,816641.133526138
taskid,902,start_time,816641.133526138
taskid,903,start_time,816641.133526138
taskid,903,finish_time,817734.5998857513
taskid,904,start_time,817734.5998857513
taskid,904,finish_time,819453.5744018776
taskid,905,start_time,819453.5744018776
taskid,905,finish_time,821538.6350554279
taskid,906,start_time,821538.6350554279
taskid,894,finish_time,822552.7583666104
taskid,907,start_time,822552.7583666104
taskid,908,start_time,822552.7583666104
taskid,909,start_time,822552.7583666104
taskid,910,start_time,822552.7583666104
taskid,911,start_time,822552.7583666104
taskid,912,start_time,822552.7583666104
taskid,913,start_time,822552.7583666104
taskid,914,start_time,822552.7583666104
taskid,906,finish_time,823398.21480876
taskid,915,start_time,823398.21480876
taskid,912,finish_time,824265.7573294807
taskid,916,start_time,824265.7573294807
taskid,907,finish_time,824267.4272184521
taskid,917,start_time,824267.4272184521
taskid,913,finish_time,824338.9207891496
taskid,918,start_time,824338.9207891496
taskid,914,finish_time,824502.0694361399
taskid,919,start_time,824502.0694361399
taskid,908,finish_time,824842.5775112635
taskid,920,start_time,824842.5775112635
taskid,910,finish_time,824858.9725592341
taskid,921,start_time,824858.9725592341
taskid,911,finish_time,824859.4443102081
taskid,922,start_time,824859.4443102081
taskid,909,finish_time,824861.2335236387
taskid,923,start_time,824861.2335236387
taskid,915,finish_time,825130.2414482627
taskid,924,start_time,825130.2414482627
taskid,918,finish_time,825904.1832204668
taskid,925,start_time,825904.1832204668
taskid,920,finish_time,826411.3003592745
taskid,926,start_time,826411.3003592745
taskid,922,finish_time,826423.9716813753
taskid,927,start_time,826423.9716813753
taskid,246,finish_time,826446.3438073667
taskid,928,start_time,826446.3438073667
taskid,929,start_time,826446.3438073667
taskid,930,start_time,826446.3438073667
taskid,931,start_time,826446.3438073667
taskid,916,finish_time,826598.1406173895
taskid,932,start_time,826598.1406173895
taskid,917,finish_time,826599.9107456352
taskid,933,start_time,826599.9107456352
taskid,919,finish_time,826839.1479643101
taskid,934,start_time,826839.1479643101
taskid,924,finish_time,827064.5000202539
taskid,935,start_time,827064.5000202539
taskid,923,finish_time,827181.2945318588
taskid,936,start_time,827181.2945318588
taskid,921,finish_time,827186.3257739779
taskid,937,start_time,827186.3257739779
taskid,850,finish_time,827602.4602314241
taskid,938,start_time,827602.4602314241
taskid,939,start_time,827602.4602314241
taskid,940,start_time,827602.4602314241
taskid,941,start_time,827602.4602314241
taskid,942,start_time,827602.4602314241
taskid,943,start_time,827602.4602314241
taskid,944,start_time,827602.4602314241
taskid,945,start_time,827602.4602314241
taskid,925,finish_time,827997.1805119542
taskid,946,start_time,827997.1805119542
taskid,928,finish_time,828002.635793996
taskid,947,start_time,828002.635793996
taskid,930,finish_time,828170.7874963507
taskid,948,start_time,828170.7874963507
taskid,933,finish_time,828490.3684258093
taskid,949,start_time,828490.3684258093
taskid,934,finish_time,828604.2997063887
taskid,950,start_time,828604.2997063887
taskid,926,finish_time,828729.6132710243
taskid,951,start_time,828729.6132710243
taskid,927,finish_time,828743.3598926284
taskid,952,start_time,828743.3598926284
taskid,931,finish_time,828755.3422067075
taskid,953,start_time,828755.3422067075
taskid,929,finish_time,828775.4070304898
taskid,766,finish_time,828850.0508458996
taskid,954,start_time,828850.0508458996
taskid,955,start_time,828850.0508458996
taskid,956,start_time,828850.0508458996
taskid,957,start_time,828850.0508458996
taskid,958,start_time,828850.0508458996
taskid,959,start_time,828850.0508458996
taskid,960,start_time,828850.0508458996
taskid,961,start_time,828850.0508458996
taskid,962,start_time,828850.0508458996
taskid,963,start_time,828850.0508458996
taskid,964,start_time,828850.0508458996
taskid,965,start_time,828850.0508458996
taskid,966,start_time,828850.0508458996
taskid,967,start_time,828850.0508458996
taskid,932,finish_time,828921.2993836594
taskid,254,finish_time,829091.377582106
taskid,968,start_time,829091.377582106
taskid,942,finish_time,829314.2498984844
taskid,935,finish_time,829411.0678598802
taskid,945,finish_time,829427.3950689454
taskid,938,finish_time,829458.9684465753
taskid,940,finish_time,829459.2301662795
taskid,937,finish_time,829491.356620335
taskid,936,finish_time,829502.3769693733
taskid,954,finish_time,829519.1539390185
taskid,969,start_time,829519.1539390185
taskid,947,finish_time,829729.1846670203
taskid,967,finish_time,829819.178372723
taskid,946,finish_time,829827.2596972184
taskid,944,finish_time,829890.0443217081
taskid,941,finish_time,829907.9160765365
taskid,939,finish_time,829912.3029268957
taskid,943,finish_time,829916.1152728803
taskid,948,finish_time,830005.8694315462
taskid,950,finish_time,830297.8137797809
taskid,949,finish_time,830336.458701926
taskid,965,finish_time,830446.4575763119
taskid,897,finish_time,830612.5116008924
taskid,970,start_time,830612.5116008924
taskid,971,start_time,830612.5116008924
taskid,972,start_time,830612.5116008924
taskid,973,start_time,830612.5116008924
taskid,974,start_time,830612.5116008924
taskid,952,finish_time,831009.2890718176
taskid,951,finish_time,831015.9802441886
taskid,953,finish_time,831210.3196912333
taskid,969,finish_time,831580.9589616368
taskid,975,start_time,831580.9589616368
taskid,976,start_time,831580.9589616368
taskid,972,finish_time,832010.4840377365
taskid,971,finish_time,832093.7297784406
taskid,973,finish_time,832314.0412360834
taskid,976,finish_time,832988.6842984154
taskid,975,finish_time,833536.0374000175
taskid,977,start_time,833536.0374000175
taskid,978,start_time,833536.0374000175
taskid,979,start_time,833536.0374000175
taskid,980,start_time,833536.0374000175
taskid,981,start_time,833536.0374000175
taskid,982,start_time,833536.0374000175
taskid,982,finish_time,834188.3484270663
taskid,968,finish_time,834519.119870086
taskid,983,start_time,834519.119870086
taskid,984,start_time,834519.119870086
taskid,985,start_time,834519.119870086
taskid,986,start_time,834519.119870086
taskid,987,start_time,834519.119870086
taskid,988,start_time,834519.119870086
taskid,989,start_time,834519.119870086
taskid,979,finish_time,835048.0737750658
taskid,974,finish_time,835058.3240684188
taskid,988,finish_time,835831.5728887492
taskid,958,finish_time,835918.7373757586
taskid,987,finish_time,836051.5348030482
taskid,989,finish_time,836177.8365499021
taskid,986,finish_time,836215.1835799073
taskid,990,start_time,836215.1835799073
taskid,985,finish_time,836569.641565942
taskid,959,finish_time,836885.2200861382
taskid,991,start_time,836885.2200861382
taskid,835,finish_time,836910.0408827002
taskid,990,finish_time,836963.9927331551
taskid,992,start_time,836963.9927331551
taskid,993,start_time,836963.9927331551
taskid,993,finish_time,837541.033221903
taskid,994,start_time,837541.033221903
taskid,992,finish_time,837981.6693205556
taskid,995,start_time,837981.6693205556
taskid,996,start_time,837981.6693205556
taskid,997,start_time,837981.6693205556
taskid,998,start_time,837981.6693205556
taskid,999,start_time,837981.6693205556
taskid,994,finish_time,838590.0597042155
taskid,795,finish_time,839041.9070175323
taskid,978,finish_time,839081.5247530888
taskid,960,finish_time,839134.4687431215
taskid,966,finish_time,839783.7412694262
taskid,957,finish_time,840234.1895342283
taskid,998,finish_time,841378.1044249081
taskid,999,finish_time,841425.7737753803
taskid,963,finish_time,841770.5631670055
taskid,962,finish_time,841846.0936896319
taskid,997,finish_time,842164.8525254016
taskid,981,finish_time,842423.3860807931
taskid,961,finish_time,843135.7858522309
taskid,798,finish_time,843168.0684085629
taskid,964,finish_time,843346.6952276698
taskid,980,finish_time,844289.3018167159
taskid,995,finish_time,845413.0253643352
taskid,996,finish_time,846149.5547838795
taskid,956,finish_time,851570.7673880274
taskid,902,finish_time,853067.4431446659
taskid,955,finish_time,867443.2814473757
taskid,888,finish_time,868524.8129567828
taskid,892,finish_time,873985.815473982
taskid,891,finish_time,877423.0510328455
taskid,983,finish_time,893448.8520344698
taskid,851,finish_time,893526.5008321767
taskid,345,finish_time,894236.1054685303
taskid,417,finish_time,898742.9741890471
taskid,893,finish_time,912606.5681264248
taskid,970,finish_time,918919.3009307706
taskid,991,finish_time,922659.4201480635
taskid,977,finish_time,932158.5878416996
taskid,896,finish_time,939045.8997342644
taskid,984,finish_time,963219.8814140215
taskid,900,finish_time,977601.38132026
taskid,815,finish_time,991058.8733044434
taskid,421,finish_time,996317.24059603
taskid,854,finish_time,998334.7504139546
taskid,889,finish_time,1182658.043885226
taskid,723,finish_time,1221956.5319392923
