task_id,0,arriving_time,12867.299745159376
task_id,0,gpu_num,256
task_id,1,arriving_time,20757.463309194543
task_id,1,gpu_num,256
task_id,2,arriving_time,36703.71947988562
task_id,2,gpu_num,512
task_id,3,arriving_time,39314.40269747653
task_id,3,gpu_num,512
task_id,4,arriving_time,53763.33864659006
task_id,4,gpu_num,512
task_id,5,arriving_time,56836.19248042333
task_id,5,gpu_num,32
task_id,6,arriving_time,64592.48991536435
task_id,6,gpu_num,32
task_id,7,arriving_time,87383.04756362877
task_id,7,gpu_num,256
task_id,8,arriving_time,96122.58237961843
task_id,8,gpu_num,256
task_id,9,arriving_time,105991.921917815
task_id,9,gpu_num,256
task_id,10,arriving_time,133262.11076141917
task_id,10,gpu_num,256
task_id,11,arriving_time,144027.68396539337
task_id,11,gpu_num,32
task_id,12,arriving_time,150034.87378782054
task_id,12,gpu_num,256
task_id,13,arriving_time,173594.57274877356
task_id,13,gpu_num,256
task_id,14,arriving_time,178280.28155185646
task_id,14,gpu_num,32
task_id,15,arriving_time,182928.644335071
task_id,15,gpu_num,256
task_id,16,arriving_time,184354.7369895889
task_id,16,gpu_num,256
task_id,17,arriving_time,204898.68907378506
task_id,17,gpu_num,256
task_id,18,arriving_time,210608.1602095927
task_id,18,gpu_num,32
task_id,19,arriving_time,217790.1372905935
task_id,19,gpu_num,256
task_id,20,arriving_time,228928.29734450328
task_id,20,gpu_num,256
task_id,21,arriving_time,231113.3128110057
task_id,21,gpu_num,32
task_id,22,arriving_time,231846.22757385642
task_id,22,gpu_num,32
task_id,23,arriving_time,231905.89446099734
task_id,23,gpu_num,256
task_id,24,arriving_time,233387.82815217806
task_id,24,gpu_num,32
task_id,25,arriving_time,235472.50666523867
task_id,25,gpu_num,128
task_id,26,arriving_time,239883.2053182882
task_id,26,gpu_num,32
task_id,27,arriving_time,251061.07434005744
task_id,27,gpu_num,256
task_id,28,arriving_time,259777.2776706465
task_id,28,gpu_num,32
task_id,29,arriving_time,260324.73637845862
task_id,29,gpu_num,32
task_id,30,arriving_time,271829.61600860726
task_id,30,gpu_num,256
task_id,31,arriving_time,276369.48258604156
task_id,31,gpu_num,32
task_id,32,arriving_time,279140.4096332961
task_id,32,gpu_num,256
task_id,33,arriving_time,279722.96837792115
task_id,33,gpu_num,32
task_id,34,arriving_time,283451.71256853006
task_id,34,gpu_num,32
task_id,35,arriving_time,288297.9881302354
task_id,35,gpu_num,32
task_id,36,arriving_time,334083.58569492586
task_id,36,gpu_num,32
task_id,37,arriving_time,334168.80884638074
task_id,37,gpu_num,256
task_id,38,arriving_time,343085.3919508923
task_id,38,gpu_num,32
task_id,39,arriving_time,352347.6559462058
task_id,39,gpu_num,32
task_id,40,arriving_time,352409.1054971437
task_id,40,gpu_num,32
task_id,41,arriving_time,354917.743841677
task_id,41,gpu_num,32
task_id,42,arriving_time,356412.0173963537
task_id,42,gpu_num,32
task_id,43,arriving_time,358346.0448647987
task_id,43,gpu_num,32
task_id,44,arriving_time,390520.17231747916
task_id,44,gpu_num,32
task_id,45,arriving_time,394115.3804643359
task_id,45,gpu_num,32
task_id,46,arriving_time,410095.5628542935
task_id,46,gpu_num,32
task_id,47,arriving_time,422838.4230282599
task_id,47,gpu_num,32
task_id,48,arriving_time,424771.64983164315
task_id,48,gpu_num,32
task_id,49,arriving_time,441422.9418144543
task_id,49,gpu_num,32
task_id,50,arriving_time,450940.15622801334
task_id,50,gpu_num,32
task_id,51,arriving_time,479806.87529018003
task_id,51,gpu_num,32
task_id,52,arriving_time,488187.0010531615
task_id,52,gpu_num,32
task_id,53,arriving_time,501939.1647027237
task_id,53,gpu_num,32
task_id,54,arriving_time,504870.7688154193
task_id,54,gpu_num,32
task_id,55,arriving_time,514601.4239117865
task_id,55,gpu_num,32
task_id,56,arriving_time,527238.5188736985
task_id,56,gpu_num,32
task_id,57,arriving_time,529366.7006521041
task_id,57,gpu_num,256
task_id,58,arriving_time,531933.0236429825
task_id,58,gpu_num,256
task_id,59,arriving_time,533247.0673541572
task_id,59,gpu_num,256
task_id,60,arriving_time,549997.2205663851
task_id,60,gpu_num,1024
task_id,61,arriving_time,552288.0331786851
task_id,61,gpu_num,32
task_id,62,arriving_time,561701.8562216661
task_id,62,gpu_num,32
task_id,63,arriving_time,564822.5601545947
task_id,63,gpu_num,32
task_id,64,arriving_time,586617.076392653
task_id,64,gpu_num,32
task_id,65,arriving_time,590474.6852691825
task_id,65,gpu_num,256
task_id,66,arriving_time,600120.9410760427
task_id,66,gpu_num,32
task_id,67,arriving_time,604600.2075638777
task_id,67,gpu_num,32
task_id,68,arriving_time,611670.2106950926
task_id,68,gpu_num,32
task_id,69,arriving_time,634310.1081430415
task_id,69,gpu_num,32
task_id,70,arriving_time,653007.3918866633
task_id,70,gpu_num,256
task_id,71,arriving_time,653957.6013669835
task_id,71,gpu_num,1024
task_id,72,arriving_time,656149.6268876364
task_id,72,gpu_num,32
task_id,73,arriving_time,656974.2435709076
task_id,73,gpu_num,32
task_id,74,arriving_time,664756.8106597783
task_id,74,gpu_num,32
task_id,75,arriving_time,680391.4317585266
task_id,75,gpu_num,256
task_id,76,arriving_time,704069.5409936748
task_id,76,gpu_num,512
task_id,77,arriving_time,723555.3189416766
task_id,77,gpu_num,256
task_id,78,arriving_time,726085.5956186124
task_id,78,gpu_num,256
task_id,79,arriving_time,733994.4853282545
task_id,79,gpu_num,32
task_id,80,arriving_time,746566.5930116654
task_id,80,gpu_num,256
task_id,81,arriving_time,750319.6482402862
task_id,81,gpu_num,32
task_id,82,arriving_time,752886.7598979793
task_id,82,gpu_num,512
task_id,83,arriving_time,784719.5964594429
task_id,83,gpu_num,32
task_id,84,arriving_time,843424.5865805951
task_id,84,gpu_num,32
task_id,85,arriving_time,848181.7776678673
task_id,85,gpu_num,256
task_id,86,arriving_time,856705.2364717042
task_id,86,gpu_num,128
task_id,87,arriving_time,860018.6073258932
task_id,87,gpu_num,512
task_id,88,arriving_time,882281.4126809496
task_id,88,gpu_num,512
task_id,89,arriving_time,914871.0509595716
task_id,89,gpu_num,128
task_id,90,arriving_time,922109.4499350081
task_id,90,gpu_num,32
task_id,91,arriving_time,922912.4777253594
task_id,91,gpu_num,32
task_id,92,arriving_time,930677.6516544026
task_id,92,gpu_num,128
task_id,93,arriving_time,946169.4994828043
task_id,93,gpu_num,32
task_id,94,arriving_time,964670.8669580009
task_id,94,gpu_num,256
task_id,95,arriving_time,985164.4119758558
task_id,95,gpu_num,512
task_id,96,arriving_time,986934.3411947398
task_id,96,gpu_num,256
task_id,97,arriving_time,989802.8321571152
task_id,97,gpu_num,512
task_id,98,arriving_time,1005026.2443733127
task_id,98,gpu_num,512
task_id,99,arriving_time,1005912.2829548902
task_id,99,gpu_num,256
task_id,100,arriving_time,1019590.1887399105
task_id,100,gpu_num,512
task_id,101,arriving_time,1021482.9037647579
task_id,101,gpu_num,32
task_id,102,arriving_time,1045036.5137430837
task_id,102,gpu_num,256
task_id,103,arriving_time,1096958.673210536
task_id,103,gpu_num,256
task_id,104,arriving_time,1104902.1027577266
task_id,104,gpu_num,128
task_id,105,arriving_time,1111728.207334103
task_id,105,gpu_num,256
task_id,106,arriving_time,1114073.4069065468
task_id,106,gpu_num,256
task_id,107,arriving_time,1137784.5523829772
task_id,107,gpu_num,256
task_id,108,arriving_time,1146041.015629496
task_id,108,gpu_num,256
task_id,109,arriving_time,1147503.3864863678
task_id,109,gpu_num,128
task_id,110,arriving_time,1148964.5207374515
task_id,110,gpu_num,256
task_id,111,arriving_time,1152049.2134365146
task_id,111,gpu_num,512
task_id,112,arriving_time,1153962.842046181
task_id,112,gpu_num,128
task_id,113,arriving_time,1162050.9005614924
task_id,113,gpu_num,256
task_id,114,arriving_time,1175290.3415915158
task_id,114,gpu_num,256
task_id,115,arriving_time,1196380.2364157708
task_id,115,gpu_num,256
task_id,116,arriving_time,1211434.9062568175
task_id,116,gpu_num,32
task_id,117,arriving_time,1228382.7141390238
task_id,117,gpu_num,32
task_id,118,arriving_time,1229091.1252309235
task_id,118,gpu_num,32
task_id,119,arriving_time,1263592.4686016021
task_id,119,gpu_num,32
task_id,120,arriving_time,1264271.9169975165
task_id,120,gpu_num,32
task_id,121,arriving_time,1266874.0044050997
task_id,121,gpu_num,32
task_id,122,arriving_time,1269773.477461467
task_id,122,gpu_num,32
task_id,123,arriving_time,1289974.0341952809
task_id,123,gpu_num,32
task_id,124,arriving_time,1301193.8403444716
task_id,124,gpu_num,256
task_id,125,arriving_time,1301532.1260744487
task_id,125,gpu_num,32
task_id,126,arriving_time,1301990.0213324376
task_id,126,gpu_num,32
task_id,127,arriving_time,1303910.2945570927
task_id,127,gpu_num,32
task_id,128,arriving_time,1306595.6120851801
task_id,128,gpu_num,32
task_id,129,arriving_time,1338777.5053204137
task_id,129,gpu_num,32
task_id,130,arriving_time,1353099.8328298957
task_id,130,gpu_num,32
task_id,131,arriving_time,1355775.6308679064
task_id,131,gpu_num,256
task_id,132,arriving_time,1357231.922276468
task_id,132,gpu_num,256
task_id,133,arriving_time,1374803.5605080973
task_id,133,gpu_num,256
task_id,134,arriving_time,1376497.716923574
task_id,134,gpu_num,256
task_id,135,arriving_time,1404319.7485555976
task_id,135,gpu_num,256
task_id,136,arriving_time,1407314.8476298566
task_id,136,gpu_num,256
task_id,137,arriving_time,1411374.585585506
task_id,137,gpu_num,256
task_id,138,arriving_time,1433915.8141883113
task_id,138,gpu_num,32
task_id,139,arriving_time,1445094.467111298
task_id,139,gpu_num,256
task_id,140,arriving_time,1446694.7544975665
task_id,140,gpu_num,32
task_id,141,arriving_time,1453234.3601578877
task_id,141,gpu_num,512
task_id,142,arriving_time,1466604.7328421792
task_id,142,gpu_num,256
task_id,143,arriving_time,1473914.2006817316
task_id,143,gpu_num,512
task_id,144,arriving_time,1479365.4320845462
task_id,144,gpu_num,32
task_id,145,arriving_time,1481798.4542380483
task_id,145,gpu_num,256
task_id,146,arriving_time,1496529.1184158348
task_id,146,gpu_num,32
task_id,147,arriving_time,1508669.28637939
task_id,147,gpu_num,256
task_id,148,arriving_time,1552065.3098147903
task_id,148,gpu_num,32
task_id,149,arriving_time,1561640.5026268307
task_id,149,gpu_num,256
task_id,150,arriving_time,1563538.6112402894
task_id,150,gpu_num,256
task_id,151,arriving_time,1572006.4544576386
task_id,151,gpu_num,32
task_id,152,arriving_time,1580435.2956537898
task_id,152,gpu_num,512
task_id,153,arriving_time,1581938.5577339036
task_id,153,gpu_num,256
task_id,154,arriving_time,1586592.0202270546
task_id,154,gpu_num,256
task_id,155,arriving_time,1605342.0273296195
task_id,155,gpu_num,256
task_id,156,arriving_time,1608989.1212925087
task_id,156,gpu_num,256
task_id,157,arriving_time,1629397.6499090423
task_id,157,gpu_num,256
task_id,158,arriving_time,1634180.9210190591
task_id,158,gpu_num,32
task_id,159,arriving_time,1649046.7433889227
task_id,159,gpu_num,32
task_id,160,arriving_time,1650298.6640515525
task_id,160,gpu_num,256
task_id,161,arriving_time,1660337.3349400333
task_id,161,gpu_num,32
task_id,162,arriving_time,1664341.5861404398
task_id,162,gpu_num,32
task_id,163,arriving_time,1668383.3669356063
task_id,163,gpu_num,32
task_id,164,arriving_time,1688092.076000437
task_id,164,gpu_num,32
task_id,165,arriving_time,1701465.9402145755
task_id,165,gpu_num,512
task_id,166,arriving_time,1704000.1728309481
task_id,166,gpu_num,32
task_id,167,arriving_time,1705075.3623736063
task_id,167,gpu_num,32
task_id,168,arriving_time,1709557.6478653355
task_id,168,gpu_num,256
task_id,169,arriving_time,1720480.582351525
task_id,169,gpu_num,256
task_id,170,arriving_time,1739738.8835418639
task_id,170,gpu_num,256
task_id,171,arriving_time,1746280.473374889
task_id,171,gpu_num,32
task_id,172,arriving_time,1777991.8796426184
task_id,172,gpu_num,32
task_id,173,arriving_time,1779479.1614528096
task_id,173,gpu_num,256
task_id,174,arriving_time,1784308.590496285
task_id,174,gpu_num,256
task_id,175,arriving_time,1793835.5859166083
task_id,175,gpu_num,32
task_id,176,arriving_time,1799752.7453609726
task_id,176,gpu_num,32
task_id,177,arriving_time,1839623.907312766
task_id,177,gpu_num,32
task_id,178,arriving_time,1842634.169863129
task_id,178,gpu_num,256
task_id,179,arriving_time,1861464.6398088257
task_id,179,gpu_num,256
task_id,180,arriving_time,1865084.45057461
task_id,180,gpu_num,256
task_id,181,arriving_time,1868891.1626739902
task_id,181,gpu_num,512
task_id,182,arriving_time,1884269.4263602109
task_id,182,gpu_num,512
task_id,183,arriving_time,1889229.5038736868
task_id,183,gpu_num,256
task_id,184,arriving_time,1895340.3903408693
task_id,184,gpu_num,256
task_id,185,arriving_time,1909892.477766842
task_id,185,gpu_num,32
task_id,186,arriving_time,1910968.0887186616
task_id,186,gpu_num,256
task_id,187,arriving_time,1917429.8341504203
task_id,187,gpu_num,32
task_id,188,arriving_time,1926880.21778983
task_id,188,gpu_num,32
task_id,189,arriving_time,1939593.8089390653
task_id,189,gpu_num,32
task_id,190,arriving_time,1941648.179993121
task_id,190,gpu_num,32
task_id,191,arriving_time,1963082.0765966468
task_id,191,gpu_num,32
task_id,192,arriving_time,1965230.2104108187
task_id,192,gpu_num,32
task_id,193,arriving_time,1966801.9909223209
task_id,193,gpu_num,256
task_id,194,arriving_time,1975658.697721554
task_id,194,gpu_num,256
task_id,195,arriving_time,1996885.1124177442
task_id,195,gpu_num,512
task_id,196,arriving_time,1997030.2061333726
task_id,196,gpu_num,256
task_id,197,arriving_time,2002305.2454579698
task_id,197,gpu_num,256
task_id,198,arriving_time,2007012.2098082204
task_id,198,gpu_num,256
task_id,199,arriving_time,2031977.9024645556
task_id,199,gpu_num,256
task_id,200,arriving_time,2038348.9705987298
task_id,200,gpu_num,256
task_id,201,arriving_time,2040907.9263096305
task_id,201,gpu_num,128
task_id,202,arriving_time,2052500.592031075
task_id,202,gpu_num,256
task_id,203,arriving_time,2069066.6185500843
task_id,203,gpu_num,128
task_id,204,arriving_time,2094251.7990289852
task_id,204,gpu_num,256
task_id,205,arriving_time,2122662.7959344736
task_id,205,gpu_num,256
task_id,206,arriving_time,2135259.6311453637
task_id,206,gpu_num,512
task_id,207,arriving_time,2135470.614661749
task_id,207,gpu_num,256
task_id,208,arriving_time,2154178.685537746
task_id,208,gpu_num,512
task_id,209,arriving_time,2169659.800770159
task_id,209,gpu_num,256
task_id,210,arriving_time,2171954.463500686
task_id,210,gpu_num,256
task_id,211,arriving_time,2178970.3450204274
task_id,211,gpu_num,32
task_id,212,arriving_time,2201054.0577889206
task_id,212,gpu_num,512
task_id,213,arriving_time,2206112.1530266553
task_id,213,gpu_num,32
task_id,214,arriving_time,2206302.575642129
task_id,214,gpu_num,256
task_id,215,arriving_time,2218179.1179550616
task_id,215,gpu_num,256
task_id,216,arriving_time,2225546.370853298
task_id,216,gpu_num,32
task_id,217,arriving_time,2227805.463438602
task_id,217,gpu_num,512
task_id,218,arriving_time,2269023.121675446
task_id,218,gpu_num,512
task_id,219,arriving_time,2269378.6389353876
task_id,219,gpu_num,32
task_id,220,arriving_time,2275124.575747117
task_id,220,gpu_num,1024
task_id,221,arriving_time,2290385.3646418364
task_id,221,gpu_num,32
task_id,222,arriving_time,2311576.4689993113
task_id,222,gpu_num,32
task_id,223,arriving_time,2339952.06919764
task_id,223,gpu_num,256
task_id,224,arriving_time,2365226.494556968
task_id,224,gpu_num,256
task_id,225,arriving_time,2386839.58193377
task_id,225,gpu_num,256
task_id,226,arriving_time,2413997.2988400096
task_id,226,gpu_num,256
task_id,227,arriving_time,2430192.0369873494
task_id,227,gpu_num,128
task_id,228,arriving_time,2442054.545622251
task_id,228,gpu_num,32
task_id,229,arriving_time,2456824.7591165393
task_id,229,gpu_num,32
task_id,230,arriving_time,2463240.512317516
task_id,230,gpu_num,32
task_id,231,arriving_time,2469064.1742922734
task_id,231,gpu_num,32
task_id,232,arriving_time,2479729.080588161
task_id,232,gpu_num,32
task_id,233,arriving_time,2479911.4342049304
task_id,233,gpu_num,128
task_id,234,arriving_time,2485028.0630854038
task_id,234,gpu_num,128
task_id,235,arriving_time,2495517.345682961
task_id,235,gpu_num,32
task_id,236,arriving_time,2500051.0591644654
task_id,236,gpu_num,32
task_id,237,arriving_time,2513943.0251307897
task_id,237,gpu_num,32
task_id,238,arriving_time,2514630.0215178686
task_id,238,gpu_num,32
task_id,239,arriving_time,2517800.5218327125
task_id,239,gpu_num,32
task_id,240,arriving_time,2537299.827098414
task_id,240,gpu_num,32
task_id,241,arriving_time,2538690.8430815954
task_id,241,gpu_num,128
task_id,242,arriving_time,2553868.280777256
task_id,242,gpu_num,32
task_id,243,arriving_time,2558503.1225884287
task_id,243,gpu_num,32
task_id,244,arriving_time,2569639.0858251336
task_id,244,gpu_num,32
task_id,245,arriving_time,2572194.2584374286
task_id,245,gpu_num,32
task_id,246,arriving_time,2573358.0968507566
task_id,246,gpu_num,128
task_id,247,arriving_time,2581412.455141896
task_id,247,gpu_num,32
task_id,248,arriving_time,2582767.350770155
task_id,248,gpu_num,128
task_id,249,arriving_time,2584050.110056896
task_id,249,gpu_num,32
task_id,250,arriving_time,2594375.3813074697
task_id,250,gpu_num,32
task_id,251,arriving_time,2600577.5147699136
task_id,251,gpu_num,32
task_id,252,arriving_time,2640092.0788425514
task_id,252,gpu_num,32
task_id,253,arriving_time,2641236.532981862
task_id,253,gpu_num,32
task_id,254,arriving_time,2642688.6813424015
task_id,254,gpu_num,128
task_id,255,arriving_time,2642813.299515324
task_id,255,gpu_num,32
task_id,256,arriving_time,2648812.810501488
task_id,256,gpu_num,32
task_id,257,arriving_time,2650303.7185242586
task_id,257,gpu_num,32
task_id,258,arriving_time,2653669.9393888144
task_id,258,gpu_num,32
task_id,259,arriving_time,2661056.474860229
task_id,259,gpu_num,32
task_id,260,arriving_time,2662039.7665053825
task_id,260,gpu_num,32
task_id,261,arriving_time,2670893.221518058
task_id,261,gpu_num,32
task_id,262,arriving_time,2676219.4061307353
task_id,262,gpu_num,256
task_id,263,arriving_time,2687181.604368587
task_id,263,gpu_num,32
task_id,264,arriving_time,2695213.848525588
task_id,264,gpu_num,32
task_id,265,arriving_time,2698208.2183390106
task_id,265,gpu_num,32
task_id,266,arriving_time,2721065.9082458415
task_id,266,gpu_num,32
task_id,267,arriving_time,2721680.350180846
task_id,267,gpu_num,32
task_id,268,arriving_time,2722510.053648714
task_id,268,gpu_num,256
task_id,269,arriving_time,2724469.5535025904
task_id,269,gpu_num,256
task_id,270,arriving_time,2728124.5706458357
task_id,270,gpu_num,32
task_id,271,arriving_time,2729604.05024038
task_id,271,gpu_num,32
task_id,272,arriving_time,2732044.7101849606
task_id,272,gpu_num,32
task_id,273,arriving_time,2733771.0467170877
task_id,273,gpu_num,32
task_id,274,arriving_time,2759885.405510502
task_id,274,gpu_num,32
task_id,275,arriving_time,2773039.5536488257
task_id,275,gpu_num,32
task_id,276,arriving_time,2777713.376791132
task_id,276,gpu_num,32
task_id,277,arriving_time,2822469.245280897
task_id,277,gpu_num,32
task_id,278,arriving_time,2863129.932481149
task_id,278,gpu_num,256
task_id,279,arriving_time,2872649.929742537
task_id,279,gpu_num,32
task_id,280,arriving_time,2889477.4146464933
task_id,280,gpu_num,32
task_id,281,arriving_time,2890961.8145966767
task_id,281,gpu_num,1024
task_id,282,arriving_time,2896170.3420881396
task_id,282,gpu_num,256
task_id,283,arriving_time,2915334.1582146552
task_id,283,gpu_num,256
task_id,284,arriving_time,2915352.2731498918
task_id,284,gpu_num,32
task_id,285,arriving_time,2916075.414156135
task_id,285,gpu_num,1024
task_id,286,arriving_time,2921384.3561176565
task_id,286,gpu_num,32
task_id,287,arriving_time,2925475.620421801
task_id,287,gpu_num,256
task_id,288,arriving_time,2926991.5112262308
task_id,288,gpu_num,32
task_id,289,arriving_time,2939119.7639585636
task_id,289,gpu_num,32
task_id,290,arriving_time,2940333.4538665647
task_id,290,gpu_num,32
task_id,291,arriving_time,2964831.6576605537
task_id,291,gpu_num,32
task_id,292,arriving_time,2965396.273982626
task_id,292,gpu_num,32
task_id,293,arriving_time,2977079.987169225
task_id,293,gpu_num,32
task_id,294,arriving_time,3002942.802668231
task_id,294,gpu_num,32
task_id,295,arriving_time,3006710.542680146
task_id,295,gpu_num,512
task_id,296,arriving_time,3011752.769766681
task_id,296,gpu_num,256
task_id,297,arriving_time,3012025.2475256766
task_id,297,gpu_num,256
task_id,298,arriving_time,3013516.4167505526
task_id,298,gpu_num,32
task_id,299,arriving_time,3030562.6806409354
task_id,299,gpu_num,512
task_id,300,arriving_time,3031544.314271654
task_id,300,gpu_num,256
task_id,301,arriving_time,3035500.230516366
task_id,301,gpu_num,512
task_id,302,arriving_time,3036614.931369674
task_id,302,gpu_num,512
task_id,303,arriving_time,3049809.6819232544
task_id,303,gpu_num,32
task_id,304,arriving_time,3054059.545638218
task_id,304,gpu_num,32
task_id,305,arriving_time,3062257.647929514
task_id,305,gpu_num,512
task_id,306,arriving_time,3070886.0599586475
task_id,306,gpu_num,256
task_id,307,arriving_time,3073105.996692466
task_id,307,gpu_num,256
task_id,308,arriving_time,3074208.340749824
task_id,308,gpu_num,256
task_id,309,arriving_time,3089304.931167156
task_id,309,gpu_num,32
task_id,310,arriving_time,3090584.7309267987
task_id,310,gpu_num,1024
task_id,311,arriving_time,3101007.675097356
task_id,311,gpu_num,32
task_id,312,arriving_time,3122816.9750080295
task_id,312,gpu_num,32
task_id,313,arriving_time,3132401.437220207
task_id,313,gpu_num,32
task_id,314,arriving_time,3140359.3971507614
task_id,314,gpu_num,32
task_id,315,arriving_time,3143057.572258437
task_id,315,gpu_num,32
task_id,316,arriving_time,3157534.244042764
task_id,316,gpu_num,256
task_id,317,arriving_time,3166410.626916158
task_id,317,gpu_num,256
task_id,318,arriving_time,3170940.825965473
task_id,318,gpu_num,512
task_id,319,arriving_time,3175795.4738882235
task_id,319,gpu_num,32
task_id,320,arriving_time,3192785.5794484387
task_id,320,gpu_num,32
task_id,321,arriving_time,3193042.103689615
task_id,321,gpu_num,32
task_id,322,arriving_time,3202485.676165917
task_id,322,gpu_num,32
task_id,323,arriving_time,3205549.6246779924
task_id,323,gpu_num,256
task_id,324,arriving_time,3220020.409450644
task_id,324,gpu_num,32
task_id,325,arriving_time,3233117.124955167
task_id,325,gpu_num,32
task_id,326,arriving_time,3239297.4590294594
task_id,326,gpu_num,32
task_id,327,arriving_time,3245466.634077913
task_id,327,gpu_num,32
task_id,328,arriving_time,3245720.747194927
task_id,328,gpu_num,32
task_id,329,arriving_time,3246967.101800908
task_id,329,gpu_num,32
task_id,330,arriving_time,3247376.744817537
task_id,330,gpu_num,32
task_id,331,arriving_time,3276088.013664318
task_id,331,gpu_num,32
task_id,332,arriving_time,3284273.2393283923
task_id,332,gpu_num,32
task_id,333,arriving_time,3296479.8531223848
task_id,333,gpu_num,32
task_id,334,arriving_time,3306201.0581858237
task_id,334,gpu_num,256
task_id,335,arriving_time,3315526.1484039854
task_id,335,gpu_num,256
task_id,336,arriving_time,3324646.817325925
task_id,336,gpu_num,512
task_id,337,arriving_time,3333499.8544492475
task_id,337,gpu_num,32
task_id,338,arriving_time,3337474.2634796505
task_id,338,gpu_num,32
task_id,339,arriving_time,3341643.164823391
task_id,339,gpu_num,32
task_id,340,arriving_time,3344936.241259325
task_id,340,gpu_num,256
task_id,341,arriving_time,3355620.597018997
task_id,341,gpu_num,256
task_id,342,arriving_time,3355983.148404685
task_id,342,gpu_num,256
task_id,343,arriving_time,3357433.893489208
task_id,343,gpu_num,32
task_id,344,arriving_time,3368597.7865234553
task_id,344,gpu_num,32
task_id,345,arriving_time,3371665.511072833
task_id,345,gpu_num,512
task_id,346,arriving_time,3383623.367971018
task_id,346,gpu_num,32
task_id,347,arriving_time,3396717.104712884
task_id,347,gpu_num,32
task_id,348,arriving_time,3406139.198234313
task_id,348,gpu_num,512
task_id,349,arriving_time,3406630.5794444047
task_id,349,gpu_num,32
task_id,350,arriving_time,3410728.720398055
task_id,350,gpu_num,32
task_id,351,arriving_time,3413886.169148785
task_id,351,gpu_num,32
task_id,352,arriving_time,3435435.487495011
task_id,352,gpu_num,256
task_id,353,arriving_time,3456683.4820068697
task_id,353,gpu_num,32
task_id,354,arriving_time,3464477.96064649
task_id,354,gpu_num,32
task_id,355,arriving_time,3467746.4501306885
task_id,355,gpu_num,32
task_id,356,arriving_time,3484256.017715876
task_id,356,gpu_num,512
task_id,357,arriving_time,3494986.024467092
task_id,357,gpu_num,256
task_id,358,arriving_time,3499075.553164045
task_id,358,gpu_num,512
task_id,359,arriving_time,3509440.7821291997
task_id,359,gpu_num,512
task_id,360,arriving_time,3515971.9886770793
task_id,360,gpu_num,32
task_id,361,arriving_time,3526900.3563446584
task_id,361,gpu_num,256
task_id,362,arriving_time,3533541.2359584477
task_id,362,gpu_num,32
task_id,363,arriving_time,3536438.1392939487
task_id,363,gpu_num,32
task_id,364,arriving_time,3548305.8940186617
task_id,364,gpu_num,32
task_id,365,arriving_time,3577930.3273259797
task_id,365,gpu_num,32
task_id,366,arriving_time,3591116.357291254
task_id,366,gpu_num,32
task_id,367,arriving_time,3594111.855108997
task_id,367,gpu_num,32
task_id,368,arriving_time,3595305.729481932
task_id,368,gpu_num,32
task_id,369,arriving_time,3598633.460516091
task_id,369,gpu_num,32
task_id,370,arriving_time,3604432.7451718003
task_id,370,gpu_num,32
task_id,371,arriving_time,3608189.9100604905
task_id,371,gpu_num,32
task_id,372,arriving_time,3619384.952926445
task_id,372,gpu_num,32
task_id,373,arriving_time,3619593.0548631414
task_id,373,gpu_num,32
task_id,374,arriving_time,3620466.0280125854
task_id,374,gpu_num,32
task_id,375,arriving_time,3639407.01856339
task_id,375,gpu_num,32
task_id,376,arriving_time,3652560.2719837218
task_id,376,gpu_num,256
task_id,377,arriving_time,3668068.6740531153
task_id,377,gpu_num,32
task_id,378,arriving_time,3671477.521386665
task_id,378,gpu_num,32
task_id,379,arriving_time,3675362.3098581964
task_id,379,gpu_num,32
task_id,380,arriving_time,3730998.787042582
task_id,380,gpu_num,32
task_id,381,arriving_time,3732200.2789004124
task_id,381,gpu_num,32
task_id,382,arriving_time,3740153.206623727
task_id,382,gpu_num,32
task_id,383,arriving_time,3748315.8336905185
task_id,383,gpu_num,32
task_id,384,arriving_time,3751098.5855997223
task_id,384,gpu_num,32
task_id,385,arriving_time,3752895.1401460865
task_id,385,gpu_num,32
task_id,386,arriving_time,3756208.6169323125
task_id,386,gpu_num,32
task_id,387,arriving_time,3757663.786888914
task_id,387,gpu_num,32
task_id,388,arriving_time,3766742.9029435124
task_id,388,gpu_num,32
task_id,389,arriving_time,3774007.1560051013
task_id,389,gpu_num,32
task_id,390,arriving_time,3782797.012982637
task_id,390,gpu_num,32
task_id,391,arriving_time,3790823.7236386817
task_id,391,gpu_num,32
task_id,392,arriving_time,3811751.500840976
task_id,392,gpu_num,256
task_id,393,arriving_time,3813050.3330752184
task_id,393,gpu_num,32
task_id,394,arriving_time,3830375.0111381984
task_id,394,gpu_num,32
task_id,395,arriving_time,3833397.3552725473
task_id,395,gpu_num,32
task_id,396,arriving_time,3855787.353061173
task_id,396,gpu_num,32
task_id,397,arriving_time,3860356.3732761564
task_id,397,gpu_num,32
task_id,398,arriving_time,3866231.4294594624
task_id,398,gpu_num,32
task_id,399,arriving_time,3867554.654666623
task_id,399,gpu_num,32
task_id,400,arriving_time,3877788.740178956
task_id,400,gpu_num,32
task_id,401,arriving_time,3889979.523422927
task_id,401,gpu_num,32
task_id,402,arriving_time,3893034.297315224
task_id,402,gpu_num,256
task_id,403,arriving_time,3899836.3556321664
task_id,403,gpu_num,32
task_id,404,arriving_time,3913317.0410748255
task_id,404,gpu_num,32
task_id,405,arriving_time,3918007.8991721245
task_id,405,gpu_num,256
task_id,406,arriving_time,3918151.511845715
task_id,406,gpu_num,32
task_id,407,arriving_time,3921729.503025238
task_id,407,gpu_num,32
task_id,408,arriving_time,3925291.68229662
task_id,408,gpu_num,32
task_id,409,arriving_time,3928979.5012171525
task_id,409,gpu_num,32
task_id,410,arriving_time,3932399.5727494853
task_id,410,gpu_num,32
task_id,411,arriving_time,3933525.0905829687
task_id,411,gpu_num,32
task_id,412,arriving_time,3940909.3026504787
task_id,412,gpu_num,32
task_id,413,arriving_time,3984873.3330367217
task_id,413,gpu_num,32
task_id,414,arriving_time,3992696.4717389625
task_id,414,gpu_num,32
task_id,415,arriving_time,3999364.7905051517
task_id,415,gpu_num,32
task_id,416,arriving_time,4000685.6217906256
task_id,416,gpu_num,512
task_id,417,arriving_time,4029197.5748785585
task_id,417,gpu_num,512
task_id,418,arriving_time,4032418.4675756367
task_id,418,gpu_num,32
task_id,419,arriving_time,4038732.422783318
task_id,419,gpu_num,32
task_id,420,arriving_time,4046061.1563102035
task_id,420,gpu_num,32
task_id,421,arriving_time,4049304.442104634
task_id,421,gpu_num,256
task_id,422,arriving_time,4060562.1816653553
task_id,422,gpu_num,32
task_id,423,arriving_time,4069726.5331986593
task_id,423,gpu_num,32
task_id,424,arriving_time,4072556.7310563545
task_id,424,gpu_num,32
task_id,425,arriving_time,4076652.936071178
task_id,425,gpu_num,32
task_id,426,arriving_time,4084026.114013248
task_id,426,gpu_num,32
task_id,427,arriving_time,4103527.56662461
task_id,427,gpu_num,32
task_id,428,arriving_time,4125906.455743469
task_id,428,gpu_num,32
task_id,429,arriving_time,4127911.10133507
task_id,429,gpu_num,32
task_id,430,arriving_time,4131638.445408958
task_id,430,gpu_num,32
task_id,431,arriving_time,4140510.2010379643
task_id,431,gpu_num,512
task_id,432,arriving_time,4149311.0948647107
task_id,432,gpu_num,256
task_id,433,arriving_time,4167172.7114452724
task_id,433,gpu_num,32
task_id,434,arriving_time,4167618.9784509814
task_id,434,gpu_num,32
task_id,435,arriving_time,4167725.6328220675
task_id,435,gpu_num,32
task_id,436,arriving_time,4168949.34927669
task_id,436,gpu_num,32
task_id,437,arriving_time,4184093.34633144
task_id,437,gpu_num,32
task_id,438,arriving_time,4206474.093998829
task_id,438,gpu_num,32
task_id,439,arriving_time,4217511.317386077
task_id,439,gpu_num,32
task_id,440,arriving_time,4234540.96070773
task_id,440,gpu_num,32
task_id,441,arriving_time,4236446.026476631
task_id,441,gpu_num,32
task_id,442,arriving_time,4244223.649314207
task_id,442,gpu_num,32
task_id,443,arriving_time,4274284.323749125
task_id,443,gpu_num,32
task_id,444,arriving_time,4277242.988744282
task_id,444,gpu_num,32
task_id,445,arriving_time,4287352.100927369
task_id,445,gpu_num,32
task_id,446,arriving_time,4291510.23063002
task_id,446,gpu_num,1024
task_id,447,arriving_time,4302069.278589811
task_id,447,gpu_num,32
task_id,448,arriving_time,4311794.772901132
task_id,448,gpu_num,32
task_id,449,arriving_time,4329920.227177036
task_id,449,gpu_num,32
task_id,450,arriving_time,4345450.114331996
task_id,450,gpu_num,32
task_id,451,arriving_time,4352764.9005587995
task_id,451,gpu_num,32
task_id,452,arriving_time,4354935.433526001
task_id,452,gpu_num,32
task_id,453,arriving_time,4360228.969615805
task_id,453,gpu_num,256
task_id,454,arriving_time,4386285.438174166
task_id,454,gpu_num,512
task_id,455,arriving_time,4403386.900611172
task_id,455,gpu_num,1024
task_id,456,arriving_time,4435981.127898475
task_id,456,gpu_num,512
task_id,457,arriving_time,4440277.477074498
task_id,457,gpu_num,256
task_id,458,arriving_time,4441116.608116389
task_id,458,gpu_num,512
task_id,459,arriving_time,4465341.0567464875
task_id,459,gpu_num,32
task_id,460,arriving_time,4470929.230963578
task_id,460,gpu_num,512
task_id,461,arriving_time,4472449.741184331
task_id,461,gpu_num,256
task_id,462,arriving_time,4472814.609581743
task_id,462,gpu_num,256
task_id,463,arriving_time,4485543.453834279
task_id,463,gpu_num,256
task_id,464,arriving_time,4493288.776827067
task_id,464,gpu_num,32
task_id,465,arriving_time,4505456.609735884
task_id,465,gpu_num,32
task_id,466,arriving_time,4519081.059719172
task_id,466,gpu_num,32
task_id,467,arriving_time,4522832.848980112
task_id,467,gpu_num,256
task_id,468,arriving_time,4527533.141144768
task_id,468,gpu_num,32
task_id,469,arriving_time,4530477.636366755
task_id,469,gpu_num,32
task_id,470,arriving_time,4542324.729997728
task_id,470,gpu_num,32
task_id,471,arriving_time,4549852.425387179
task_id,471,gpu_num,32
task_id,472,arriving_time,4582116.338130722
task_id,472,gpu_num,32
task_id,473,arriving_time,4604807.126180156
task_id,473,gpu_num,32
task_id,474,arriving_time,4614945.767299329
task_id,474,gpu_num,32
task_id,475,arriving_time,4674060.619585634
task_id,475,gpu_num,32
task_id,476,arriving_time,4679944.884617087
task_id,476,gpu_num,32
task_id,477,arriving_time,4681397.482397674
task_id,477,gpu_num,32
task_id,478,arriving_time,4684126.699970445
task_id,478,gpu_num,512
task_id,479,arriving_time,4689596.963707149
task_id,479,gpu_num,512
task_id,480,arriving_time,4692824.347932647
task_id,480,gpu_num,32
task_id,481,arriving_time,4707815.536178649
task_id,481,gpu_num,32
task_id,482,arriving_time,4715582.708361203
task_id,482,gpu_num,32
task_id,483,arriving_time,4726472.32928822
task_id,483,gpu_num,32
task_id,484,arriving_time,4729450.498065935
task_id,484,gpu_num,32
task_id,485,arriving_time,4754589.305102979
task_id,485,gpu_num,32
task_id,486,arriving_time,4762370.536327858
task_id,486,gpu_num,32
task_id,487,arriving_time,4765278.299692063
task_id,487,gpu_num,32
task_id,488,arriving_time,4785912.915860509
task_id,488,gpu_num,32
task_id,489,arriving_time,4789935.433924169
task_id,489,gpu_num,32
task_id,490,arriving_time,4792729.76674413
task_id,490,gpu_num,32
task_id,491,arriving_time,4793228.001834345
task_id,491,gpu_num,512
task_id,492,arriving_time,4798291.592039759
task_id,492,gpu_num,32
task_id,493,arriving_time,4803763.588572798
task_id,493,gpu_num,32
task_id,494,arriving_time,4809652.082499686
task_id,494,gpu_num,512
task_id,495,arriving_time,4812549.603496671
task_id,495,gpu_num,32
task_id,496,arriving_time,4818570.647688925
task_id,496,gpu_num,32
task_id,497,arriving_time,4824508.939402298
task_id,497,gpu_num,32
task_id,498,arriving_time,4830908.839227956
task_id,498,gpu_num,32
task_id,499,arriving_time,4833855.861177589
task_id,499,gpu_num,32
task_id,500,arriving_time,4838431.926939108
task_id,500,gpu_num,32
task_id,501,arriving_time,4840537.8680287
task_id,501,gpu_num,32
task_id,502,arriving_time,4841487.974820924
task_id,502,gpu_num,32
task_id,503,arriving_time,4842896.500681477
task_id,503,gpu_num,32
task_id,504,arriving_time,4859839.587236014
task_id,504,gpu_num,32
task_id,505,arriving_time,4862750.83657313
task_id,505,gpu_num,32
task_id,506,arriving_time,4865084.903722832
task_id,506,gpu_num,32
task_id,507,arriving_time,4876756.254678849
task_id,507,gpu_num,32
task_id,508,arriving_time,4911205.856704001
task_id,508,gpu_num,32
task_id,509,arriving_time,4916739.949220697
task_id,509,gpu_num,32
task_id,510,arriving_time,4927187.874347619
task_id,510,gpu_num,32
task_id,511,arriving_time,4932628.440934267
task_id,511,gpu_num,32
task_id,512,arriving_time,4937754.298298938
task_id,512,gpu_num,256
task_id,513,arriving_time,4941404.306920837
task_id,513,gpu_num,32
task_id,514,arriving_time,4945156.644158523
task_id,514,gpu_num,32
task_id,515,arriving_time,4949183.158219963
task_id,515,gpu_num,256
task_id,516,arriving_time,4951788.276927886
task_id,516,gpu_num,256
task_id,517,arriving_time,4990689.798227211
task_id,517,gpu_num,256
task_id,518,arriving_time,4998904.04412089
task_id,518,gpu_num,32
task_id,519,arriving_time,5015915.218204578
task_id,519,gpu_num,32
task_id,520,arriving_time,5032084.944423236
task_id,520,gpu_num,32
task_id,521,arriving_time,5036882.48703485
task_id,521,gpu_num,32
task_id,522,arriving_time,5037786.330751199
task_id,522,gpu_num,32
task_id,523,arriving_time,5045809.429441221
task_id,523,gpu_num,32
task_id,524,arriving_time,5098787.084847259
task_id,524,gpu_num,512
task_id,525,arriving_time,5100170.105315375
task_id,525,gpu_num,256
task_id,526,arriving_time,5157484.3640917195
task_id,526,gpu_num,256
task_id,527,arriving_time,5167795.564591928
task_id,527,gpu_num,256
task_id,528,arriving_time,5176359.444315259
task_id,528,gpu_num,32
task_id,529,arriving_time,5191585.1865505865
task_id,529,gpu_num,32
task_id,530,arriving_time,5201543.1235972475
task_id,530,gpu_num,32
task_id,531,arriving_time,5206398.415969516
task_id,531,gpu_num,32
task_id,532,arriving_time,5224872.00883487
task_id,532,gpu_num,32
task_id,533,arriving_time,5225352.225074731
task_id,533,gpu_num,32
task_id,534,arriving_time,5252501.220972911
task_id,534,gpu_num,32
task_id,535,arriving_time,5260619.962454248
task_id,535,gpu_num,32
task_id,536,arriving_time,5266222.645065293
task_id,536,gpu_num,32
task_id,537,arriving_time,5279071.181047757
task_id,537,gpu_num,32
task_id,538,arriving_time,5282681.253906388
task_id,538,gpu_num,256
task_id,539,arriving_time,5283224.97106528
task_id,539,gpu_num,256
task_id,540,arriving_time,5286123.962378927
task_id,540,gpu_num,32
task_id,541,arriving_time,5287415.834406022
task_id,541,gpu_num,32
task_id,542,arriving_time,5309779.915170188
task_id,542,gpu_num,32
task_id,543,arriving_time,5313318.125937267
task_id,543,gpu_num,32
task_id,544,arriving_time,5316722.682810259
task_id,544,gpu_num,32
task_id,545,arriving_time,5319958.509666016
task_id,545,gpu_num,512
task_id,546,arriving_time,5324208.148490699
task_id,546,gpu_num,512
task_id,547,arriving_time,5337125.058665837
task_id,547,gpu_num,32
task_id,548,arriving_time,5356549.722230786
task_id,548,gpu_num,32
task_id,549,arriving_time,5357756.123555184
task_id,549,gpu_num,1024
task_id,550,arriving_time,5362468.722795626
task_id,550,gpu_num,512
task_id,551,arriving_time,5389292.497062531
task_id,551,gpu_num,512
task_id,552,arriving_time,5390380.090207585
task_id,552,gpu_num,256
task_id,553,arriving_time,5405487.901695743
task_id,553,gpu_num,32
task_id,554,arriving_time,5407494.027446296
task_id,554,gpu_num,512
task_id,555,arriving_time,5418534.2290608315
task_id,555,gpu_num,256
task_id,556,arriving_time,5420094.457516087
task_id,556,gpu_num,512
task_id,557,arriving_time,5433374.139947752
task_id,557,gpu_num,256
task_id,558,arriving_time,5436535.058887395
task_id,558,gpu_num,256
task_id,559,arriving_time,5473295.249302955
task_id,559,gpu_num,256
task_id,560,arriving_time,5475616.5787748145
task_id,560,gpu_num,256
task_id,561,arriving_time,5478261.483772573
task_id,561,gpu_num,512
task_id,562,arriving_time,5499308.220298986
task_id,562,gpu_num,32
task_id,563,arriving_time,5506364.678492402
task_id,563,gpu_num,256
task_id,564,arriving_time,5517219.551450473
task_id,564,gpu_num,256
task_id,565,arriving_time,5518719.183068886
task_id,565,gpu_num,256
task_id,566,arriving_time,5519931.366440085
task_id,566,gpu_num,256
task_id,567,arriving_time,5551162.14645872
task_id,567,gpu_num,32
task_id,568,arriving_time,5558617.698462809
task_id,568,gpu_num,32
task_id,569,arriving_time,5575192.199064655
task_id,569,gpu_num,512
task_id,570,arriving_time,5585732.4452753225
task_id,570,gpu_num,512
task_id,571,arriving_time,5589829.648456539
task_id,571,gpu_num,32
task_id,572,arriving_time,5614632.322059859
task_id,572,gpu_num,256
task_id,573,arriving_time,5621565.756598863
task_id,573,gpu_num,32
task_id,574,arriving_time,5630683.145538195
task_id,574,gpu_num,512
task_id,575,arriving_time,5643355.90437142
task_id,575,gpu_num,32
task_id,576,arriving_time,5660312.001424681
task_id,576,gpu_num,512
task_id,577,arriving_time,5668940.364662842
task_id,577,gpu_num,256
task_id,578,arriving_time,5675586.83466877
task_id,578,gpu_num,1024
task_id,579,arriving_time,5680324.529197761
task_id,579,gpu_num,32
task_id,580,arriving_time,5686836.455242108
task_id,580,gpu_num,512
task_id,581,arriving_time,5687821.42154577
task_id,581,gpu_num,32
task_id,582,arriving_time,5692384.564661823
task_id,582,gpu_num,512
task_id,583,arriving_time,5692437.9414299885
task_id,583,gpu_num,32
task_id,584,arriving_time,5707652.292671949
task_id,584,gpu_num,256
task_id,585,arriving_time,5731727.2042960655
task_id,585,gpu_num,32
task_id,586,arriving_time,5738749.311806078
task_id,586,gpu_num,512
task_id,587,arriving_time,5745366.730752154
task_id,587,gpu_num,256
task_id,588,arriving_time,5757591.672308693
task_id,588,gpu_num,32
task_id,589,arriving_time,5757594.7310013985
task_id,589,gpu_num,32
task_id,590,arriving_time,5761172.271127426
task_id,590,gpu_num,32
task_id,591,arriving_time,5761994.749239484
task_id,591,gpu_num,32
task_id,592,arriving_time,5763809.956912143
task_id,592,gpu_num,32
task_id,593,arriving_time,5766966.401439982
task_id,593,gpu_num,32
task_id,594,arriving_time,5770975.585427409
task_id,594,gpu_num,256
task_id,595,arriving_time,5780521.382186198
task_id,595,gpu_num,32
task_id,596,arriving_time,5781029.110045007
task_id,596,gpu_num,32
task_id,597,arriving_time,5783287.779346302
task_id,597,gpu_num,512
task_id,598,arriving_time,5785080.745921365
task_id,598,gpu_num,32
task_id,599,arriving_time,5785544.3683429
task_id,599,gpu_num,32
task_id,600,arriving_time,5804199.5152816055
task_id,600,gpu_num,32
task_id,601,arriving_time,5819571.191712635
task_id,601,gpu_num,32
task_id,602,arriving_time,5841294.701937474
task_id,602,gpu_num,32
task_id,603,arriving_time,5843401.336497924
task_id,603,gpu_num,32
task_id,604,arriving_time,5846217.658326647
task_id,604,gpu_num,32
task_id,605,arriving_time,5849838.9302548235
task_id,605,gpu_num,32
task_id,606,arriving_time,5859766.371252352
task_id,606,gpu_num,32
task_id,607,arriving_time,5865368.973864865
task_id,607,gpu_num,32
task_id,608,arriving_time,5882640.866991078
task_id,608,gpu_num,256
task_id,609,arriving_time,5895398.79258842
task_id,609,gpu_num,32
task_id,610,arriving_time,5899506.214561144
task_id,610,gpu_num,32
task_id,611,arriving_time,5899836.223567299
task_id,611,gpu_num,32
task_id,612,arriving_time,5914178.778808348
task_id,612,gpu_num,32
task_id,613,arriving_time,5940849.7926217895
task_id,613,gpu_num,32
task_id,614,arriving_time,5961983.344003601
task_id,614,gpu_num,256
task_id,615,arriving_time,5969706.675123303
task_id,615,gpu_num,32
task_id,616,arriving_time,5975332.295213117
task_id,616,gpu_num,32
task_id,617,arriving_time,5977773.180066552
task_id,617,gpu_num,32
task_id,618,arriving_time,5982182.663331109
task_id,618,gpu_num,32
task_id,619,arriving_time,5985608.614315927
task_id,619,gpu_num,32
task_id,620,arriving_time,5991270.807583903
task_id,620,gpu_num,32
task_id,621,arriving_time,5995190.771702036
task_id,621,gpu_num,32
task_id,622,arriving_time,6019103.746094738
task_id,622,gpu_num,256
task_id,623,arriving_time,6019297.185661144
task_id,623,gpu_num,256
task_id,624,arriving_time,6022607.06675596
task_id,624,gpu_num,32
task_id,625,arriving_time,6027957.321446888
task_id,625,gpu_num,32
task_id,626,arriving_time,6032232.069826835
task_id,626,gpu_num,32
task_id,627,arriving_time,6032871.6546658445
task_id,627,gpu_num,32
task_id,628,arriving_time,6038221.136118832
task_id,628,gpu_num,32
task_id,629,arriving_time,6060294.353035407
task_id,629,gpu_num,32
task_id,630,arriving_time,6070972.701139795
task_id,630,gpu_num,32
task_id,631,arriving_time,6074461.093762219
task_id,631,gpu_num,32
task_id,632,arriving_time,6098795.919954859
task_id,632,gpu_num,32
task_id,633,arriving_time,6103174.801377192
task_id,633,gpu_num,32
task_id,634,arriving_time,6107258.200434369
task_id,634,gpu_num,32
task_id,635,arriving_time,6107951.6728453105
task_id,635,gpu_num,32
task_id,636,arriving_time,6113244.557776104
task_id,636,gpu_num,32
task_id,637,arriving_time,6120416.852253645
task_id,637,gpu_num,32
task_id,638,arriving_time,6121312.482186375
task_id,638,gpu_num,32
task_id,639,arriving_time,6129681.4489331525
task_id,639,gpu_num,32
task_id,640,arriving_time,6138144.577047964
task_id,640,gpu_num,32
task_id,641,arriving_time,6140216.132828287
task_id,641,gpu_num,32
task_id,642,arriving_time,6147192.31215758
task_id,642,gpu_num,32
task_id,643,arriving_time,6157025.425104957
task_id,643,gpu_num,32
task_id,644,arriving_time,6158116.290403551
task_id,644,gpu_num,32
task_id,645,arriving_time,6171625.1301019685
task_id,645,gpu_num,32
task_id,646,arriving_time,6179099.437226354
task_id,646,gpu_num,32
task_id,647,arriving_time,6198238.076127036
task_id,647,gpu_num,32
task_id,648,arriving_time,6210266.607478727
task_id,648,gpu_num,32
task_id,649,arriving_time,6247605.805880475
task_id,649,gpu_num,32
task_id,650,arriving_time,6257854.155455821
task_id,650,gpu_num,32
task_id,651,arriving_time,6261547.939901864
task_id,651,gpu_num,32
task_id,652,arriving_time,6263185.925998954
task_id,652,gpu_num,32
task_id,653,arriving_time,6263877.988313752
task_id,653,gpu_num,32
task_id,654,arriving_time,6272311.395946529
task_id,654,gpu_num,32
task_id,655,arriving_time,6278597.48069996
task_id,655,gpu_num,32
task_id,656,arriving_time,6299533.803102376
task_id,656,gpu_num,32
task_id,657,arriving_time,6330178.724729105
task_id,657,gpu_num,32
task_id,658,arriving_time,6330845.561448452
task_id,658,gpu_num,32
task_id,659,arriving_time,6342085.1592430165
task_id,659,gpu_num,32
task_id,660,arriving_time,6358917.598123172
task_id,660,gpu_num,32
task_id,661,arriving_time,6380391.468070336
task_id,661,gpu_num,32
task_id,662,arriving_time,6395569.567702978
task_id,662,gpu_num,32
task_id,663,arriving_time,6396244.656368134
task_id,663,gpu_num,32
task_id,664,arriving_time,6400049.970412624
task_id,664,gpu_num,32
task_id,665,arriving_time,6401882.843199028
task_id,665,gpu_num,32
task_id,666,arriving_time,6423448.922300484
task_id,666,gpu_num,32
task_id,667,arriving_time,6434308.811449942
task_id,667,gpu_num,32
task_id,668,arriving_time,6445968.040485814
task_id,668,gpu_num,32
task_id,669,arriving_time,6448997.548353582
task_id,669,gpu_num,32
task_id,670,arriving_time,6460805.154509229
task_id,670,gpu_num,32
task_id,671,arriving_time,6465380.521643771
task_id,671,gpu_num,32
task_id,672,arriving_time,6478898.233819512
task_id,672,gpu_num,32
task_id,673,arriving_time,6482056.899980848
task_id,673,gpu_num,32
task_id,674,arriving_time,6486255.786568188
task_id,674,gpu_num,32
task_id,675,arriving_time,6489564.482550573
task_id,675,gpu_num,32
task_id,676,arriving_time,6497993.786109101
task_id,676,gpu_num,32
task_id,677,arriving_time,6498622.459862082
task_id,677,gpu_num,32
task_id,678,arriving_time,6504805.6404513065
task_id,678,gpu_num,32
task_id,679,arriving_time,6508690.453138264
task_id,679,gpu_num,32
task_id,680,arriving_time,6523147.523966357
task_id,680,gpu_num,32
task_id,681,arriving_time,6537534.246401788
task_id,681,gpu_num,32
task_id,682,arriving_time,6562573.029381255
task_id,682,gpu_num,32
task_id,683,arriving_time,6566196.706127203
task_id,683,gpu_num,32
task_id,684,arriving_time,6568887.6282762475
task_id,684,gpu_num,32
task_id,685,arriving_time,6569129.838810821
task_id,685,gpu_num,32
task_id,686,arriving_time,6574110.303967858
task_id,686,gpu_num,32
task_id,687,arriving_time,6577379.45834027
task_id,687,gpu_num,32
task_id,688,arriving_time,6581548.169906383
task_id,688,gpu_num,256
task_id,689,arriving_time,6586618.054295165
task_id,689,gpu_num,32
task_id,690,arriving_time,6599655.697264799
task_id,690,gpu_num,32
task_id,691,arriving_time,6613945.948118171
task_id,691,gpu_num,512
task_id,692,arriving_time,6617361.91335019
task_id,692,gpu_num,512
task_id,693,arriving_time,6619581.628418541
task_id,693,gpu_num,512
task_id,694,arriving_time,6640338.938210017
task_id,694,gpu_num,32
task_id,695,arriving_time,6647575.580212306
task_id,695,gpu_num,32
task_id,696,arriving_time,6657012.353087286
task_id,696,gpu_num,32
task_id,697,arriving_time,6699057.402822753
task_id,697,gpu_num,32
task_id,698,arriving_time,6699927.053272897
task_id,698,gpu_num,256
task_id,699,arriving_time,6707109.384442854
task_id,699,gpu_num,256
task_id,700,arriving_time,6730368.395647173
task_id,700,gpu_num,256
task_id,701,arriving_time,6734041.460294465
task_id,701,gpu_num,32
task_id,702,arriving_time,6737613.835355891
task_id,702,gpu_num,32
task_id,703,arriving_time,6739262.93889924
task_id,703,gpu_num,256
task_id,704,arriving_time,6750496.58117848
task_id,704,gpu_num,32
task_id,705,arriving_time,6778657.333406261
task_id,705,gpu_num,32
task_id,706,arriving_time,6798971.044067111
task_id,706,gpu_num,512
task_id,707,arriving_time,6816112.387427754
task_id,707,gpu_num,512
task_id,708,arriving_time,6816446.662198688
task_id,708,gpu_num,32
task_id,709,arriving_time,6839872.158630988
task_id,709,gpu_num,512
task_id,710,arriving_time,6879560.727310712
task_id,710,gpu_num,32
task_id,711,arriving_time,6885171.766864653
task_id,711,gpu_num,256
task_id,712,arriving_time,6917142.156465121
task_id,712,gpu_num,32
task_id,713,arriving_time,6925573.286519204
task_id,713,gpu_num,32
task_id,714,arriving_time,6929106.846895703
task_id,714,gpu_num,32
task_id,715,arriving_time,6929789.380898209
task_id,715,gpu_num,512
task_id,716,arriving_time,6931426.450356937
task_id,716,gpu_num,512
task_id,717,arriving_time,6939060.2418599725
task_id,717,gpu_num,32
task_id,718,arriving_time,6959741.945098072
task_id,718,gpu_num,256
task_id,719,arriving_time,6962544.560665681
task_id,719,gpu_num,32
task_id,720,arriving_time,6971245.373643127
task_id,720,gpu_num,32
task_id,721,arriving_time,6975921.004172402
task_id,721,gpu_num,32
task_id,722,arriving_time,6981204.963335629
task_id,722,gpu_num,32
task_id,723,arriving_time,7000636.050955087
task_id,723,gpu_num,256
task_id,724,arriving_time,7006658.638174101
task_id,724,gpu_num,32
task_id,725,arriving_time,7009415.296340673
task_id,725,gpu_num,32
task_id,726,arriving_time,7016510.512636623
task_id,726,gpu_num,32
task_id,727,arriving_time,7022420.0909041995
task_id,727,gpu_num,32
task_id,728,arriving_time,7042788.570838232
task_id,728,gpu_num,32
task_id,729,arriving_time,7044125.701489316
task_id,729,gpu_num,32
task_id,730,arriving_time,7066445.702324993
task_id,730,gpu_num,512
task_id,731,arriving_time,7071504.325738247
task_id,731,gpu_num,512
task_id,732,arriving_time,7076496.5499573285
task_id,732,gpu_num,512
task_id,733,arriving_time,7083733.69780788
task_id,733,gpu_num,256
task_id,734,arriving_time,7091264.789864678
task_id,734,gpu_num,512
task_id,735,arriving_time,7132804.528811486
task_id,735,gpu_num,32
task_id,736,arriving_time,7135483.6394028785
task_id,736,gpu_num,32
task_id,737,arriving_time,7136635.309679326
task_id,737,gpu_num,32
task_id,738,arriving_time,7142124.204633045
task_id,738,gpu_num,32
task_id,739,arriving_time,7142817.664232864
task_id,739,gpu_num,32
task_id,740,arriving_time,7143292.903221685
task_id,740,gpu_num,32
task_id,741,arriving_time,7151064.190200317
task_id,741,gpu_num,256
task_id,742,arriving_time,7182576.953966323
task_id,742,gpu_num,256
task_id,743,arriving_time,7222073.617026441
task_id,743,gpu_num,256
task_id,744,arriving_time,7223457.874112104
task_id,744,gpu_num,256
task_id,745,arriving_time,7237938.017697121
task_id,745,gpu_num,32
task_id,746,arriving_time,7240223.008507065
task_id,746,gpu_num,32
task_id,747,arriving_time,7242403.190642946
task_id,747,gpu_num,256
task_id,748,arriving_time,7249578.454415837
task_id,748,gpu_num,32
task_id,749,arriving_time,7249811.1254416425
task_id,749,gpu_num,32
task_id,750,arriving_time,7255811.217392516
task_id,750,gpu_num,32
task_id,751,arriving_time,7256460.329347909
task_id,751,gpu_num,32
task_id,752,arriving_time,7289539.8822813695
task_id,752,gpu_num,32
task_id,753,arriving_time,7291726.578858964
task_id,753,gpu_num,32
task_id,754,arriving_time,7305350.671300972
task_id,754,gpu_num,32
task_id,755,arriving_time,7316769.463528172
task_id,755,gpu_num,32
task_id,756,arriving_time,7331979.412607984
task_id,756,gpu_num,32
task_id,757,arriving_time,7333531.655139214
task_id,757,gpu_num,32
task_id,758,arriving_time,7348667.814119227
task_id,758,gpu_num,32
task_id,759,arriving_time,7362235.710252923
task_id,759,gpu_num,32
task_id,760,arriving_time,7363073.357238957
task_id,760,gpu_num,32
task_id,761,arriving_time,7363707.529085755
task_id,761,gpu_num,32
task_id,762,arriving_time,7364293.481163276
task_id,762,gpu_num,32
task_id,763,arriving_time,7382299.229330433
task_id,763,gpu_num,32
task_id,764,arriving_time,7382409.207983536
task_id,764,gpu_num,32
task_id,765,arriving_time,7387367.485776036
task_id,765,gpu_num,32
task_id,766,arriving_time,7392980.380397679
task_id,766,gpu_num,2048
task_id,767,arriving_time,7395930.437937833
task_id,767,gpu_num,512
task_id,768,arriving_time,7412666.81060311
task_id,768,gpu_num,512
task_id,769,arriving_time,7412787.835126783
task_id,769,gpu_num,32
task_id,770,arriving_time,7415275.8768872665
task_id,770,gpu_num,32
task_id,771,arriving_time,7419667.000452751
task_id,771,gpu_num,32
task_id,772,arriving_time,7438822.43773077
task_id,772,gpu_num,256
task_id,773,arriving_time,7440015.32481313
task_id,773,gpu_num,512
task_id,774,arriving_time,7442151.886915277
task_id,774,gpu_num,32
task_id,775,arriving_time,7442306.438998349
task_id,775,gpu_num,32
task_id,776,arriving_time,7459542.676628676
task_id,776,gpu_num,32
task_id,777,arriving_time,7495671.270896661
task_id,777,gpu_num,512
task_id,778,arriving_time,7513175.311997898
task_id,778,gpu_num,512
task_id,779,arriving_time,7527692.158217793
task_id,779,gpu_num,32
task_id,780,arriving_time,7531180.5861358605
task_id,780,gpu_num,32
task_id,781,arriving_time,7549989.625163139
task_id,781,gpu_num,32
task_id,782,arriving_time,7556611.232081987
task_id,782,gpu_num,256
task_id,783,arriving_time,7563377.8968592
task_id,783,gpu_num,32
task_id,784,arriving_time,7580442.464145701
task_id,784,gpu_num,32
task_id,785,arriving_time,7589999.263896562
task_id,785,gpu_num,512
task_id,786,arriving_time,7590454.664009938
task_id,786,gpu_num,512
task_id,787,arriving_time,7598715.532861421
task_id,787,gpu_num,32
task_id,788,arriving_time,7604317.036024213
task_id,788,gpu_num,32
task_id,789,arriving_time,7640494.922272976
task_id,789,gpu_num,32
task_id,790,arriving_time,7645888.573138279
task_id,790,gpu_num,32
task_id,791,arriving_time,7658700.087545562
task_id,791,gpu_num,32
task_id,792,arriving_time,7659553.62186457
task_id,792,gpu_num,32
task_id,793,arriving_time,7665921.903127994
task_id,793,gpu_num,32
task_id,794,arriving_time,7667331.72469715
task_id,794,gpu_num,32
task_id,795,arriving_time,7671883.045205843
task_id,795,gpu_num,256
task_id,796,arriving_time,7679602.228344994
task_id,796,gpu_num,32
task_id,797,arriving_time,7685643.808822461
task_id,797,gpu_num,32
task_id,798,arriving_time,7689451.813957156
task_id,798,gpu_num,512
task_id,799,arriving_time,7693939.492973817
task_id,799,gpu_num,32
task_id,800,arriving_time,7695358.929725541
task_id,800,gpu_num,32
task_id,801,arriving_time,7720369.131273304
task_id,801,gpu_num,32
task_id,802,arriving_time,7725335.328722895
task_id,802,gpu_num,32
task_id,803,arriving_time,7752403.320999347
task_id,803,gpu_num,512
task_id,804,arriving_time,7754278.151590228
task_id,804,gpu_num,512
task_id,805,arriving_time,7758978.32666461
task_id,805,gpu_num,32
task_id,806,arriving_time,7791397.501335499
task_id,806,gpu_num,32
task_id,807,arriving_time,7799645.821580465
task_id,807,gpu_num,32
task_id,808,arriving_time,7817323.312700825
task_id,808,gpu_num,32
task_id,809,arriving_time,7867621.319922893
task_id,809,gpu_num,32
task_id,810,arriving_time,7889802.374591341
task_id,810,gpu_num,256
task_id,811,arriving_time,7894885.94103887
task_id,811,gpu_num,32
task_id,812,arriving_time,7907072.023305839
task_id,812,gpu_num,32
task_id,813,arriving_time,7910450.058345553
task_id,813,gpu_num,32
task_id,814,arriving_time,7928029.925825328
task_id,814,gpu_num,512
task_id,815,arriving_time,7931956.551979752
task_id,815,gpu_num,128
task_id,816,arriving_time,7938327.881330166
task_id,816,gpu_num,32
task_id,817,arriving_time,7941157.756821899
task_id,817,gpu_num,32
task_id,818,arriving_time,7942306.264334543
task_id,818,gpu_num,32
task_id,819,arriving_time,7943028.373766375
task_id,819,gpu_num,32
task_id,820,arriving_time,7951811.02882665
task_id,820,gpu_num,256
task_id,821,arriving_time,7958479.14284972
task_id,821,gpu_num,256
task_id,822,arriving_time,7961485.359575206
task_id,822,gpu_num,256
task_id,823,arriving_time,7969564.064089447
task_id,823,gpu_num,32
task_id,824,arriving_time,7971131.624334671
task_id,824,gpu_num,256
task_id,825,arriving_time,7992250.140052292
task_id,825,gpu_num,32
task_id,826,arriving_time,7997252.316317726
task_id,826,gpu_num,32
task_id,827,arriving_time,8022118.80721958
task_id,827,gpu_num,32
task_id,828,arriving_time,8029598.63974418
task_id,828,gpu_num,32
task_id,829,arriving_time,8029710.275336205
task_id,829,gpu_num,256
task_id,830,arriving_time,8030404.709684408
task_id,830,gpu_num,32
task_id,831,arriving_time,8036145.395341608
task_id,831,gpu_num,32
task_id,832,arriving_time,8058200.689790157
task_id,832,gpu_num,256
task_id,833,arriving_time,8062364.808913645
task_id,833,gpu_num,32
task_id,834,arriving_time,8072310.771772241
task_id,834,gpu_num,32
task_id,835,arriving_time,8078120.42667316
task_id,835,gpu_num,256
task_id,836,arriving_time,8089441.298583689
task_id,836,gpu_num,256
task_id,837,arriving_time,8091209.386535334
task_id,837,gpu_num,256
task_id,838,arriving_time,8112214.846343342
task_id,838,gpu_num,32
task_id,839,arriving_time,8113897.383418305
task_id,839,gpu_num,32
task_id,840,arriving_time,8117768.06118666
task_id,840,gpu_num,256
task_id,841,arriving_time,8135660.714534298
task_id,841,gpu_num,256
task_id,842,arriving_time,8138295.320237919
task_id,842,gpu_num,32
task_id,843,arriving_time,8145452.081676899
task_id,843,gpu_num,256
task_id,844,arriving_time,8160813.00625156
task_id,844,gpu_num,256
task_id,845,arriving_time,8181805.677770682
task_id,845,gpu_num,32
task_id,846,arriving_time,8186338.3553120075
task_id,846,gpu_num,256
task_id,847,arriving_time,8192226.793584827
task_id,847,gpu_num,32
task_id,848,arriving_time,8202005.736928947
task_id,848,gpu_num,32
task_id,849,arriving_time,8205664.1947754435
task_id,849,gpu_num,32
task_id,850,arriving_time,8209024.675714653
task_id,850,gpu_num,256
task_id,851,arriving_time,8210272.548603548
task_id,851,gpu_num,256
task_id,852,arriving_time,8212974.544079986
task_id,852,gpu_num,256
task_id,853,arriving_time,8234854.021324793
task_id,853,gpu_num,256
task_id,854,arriving_time,8236841.793118836
task_id,854,gpu_num,32
task_id,855,arriving_time,8237864.4140575975
task_id,855,gpu_num,256
task_id,856,arriving_time,8239642.776695165
task_id,856,gpu_num,32
task_id,857,arriving_time,8255588.747162959
task_id,857,gpu_num,32
task_id,858,arriving_time,8271337.920674147
task_id,858,gpu_num,32
task_id,859,arriving_time,8284902.627558403
task_id,859,gpu_num,32
task_id,860,arriving_time,8299358.063589832
task_id,860,gpu_num,32
task_id,861,arriving_time,8303799.30670857
task_id,861,gpu_num,32
task_id,862,arriving_time,8305627.069428491
task_id,862,gpu_num,32
task_id,863,arriving_time,8307104.83364968
task_id,863,gpu_num,32
task_id,864,arriving_time,8307794.408511403
task_id,864,gpu_num,32
task_id,865,arriving_time,8308902.55530997
task_id,865,gpu_num,32
task_id,866,arriving_time,8316050.984497768
task_id,866,gpu_num,32
task_id,867,arriving_time,8318106.412375889
task_id,867,gpu_num,32
task_id,868,arriving_time,8318273.059187796
task_id,868,gpu_num,32
task_id,869,arriving_time,8320932.32202388
task_id,869,gpu_num,32
task_id,870,arriving_time,8332789.343363629
task_id,870,gpu_num,32
task_id,871,arriving_time,8333050.983219517
task_id,871,gpu_num,32
task_id,872,arriving_time,8333856.07379301
task_id,872,gpu_num,32
task_id,873,arriving_time,8342234.693244954
task_id,873,gpu_num,32
task_id,874,arriving_time,8360753.718532431
task_id,874,gpu_num,32
task_id,875,arriving_time,8403679.462054724
task_id,875,gpu_num,32
task_id,876,arriving_time,8415375.24271036
task_id,876,gpu_num,32
task_id,877,arriving_time,8421490.243192116
task_id,877,gpu_num,32
task_id,878,arriving_time,8424867.2886555
task_id,878,gpu_num,32
task_id,879,arriving_time,8428265.15463637
task_id,879,gpu_num,32
task_id,880,arriving_time,8436427.88013419
task_id,880,gpu_num,32
task_id,881,arriving_time,8448622.225989422
task_id,881,gpu_num,32
task_id,882,arriving_time,8465555.417845877
task_id,882,gpu_num,32
task_id,883,arriving_time,8468313.673690362
task_id,883,gpu_num,32
task_id,884,arriving_time,8475007.604209773
task_id,884,gpu_num,32
task_id,885,arriving_time,8477529.7214355
task_id,885,gpu_num,32
task_id,886,arriving_time,8484290.562951514
task_id,886,gpu_num,32
task_id,887,arriving_time,8501855.937115872
task_id,887,gpu_num,32
task_id,888,arriving_time,8539866.783118777
task_id,888,gpu_num,256
task_id,889,arriving_time,8543334.522591347
task_id,889,gpu_num,32
task_id,890,arriving_time,8571589.011474099
task_id,890,gpu_num,256
task_id,891,arriving_time,8571777.408170173
task_id,891,gpu_num,512
task_id,892,arriving_time,8578657.241991514
task_id,892,gpu_num,256
task_id,893,arriving_time,8583015.818047341
task_id,893,gpu_num,256
task_id,894,arriving_time,8593536.182031963
task_id,894,gpu_num,256
task_id,895,arriving_time,8594989.181955379
task_id,895,gpu_num,512
task_id,896,arriving_time,8626096.777750647
task_id,896,gpu_num,32
task_id,897,arriving_time,8631363.915744497
task_id,897,gpu_num,256
task_id,898,arriving_time,8635216.858670639
task_id,898,gpu_num,512
task_id,899,arriving_time,8635309.662020467
task_id,899,gpu_num,256
task_id,900,arriving_time,8642676.556058181
task_id,900,gpu_num,256
task_id,901,arriving_time,8648074.894583536
task_id,901,gpu_num,32
task_id,902,arriving_time,8657938.886141542
task_id,902,gpu_num,512
task_id,903,arriving_time,8662381.37493109
task_id,903,gpu_num,32
task_id,904,arriving_time,8667737.722280059
task_id,904,gpu_num,32
task_id,905,arriving_time,8676447.423575005
task_id,905,gpu_num,32
task_id,906,arriving_time,8694317.870982682
task_id,906,gpu_num,32
task_id,907,arriving_time,8702971.578109417
task_id,907,gpu_num,32
task_id,908,arriving_time,8715555.43356296
task_id,908,gpu_num,32
task_id,909,arriving_time,8733351.30111946
task_id,909,gpu_num,32
task_id,910,arriving_time,8749589.36997371
task_id,910,gpu_num,32
task_id,911,arriving_time,8764909.483819734
task_id,911,gpu_num,32
task_id,912,arriving_time,8788599.418794643
task_id,912,gpu_num,32
task_id,913,arriving_time,8807238.59726381
task_id,913,gpu_num,32
task_id,914,arriving_time,8810885.574294189
task_id,914,gpu_num,32
task_id,915,arriving_time,8815432.55961635
task_id,915,gpu_num,32
task_id,916,arriving_time,8816477.166579137
task_id,916,gpu_num,32
task_id,917,arriving_time,8832663.632207911
task_id,917,gpu_num,32
task_id,918,arriving_time,8838632.164486894
task_id,918,gpu_num,32
task_id,919,arriving_time,8846838.720539961
task_id,919,gpu_num,32
task_id,920,arriving_time,8876054.591550991
task_id,920,gpu_num,32
task_id,921,arriving_time,8880602.751290444
task_id,921,gpu_num,32
task_id,922,arriving_time,8907434.39309359
task_id,922,gpu_num,32
task_id,923,arriving_time,8910124.736184409
task_id,923,gpu_num,32
task_id,924,arriving_time,8916620.087131815
task_id,924,gpu_num,32
task_id,925,arriving_time,8926628.935811974
task_id,925,gpu_num,32
task_id,926,arriving_time,8943336.933747426
task_id,926,gpu_num,32
task_id,927,arriving_time,8954146.486944843
task_id,927,gpu_num,32
task_id,928,arriving_time,8970885.106709562
task_id,928,gpu_num,32
task_id,929,arriving_time,8971544.465413118
task_id,929,gpu_num,32
task_id,930,arriving_time,8974570.9042708
task_id,930,gpu_num,32
task_id,931,arriving_time,8977597.975668037
task_id,931,gpu_num,32
task_id,932,arriving_time,8981958.316635443
task_id,932,gpu_num,32
task_id,933,arriving_time,8984383.08898341
task_id,933,gpu_num,32
task_id,934,arriving_time,8990058.6922255
task_id,934,gpu_num,32
task_id,935,arriving_time,8996475.032508679
task_id,935,gpu_num,32
task_id,936,arriving_time,9010219.042120026
task_id,936,gpu_num,32
task_id,937,arriving_time,9019210.564586006
task_id,937,gpu_num,32
task_id,938,arriving_time,9029800.33600801
task_id,938,gpu_num,32
task_id,939,arriving_time,9042345.736154946
task_id,939,gpu_num,32
task_id,940,arriving_time,9044416.68489732
task_id,940,gpu_num,32
task_id,941,arriving_time,9044459.74388899
task_id,941,gpu_num,32
task_id,942,arriving_time,9047332.891312001
task_id,942,gpu_num,32
task_id,943,arriving_time,9055061.349050837
task_id,943,gpu_num,32
task_id,944,arriving_time,9062935.95441123
task_id,944,gpu_num,32
task_id,945,arriving_time,9063811.062359422
task_id,945,gpu_num,32
task_id,946,arriving_time,9071421.689556347
task_id,946,gpu_num,32
task_id,947,arriving_time,9079349.10474286
task_id,947,gpu_num,32
task_id,948,arriving_time,9083969.23532808
task_id,948,gpu_num,32
task_id,949,arriving_time,9096828.886304414
task_id,949,gpu_num,32
task_id,950,arriving_time,9124672.995092921
task_id,950,gpu_num,32
task_id,951,arriving_time,9125683.990481408
task_id,951,gpu_num,32
task_id,952,arriving_time,9127060.882294467
task_id,952,gpu_num,32
task_id,953,arriving_time,9129041.97442485
task_id,953,gpu_num,32
task_id,954,arriving_time,9147480.689973695
task_id,954,gpu_num,256
task_id,955,arriving_time,9149278.153985595
task_id,955,gpu_num,256
task_id,956,arriving_time,9173419.297856117
task_id,956,gpu_num,32
task_id,957,arriving_time,9181766.059715807
task_id,957,gpu_num,32
task_id,958,arriving_time,9190106.248091713
task_id,958,gpu_num,32
task_id,959,arriving_time,9196120.56351144
task_id,959,gpu_num,32
task_id,960,arriving_time,9218481.760744765
task_id,960,gpu_num,32
task_id,961,arriving_time,9231370.031396436
task_id,961,gpu_num,32
task_id,962,arriving_time,9235696.317521192
task_id,962,gpu_num,32
task_id,963,arriving_time,9236373.191257823
task_id,963,gpu_num,32
task_id,964,arriving_time,9238479.733453242
task_id,964,gpu_num,32
task_id,965,arriving_time,9246513.719023624
task_id,965,gpu_num,32
task_id,966,arriving_time,9257422.34801445
task_id,966,gpu_num,256
task_id,967,arriving_time,9263347.437789423
task_id,967,gpu_num,32
task_id,968,arriving_time,9269428.94843985
task_id,968,gpu_num,1024
task_id,969,arriving_time,9315211.906689433
task_id,969,gpu_num,512
task_id,970,arriving_time,9335829.232262503
task_id,970,gpu_num,512
task_id,971,arriving_time,9340973.860641986
task_id,971,gpu_num,32
task_id,972,arriving_time,9356258.096624801
task_id,972,gpu_num,32
task_id,973,arriving_time,9370498.174203372
task_id,973,gpu_num,32
task_id,974,arriving_time,9376446.582548553
task_id,974,gpu_num,32
task_id,975,arriving_time,9377412.169015404
task_id,975,gpu_num,512
task_id,976,arriving_time,9388254.639705041
task_id,976,gpu_num,32
task_id,977,arriving_time,9407042.003143486
task_id,977,gpu_num,256
task_id,978,arriving_time,9409812.38403254
task_id,978,gpu_num,256
task_id,979,arriving_time,9422029.223341465
task_id,979,gpu_num,32
task_id,980,arriving_time,9427045.475740584
task_id,980,gpu_num,32
task_id,981,arriving_time,9428936.084931098
task_id,981,gpu_num,32
task_id,982,arriving_time,9430778.536174431
task_id,982,gpu_num,32
task_id,983,arriving_time,9432469.640095633
task_id,983,gpu_num,256
task_id,984,arriving_time,9440686.397505214
task_id,984,gpu_num,256
task_id,985,arriving_time,9445688.908048034
task_id,985,gpu_num,32
task_id,986,arriving_time,9454752.343105009
task_id,986,gpu_num,512
task_id,987,arriving_time,9462577.910844222
task_id,987,gpu_num,32
task_id,988,arriving_time,9463619.370136555
task_id,988,gpu_num,32
task_id,989,arriving_time,9476226.44896052
task_id,989,gpu_num,32
task_id,990,arriving_time,9479350.564410407
task_id,990,gpu_num,512
task_id,991,arriving_time,9485594.007220138
task_id,991,gpu_num,256
task_id,992,arriving_time,9509824.488676881
task_id,992,gpu_num,512
task_id,993,arriving_time,9544744.748158865
task_id,993,gpu_num,256
task_id,994,arriving_time,9545797.844804807
task_id,994,gpu_num,256
task_id,995,arriving_time,9577900.337391648
task_id,995,gpu_num,32
task_id,996,arriving_time,9591830.376644466
task_id,996,gpu_num,256
task_id,997,arriving_time,9611246.157922102
task_id,997,gpu_num,32
task_id,998,arriving_time,9614195.375293119
task_id,998,gpu_num,32
task_id,999,arriving_time,9616504.2239689
task_id,999,gpu_num,32
taskid,0,start_time,12867.299745159376
taskid,1,start_time,20757.463309194543
taskid,2,start_time,36703.71947988562
taskid,3,start_time,39314.40269747653
taskid,4,start_time,53763.33864659006
taskid,2,finish_time,59874.73415317126
taskid,5,start_time,59874.73415317126
taskid,6,start_time,64592.48991536435
taskid,3,finish_time,70742.17374568677
taskid,6,finish_time,70982.61005579749
taskid,5,finish_time,74361.73339643063
taskid,7,start_time,87383.04756362877
taskid,8,start_time,96122.58237961843
taskid,9,start_time,105991.921917815
taskid,9,finish_time,111524.06154389866
taskid,10,start_time,133262.11076141917
taskid,11,start_time,144027.68396539337
taskid,11,finish_time,145035.47950274617
taskid,12,start_time,150034.87378782054
taskid,12,finish_time,181079.27905678356
taskid,13,start_time,181079.27905678356
taskid,13,finish_time,187503.4048584201
taskid,14,start_time,187503.4048584201
taskid,14,finish_time,188239.78980971398
taskid,15,start_time,188239.78980971398
taskid,1,finish_time,189666.14336743066
taskid,16,start_time,189666.14336743066
taskid,16,finish_time,190211.12796219822
taskid,15,finish_time,192199.38997615813
taskid,17,start_time,204898.68907378506
taskid,17,finish_time,205951.28554450072
taskid,18,start_time,210608.1602095927
taskid,18,finish_time,211424.45064786685
taskid,19,start_time,217790.1372905935
taskid,20,start_time,228928.29734450328
taskid,10,finish_time,242321.5836884812
taskid,21,start_time,242321.5836884812
taskid,22,start_time,242321.5836884812
taskid,21,finish_time,245353.64343965222
taskid,22,finish_time,246962.85424915695
taskid,23,start_time,246962.85424915695
taskid,8,finish_time,257785.83952269063
taskid,24,start_time,257785.83952269063
taskid,25,start_time,257785.83952269063
taskid,26,start_time,257785.83952269063
taskid,24,finish_time,258547.3524993831
taskid,26,finish_time,258823.83462604933
taskid,4,finish_time,261978.0606985237
taskid,27,start_time,261978.0606985237
taskid,28,start_time,261978.0606985237
taskid,29,start_time,261978.0606985237
taskid,29,finish_time,262681.58751378814
taskid,28,finish_time,263002.2573377
taskid,25,finish_time,268112.1417492791
taskid,30,start_time,271829.61600860726
taskid,27,finish_time,272526.6828355632
taskid,31,start_time,276369.48258604156
taskid,30,finish_time,277643.87523351674
taskid,32,start_time,279140.4096332961
taskid,33,start_time,279722.96837792115
taskid,31,finish_time,281541.40311803203
taskid,33,finish_time,281983.7454702568
taskid,34,start_time,283451.71256853006
taskid,34,finish_time,285160.5460015466
taskid,32,finish_time,286033.85778636497
taskid,7,finish_time,286515.3771023661
taskid,35,start_time,288297.9881302354
taskid,35,finish_time,290326.18174911354
taskid,0,finish_time,294863.61045579717
taskid,36,start_time,334083.58569492586
taskid,37,start_time,334168.80884638074
taskid,36,finish_time,336327.721824185
taskid,37,finish_time,339608.7716591432
taskid,38,start_time,343085.3919508923
taskid,38,finish_time,350853.4956290006
taskid,39,start_time,352347.6559462058
taskid,40,start_time,352409.1054971437
taskid,39,finish_time,354554.7543618208
taskid,40,finish_time,354611.1003133267
taskid,41,start_time,354917.743841677
taskid,42,start_time,356412.0173963537
taskid,41,finish_time,356567.7998123185
taskid,43,start_time,358346.0448647987
taskid,42,finish_time,358613.83526639134
taskid,19,finish_time,359589.90055902506
taskid,43,finish_time,360086.57086537784
taskid,20,finish_time,368274.19900741085
taskid,44,start_time,390520.17231747916
taskid,44,finish_time,392079.597174041
taskid,45,start_time,394115.3804643359
taskid,23,finish_time,396004.41054091696
taskid,45,finish_time,396388.039530894
taskid,46,start_time,410095.5628542935
taskid,46,finish_time,411993.5606089911
taskid,47,start_time,422838.4230282599
taskid,47,finish_time,423586.9516512052
taskid,48,start_time,424771.64983164315
taskid,48,finish_time,427003.4612412346
taskid,49,start_time,441422.9418144543
taskid,49,finish_time,443117.63693992735
taskid,50,start_time,450940.15622801334
taskid,50,finish_time,453099.69196874544
taskid,51,start_time,479806.87529018003
taskid,51,finish_time,481570.0186719271
taskid,52,start_time,488187.0010531615
taskid,52,finish_time,489179.96584112087
taskid,53,start_time,501939.1647027237
taskid,53,finish_time,502960.64695019525
taskid,54,start_time,504870.7688154193
taskid,54,finish_time,505877.2698286985
taskid,55,start_time,514601.4239117865
taskid,55,finish_time,520064.9275338965
taskid,56,start_time,527238.5188736985
taskid,57,start_time,529366.7006521041
taskid,58,start_time,531933.0236429825
taskid,59,start_time,533247.0673541572
taskid,56,finish_time,534606.5829893083
taskid,58,finish_time,538244.4728725987
taskid,59,finish_time,538756.0160818206
taskid,60,start_time,549997.2205663851
taskid,61,start_time,552288.0331786851
taskid,61,finish_time,553297.2516514059
taskid,60,finish_time,554030.3888803202
taskid,62,start_time,561701.8562216661
taskid,62,finish_time,563908.8897918339
taskid,63,start_time,564822.5601545947
taskid,63,finish_time,566995.5928800504
taskid,64,start_time,586617.076392653
taskid,64,finish_time,587630.6820814634
taskid,65,start_time,590474.6852691825
taskid,66,start_time,600120.9410760427
taskid,65,finish_time,600469.4822978314
taskid,66,finish_time,602318.6245367586
taskid,67,start_time,604600.2075638777
taskid,67,finish_time,606374.8191837621
taskid,68,start_time,611670.2106950926
taskid,68,finish_time,613432.1863479847
taskid,69,start_time,634310.1081430415
taskid,69,finish_time,635912.2761612738
taskid,70,start_time,653007.3918866633
taskid,71,start_time,653957.6013669835
taskid,72,start_time,656149.6268876364
taskid,73,start_time,656974.2435709076
taskid,73,finish_time,660639.3615809517
taskid,72,finish_time,661194.5183009481
taskid,70,finish_time,662504.5042440781
taskid,74,start_time,664756.8106597783
taskid,71,finish_time,668955.6988583389
taskid,74,finish_time,674356.3995491648
taskid,75,start_time,680391.4317585266
taskid,75,finish_time,682939.0685048705
taskid,76,start_time,704069.5409936748
taskid,77,start_time,723555.3189416766
taskid,77,finish_time,724158.600294015
taskid,78,start_time,726085.5956186124
taskid,78,finish_time,730594.5325407865
taskid,79,start_time,733994.4853282545
taskid,79,finish_time,734897.7922326908
taskid,80,start_time,746566.5930116654
taskid,81,start_time,750319.6482402862
taskid,82,start_time,752886.7598979793
taskid,81,finish_time,753204.6655133513
taskid,83,start_time,784719.5964594429
taskid,83,finish_time,785541.98819475
taskid,82,finish_time,787188.9709032654
taskid,80,finish_time,811678.1342990056
taskid,84,start_time,843424.5865805951
taskid,84,finish_time,844247.2145355461
taskid,85,start_time,848181.7776678673
taskid,86,start_time,856705.2364717042
taskid,87,start_time,860018.6073258932
taskid,85,finish_time,865031.2398245728
taskid,88,start_time,882281.4126809496
taskid,76,finish_time,893896.0938284227
taskid,57,finish_time,910320.9434323325
taskid,89,start_time,914871.0509595716
taskid,90,start_time,922109.4499350081
taskid,90,finish_time,922792.5268416372
taskid,91,start_time,922912.4777253594
taskid,86,finish_time,927425.695523649
taskid,92,start_time,930677.6516544026
taskid,92,finish_time,935325.5248976172
taskid,91,finish_time,937276.8907966353
taskid,93,start_time,946169.4994828043
taskid,93,finish_time,948338.5132441631
taskid,94,start_time,964670.8669580009
taskid,94,finish_time,978193.1508778143
taskid,89,finish_time,984683.1411572254
taskid,95,start_time,985164.4119758558
taskid,96,start_time,986934.3411947398
taskid,88,finish_time,1035047.7093073927
taskid,97,start_time,1035047.7093073927
taskid,97,finish_time,1035746.863079969
taskid,98,start_time,1035746.863079969
taskid,99,start_time,1035746.863079969
taskid,87,finish_time,1038904.6795963723
taskid,100,start_time,1038904.6795963723
taskid,99,finish_time,1041137.1364256487
taskid,101,start_time,1041137.1364256487
taskid,101,finish_time,1053512.4555340172
taskid,102,start_time,1053512.4555340172
taskid,98,finish_time,1080717.5633846044
taskid,102,finish_time,1084926.3819382614
taskid,103,start_time,1096958.673210536
taskid,100,finish_time,1103587.3629879334
taskid,95,finish_time,1104488.826976953
taskid,104,start_time,1104902.1027577266
taskid,104,finish_time,1109810.31798887
taskid,105,start_time,1111728.207334103
taskid,106,start_time,1114073.4069065468
taskid,103,finish_time,1128199.872847107
taskid,107,start_time,1137784.5523829772
taskid,105,finish_time,1143030.9476884801
taskid,106,finish_time,1145725.939805519
taskid,108,start_time,1146041.015629496
taskid,109,start_time,1147503.3864863678
taskid,110,start_time,1148964.5207374515
taskid,107,finish_time,1149746.0545864636
taskid,111,start_time,1152049.2134365146
taskid,109,finish_time,1153177.2688095942
taskid,112,start_time,1153962.842046181
taskid,112,finish_time,1160079.6677801644
taskid,108,finish_time,1160638.7606088351
taskid,113,start_time,1162050.9005614924
taskid,110,finish_time,1164033.1894134951
taskid,111,finish_time,1175055.7167377993
taskid,114,start_time,1175290.3415915158
taskid,113,finish_time,1179547.8865657905
taskid,114,finish_time,1179937.0326086388
taskid,115,start_time,1196380.2364157708
taskid,116,start_time,1211434.9062568175
taskid,116,finish_time,1212270.0523513642
taskid,117,start_time,1228382.7141390238
taskid,118,start_time,1229091.1252309235
taskid,117,finish_time,1229319.01452751
taskid,118,finish_time,1229898.1811004544
taskid,115,finish_time,1230569.715336285
taskid,119,start_time,1263592.4686016021
taskid,120,start_time,1264271.9169975165
taskid,119,finish_time,1264594.6631275648
taskid,120,finish_time,1265283.245121087
taskid,121,start_time,1266874.0044050997
taskid,121,finish_time,1267717.5128885785
taskid,122,start_time,1269773.477461467
taskid,122,finish_time,1270802.6824838119
taskid,123,start_time,1289974.0341952809
taskid,123,finish_time,1290833.089038559
taskid,124,start_time,1301193.8403444716
taskid,125,start_time,1301532.1260744487
taskid,126,start_time,1301990.0213324376
taskid,125,finish_time,1302354.6374530848
taskid,126,finish_time,1302764.825545615
taskid,127,start_time,1303910.2945570927
taskid,127,finish_time,1304698.1485539651
taskid,128,start_time,1306595.6120851801
taskid,128,finish_time,1307369.6262177338
taskid,124,finish_time,1321892.086141715
taskid,129,start_time,1338777.5053204137
taskid,129,finish_time,1339758.098868598
taskid,130,start_time,1353099.8328298957
taskid,130,finish_time,1354080.9376574236
taskid,131,start_time,1355775.6308679064
taskid,132,start_time,1357231.922276468
taskid,133,start_time,1374803.5605080973
taskid,134,start_time,1376497.716923574
taskid,133,finish_time,1380365.4660441268
taskid,131,finish_time,1380520.8579540872
taskid,134,finish_time,1390061.6209708564
taskid,135,start_time,1404319.7485555976
taskid,136,start_time,1407314.8476298566
taskid,96,finish_time,1409824.3345731178
taskid,137,start_time,1411374.585585506
taskid,135,finish_time,1418157.5917093793
taskid,136,finish_time,1418333.6993267355
taskid,137,finish_time,1428789.1490117626
taskid,132,finish_time,1429799.8088626612
taskid,138,start_time,1433915.8141883113
taskid,138,finish_time,1434688.9566313918
taskid,139,start_time,1445094.467111298
taskid,140,start_time,1446694.7544975665
taskid,140,finish_time,1449160.4310117282
taskid,141,start_time,1453234.3601578877
taskid,139,finish_time,1458895.4047700397
taskid,142,start_time,1466604.7328421792
taskid,143,start_time,1473914.2006817316
taskid,142,finish_time,1476056.1571917173
taskid,144,start_time,1479365.4320845462
taskid,144,finish_time,1480151.8009615561
taskid,145,start_time,1481798.4542380483
taskid,145,finish_time,1485196.3930682838
taskid,146,start_time,1496529.1184158348
taskid,146,finish_time,1497306.607732424
taskid,141,finish_time,1502267.8610672064
taskid,147,start_time,1508669.28637939
taskid,147,finish_time,1521383.6946479972
taskid,143,finish_time,1531165.3398380252
taskid,148,start_time,1552065.3098147903
taskid,148,finish_time,1557862.3077781084
taskid,149,start_time,1561640.5026268307
taskid,150,start_time,1563538.6112402894
taskid,149,finish_time,1563663.3763062651
taskid,150,finish_time,1563986.1060415327
taskid,151,start_time,1572006.4544576386
taskid,151,finish_time,1572702.416031284
taskid,152,start_time,1580435.2956537898
taskid,153,start_time,1581938.5577339036
taskid,154,start_time,1586592.0202270546
taskid,153,finish_time,1592638.904858612
taskid,155,start_time,1605342.0273296195
taskid,156,start_time,1608989.1212925087
taskid,155,finish_time,1611824.9420276233
taskid,156,finish_time,1617048.4789509168
taskid,152,finish_time,1624283.7149661111
taskid,157,start_time,1629397.6499090423
taskid,158,start_time,1634180.9210190591
taskid,158,finish_time,1635020.119458411
taskid,157,finish_time,1637673.4521728856
taskid,159,start_time,1649046.7433889227
taskid,159,finish_time,1649763.78339359
taskid,160,start_time,1650298.6640515525
taskid,161,start_time,1660337.3349400333
taskid,161,finish_time,1661332.3169896218
taskid,162,start_time,1664341.5861404398
taskid,162,finish_time,1665243.2029468277
taskid,163,start_time,1668383.3669356063
taskid,163,finish_time,1673418.3418495853
taskid,160,finish_time,1683057.4716424893
taskid,164,start_time,1688092.076000437
taskid,164,finish_time,1693707.7130986222
taskid,165,start_time,1701465.9402145755
taskid,166,start_time,1704000.1728309481
taskid,167,start_time,1705075.3623736063
taskid,167,finish_time,1705888.4233911866
taskid,166,finish_time,1707111.5233277157
taskid,168,start_time,1709557.6478653355
taskid,169,start_time,1720480.582351525
taskid,165,finish_time,1721745.6500518622
taskid,170,start_time,1739738.8835418639
taskid,168,finish_time,1740335.2962180763
taskid,171,start_time,1746280.473374889
taskid,171,finish_time,1747283.3836789585
taskid,169,finish_time,1754706.7383452214
taskid,172,start_time,1777991.8796426184
taskid,172,finish_time,1779042.225898638
taskid,173,start_time,1779479.1614528096
taskid,170,finish_time,1782782.025820985
taskid,174,start_time,1784308.590496285
taskid,174,finish_time,1787942.9070631065
taskid,175,start_time,1793835.5859166083
taskid,175,finish_time,1794576.1004605263
taskid,176,start_time,1799752.7453609726
taskid,176,finish_time,1800745.7181175968
taskid,177,start_time,1839623.907312766
taskid,177,finish_time,1840374.7022774804
taskid,178,start_time,1842634.169863129
taskid,179,start_time,1861464.6398088257
taskid,180,start_time,1865084.45057461
taskid,179,finish_time,1866164.7666244516
taskid,181,start_time,1868891.1626739902
taskid,180,finish_time,1870852.7881696955
taskid,178,finish_time,1874151.011304536
taskid,182,start_time,1884269.4263602109
taskid,183,start_time,1889229.5038736868
taskid,182,finish_time,1892893.213659475
taskid,184,start_time,1895340.3903408693
taskid,184,finish_time,1899662.6633140673
taskid,183,finish_time,1903417.6828337228
taskid,185,start_time,1909892.477766842
taskid,185,finish_time,1910438.7824273654
taskid,186,start_time,1910968.0887186616
taskid,186,finish_time,1914993.2518951264
taskid,187,start_time,1917429.8341504203
taskid,187,finish_time,1918327.1856865704
taskid,173,finish_time,1923840.711205708
taskid,188,start_time,1926880.21778983
taskid,188,finish_time,1927911.9696433346
taskid,189,start_time,1939593.8089390653
taskid,189,finish_time,1940581.156553486
taskid,190,start_time,1941648.179993121
taskid,190,finish_time,1942257.9082176266
taskid,191,start_time,1963082.0765966468
taskid,191,finish_time,1963976.1231021874
taskid,192,start_time,1965230.2104108187
taskid,192,finish_time,1966391.8622393499
taskid,193,start_time,1966801.9909223209
taskid,193,finish_time,1975394.9264073854
taskid,194,start_time,1975658.697721554
taskid,195,start_time,1996885.1124177442
taskid,196,start_time,1997030.2061333726
taskid,195,finish_time,1997899.3278168992
taskid,197,start_time,2002305.2454579698
taskid,197,finish_time,2006800.496866692
taskid,198,start_time,2007012.2098082204
taskid,196,finish_time,2013666.636161826
taskid,194,finish_time,2016253.1569408746
taskid,198,finish_time,2017728.0964827647
taskid,199,start_time,2031977.9024645556
taskid,200,start_time,2038348.9705987298
taskid,201,start_time,2040907.9263096305
taskid,199,finish_time,2045631.887826087
taskid,202,start_time,2052500.592031075
taskid,202,finish_time,2054591.5223124612
taskid,203,start_time,2069066.6185500843
taskid,203,finish_time,2076082.9826649951
taskid,204,start_time,2094251.7990289852
taskid,204,finish_time,2096250.7146726656
taskid,201,finish_time,2116260.0061627855
taskid,205,start_time,2122662.7959344736
taskid,205,finish_time,2123275.7746938304
taskid,200,finish_time,2123302.004072508
taskid,206,start_time,2135259.6311453637
taskid,207,start_time,2135470.614661749
taskid,206,finish_time,2135960.8524198364
taskid,207,finish_time,2136085.7977553667
taskid,208,start_time,2154178.685537746
taskid,209,start_time,2169659.800770159
taskid,209,finish_time,2170448.8267342346
taskid,210,start_time,2171954.463500686
taskid,210,finish_time,2172873.27990216
taskid,154,finish_time,2178757.2339388994
taskid,211,start_time,2178970.3450204274
taskid,211,finish_time,2181662.400117305
taskid,212,start_time,2201054.0577889206
taskid,213,start_time,2206112.1530266553
taskid,214,start_time,2206302.575642129
taskid,213,finish_time,2209681.9221225595
taskid,215,start_time,2218179.1179550616
taskid,212,finish_time,2226223.3188240575
taskid,216,start_time,2226223.3188240575
taskid,216,finish_time,2229470.8288091626
taskid,217,start_time,2229470.8288091626
taskid,208,finish_time,2240263.526529884
taskid,181,finish_time,2245872.10478782
taskid,217,finish_time,2258877.9281582097
taskid,218,start_time,2269023.121675446
taskid,219,start_time,2269378.6389353876
taskid,219,finish_time,2271409.9150044755
taskid,220,start_time,2275124.575747117
taskid,220,finish_time,2287739.716405031
taskid,221,start_time,2290385.3646418364
taskid,218,finish_time,2292573.814426785
taskid,221,finish_time,2293412.4198492295
taskid,222,start_time,2311576.4689993113
taskid,222,finish_time,2313685.843661595
taskid,223,start_time,2339952.06919764
taskid,223,finish_time,2343905.8498802623
taskid,224,start_time,2365226.494556968
taskid,224,finish_time,2368803.795792251
taskid,225,start_time,2386839.58193377
taskid,226,start_time,2413997.2988400096
taskid,226,finish_time,2414760.441760011
taskid,227,start_time,2430192.0369873494
taskid,227,finish_time,2439399.5418350603
taskid,225,finish_time,2440443.850632183
taskid,228,start_time,2442054.545622251
taskid,228,finish_time,2445295.6401289785
taskid,229,start_time,2456824.7591165393
taskid,229,finish_time,2457986.0638662833
taskid,230,start_time,2463240.512317516
taskid,230,finish_time,2464182.6567462776
taskid,231,start_time,2469064.1742922734
taskid,231,finish_time,2469917.4290999346
taskid,232,start_time,2479729.080588161
taskid,233,start_time,2479911.4342049304
taskid,232,finish_time,2480742.375174742
taskid,234,start_time,2485028.0630854038
taskid,233,finish_time,2485650.9450654946
taskid,235,start_time,2495517.345682961
taskid,235,finish_time,2496106.7334653307
taskid,236,start_time,2500051.0591644654
taskid,236,finish_time,2500780.725218123
taskid,234,finish_time,2504501.7114395634
taskid,237,start_time,2513943.0251307897
taskid,238,start_time,2514630.0215178686
taskid,237,finish_time,2515105.546091238
taskid,238,finish_time,2515493.10014471
taskid,239,start_time,2517800.5218327125
taskid,239,finish_time,2518502.848073359
taskid,240,start_time,2537299.827098414
taskid,240,finish_time,2537872.791977232
taskid,241,start_time,2538690.8430815954
taskid,241,finish_time,2553403.9457984315
taskid,242,start_time,2553868.280777256
taskid,242,finish_time,2554533.9531251555
taskid,243,start_time,2558503.1225884287
taskid,243,finish_time,2558919.1840521106
taskid,244,start_time,2569639.0858251336
taskid,244,finish_time,2570390.960291076
taskid,245,start_time,2572194.2584374286
taskid,246,start_time,2573358.0968507566
taskid,247,start_time,2581412.455141896
taskid,247,finish_time,2582051.158908352
taskid,248,start_time,2582767.350770155
taskid,249,start_time,2584050.110056896
taskid,249,finish_time,2593270.3719159146
taskid,250,start_time,2594375.3813074697
taskid,251,start_time,2600577.5147699136
taskid,250,finish_time,2604575.39785669
taskid,251,finish_time,2610771.7724247174
taskid,214,finish_time,2615066.149445914
taskid,252,start_time,2640092.0788425514
taskid,253,start_time,2641236.532981862
taskid,254,start_time,2642688.6813424015
taskid,255,start_time,2642813.299515324
taskid,255,finish_time,2643726.4734869567
taskid,252,finish_time,2648288.013488779
taskid,256,start_time,2648812.810501488
taskid,257,start_time,2650303.7185242586
taskid,257,finish_time,2651087.3317916784
taskid,253,finish_time,2651409.4912427575
taskid,258,start_time,2653669.9393888144
taskid,259,start_time,2661056.474860229
taskid,259,finish_time,2661975.5024304823
taskid,260,start_time,2662039.7665053825
taskid,260,finish_time,2662745.774341159
taskid,261,start_time,2670893.221518058
taskid,261,finish_time,2671875.5002900404
taskid,262,start_time,2676219.4061307353
taskid,262,finish_time,2680635.064001179
taskid,263,start_time,2687181.604368587
taskid,263,finish_time,2688150.7513170904
taskid,264,start_time,2695213.848525588
taskid,264,finish_time,2695966.137510887
taskid,265,start_time,2698208.2183390106
taskid,265,finish_time,2699206.0170771363
taskid,245,finish_time,2713268.884123156
taskid,266,start_time,2721065.9082458415
taskid,267,start_time,2721680.350180846
taskid,266,finish_time,2721816.5268538347
taskid,267,finish_time,2722401.4748094515
taskid,268,start_time,2722510.053648714
taskid,268,finish_time,2723452.5817734497
taskid,269,start_time,2724469.5535025904
taskid,269,finish_time,2725567.552824213
taskid,270,start_time,2728124.5706458357
taskid,270,finish_time,2729099.4649891057
taskid,271,start_time,2729604.05024038
taskid,272,start_time,2732044.7101849606
taskid,273,start_time,2733771.0467170877
taskid,271,finish_time,2734867.700862981
taskid,272,finish_time,2736518.8729256354
taskid,273,finish_time,2741858.1115907943
taskid,274,start_time,2759885.405510502
taskid,274,finish_time,2764373.3958484847
taskid,275,start_time,2773039.5536488257
taskid,275,finish_time,2775575.0051800963
taskid,276,start_time,2777713.376791132
taskid,276,finish_time,2778671.7670055614
taskid,258,finish_time,2783319.5367260277
taskid,277,start_time,2822469.245280897
taskid,256,finish_time,2823694.0603503343
taskid,277,finish_time,2825028.1343135037
taskid,215,finish_time,2827859.036032454
taskid,278,start_time,2863129.932481149
taskid,279,start_time,2872649.929742537
taskid,279,finish_time,2875449.855323735
taskid,280,start_time,2889477.4146464933
taskid,280,finish_time,2890434.557776316
taskid,281,start_time,2890961.8145966767
taskid,281,finish_time,2891767.1898365538
taskid,282,start_time,2896170.3420881396
taskid,282,finish_time,2897010.074553623
taskid,278,finish_time,2908381.631067536
taskid,283,start_time,2915334.1582146552
taskid,284,start_time,2915352.2731498918
taskid,285,start_time,2916075.414156135
taskid,284,finish_time,2916213.0252320655
taskid,283,finish_time,2916349.2281265776
taskid,285,finish_time,2916796.5881810747
taskid,286,start_time,2921384.3561176565
taskid,286,finish_time,2923064.06005767
taskid,287,start_time,2925475.620421801
taskid,287,finish_time,2926044.399227422
taskid,288,start_time,2926991.5112262308
taskid,288,finish_time,2927763.3119736514
taskid,289,start_time,2939119.7639585636
taskid,290,start_time,2940333.4538665647
taskid,289,finish_time,2947434.9002501857
taskid,290,finish_time,2947856.4203954767
taskid,291,start_time,2964831.6576605537
taskid,292,start_time,2965396.273982626
taskid,292,finish_time,2971837.444348562
taskid,291,finish_time,2973218.531205199
taskid,293,start_time,2977079.987169225
taskid,293,finish_time,2987350.1862738794
taskid,294,start_time,3002942.802668231
taskid,248,finish_time,3005281.9258269705
taskid,294,finish_time,3005360.0195622058
taskid,295,start_time,3006710.542680146
taskid,295,finish_time,3007540.634410577
taskid,296,start_time,3011752.769766681
taskid,297,start_time,3012025.2475256766
taskid,296,finish_time,3012761.307184238
taskid,298,start_time,3013516.4167505526
taskid,298,finish_time,3016788.054923888
taskid,297,finish_time,3018030.2399357376
taskid,299,start_time,3030562.6806409354
taskid,299,finish_time,3031168.760762841
taskid,300,start_time,3031544.314271654
taskid,301,start_time,3035500.230516366
taskid,302,start_time,3036614.931369674
taskid,303,start_time,3049809.6819232544
taskid,303,finish_time,3050547.7718247753
taskid,304,start_time,3054059.545638218
taskid,304,finish_time,3054819.4944159747
taskid,305,start_time,3062257.647929514
taskid,301,finish_time,3122518.214350613
taskid,306,start_time,3122518.214350613
taskid,307,start_time,3122518.214350613
taskid,306,finish_time,3134828.298914507
taskid,308,start_time,3134828.298914507
taskid,302,finish_time,3142378.467232994
taskid,309,start_time,3142378.467232994
taskid,308,finish_time,3150225.769003546
taskid,309,finish_time,3150878.121581058
taskid,307,finish_time,3159528.7013474638
taskid,310,start_time,3159528.7013474638
taskid,310,finish_time,3162826.7915657926
taskid,311,start_time,3162826.7915657926
taskid,312,start_time,3162826.7915657926
taskid,313,start_time,3162826.7915657926
taskid,314,start_time,3162826.7915657926
taskid,315,start_time,3162826.7915657926
taskid,316,start_time,3162826.7915657926
taskid,313,finish_time,3163577.6912707714
taskid,312,finish_time,3163598.344723859
taskid,311,finish_time,3163646.7188018765
taskid,315,finish_time,3166397.6325215325
taskid,317,start_time,3166410.626916158
taskid,317,finish_time,3172793.0491745695
taskid,318,start_time,3172793.0491745695
taskid,246,finish_time,3173199.6391344024
taskid,319,start_time,3175795.4738882235
taskid,319,finish_time,3176638.2126355455
taskid,316,finish_time,3176980.116343577
taskid,300,finish_time,3182428.6310202163
taskid,305,finish_time,3184302.6035517715
taskid,314,finish_time,3189997.441109984
taskid,320,start_time,3192785.5794484387
taskid,321,start_time,3193042.103689615
taskid,320,finish_time,3193436.4970882502
taskid,321,finish_time,3193845.8501568246
taskid,318,finish_time,3198174.786547292
taskid,322,start_time,3202485.676165917
taskid,323,start_time,3205549.6246779924
taskid,322,finish_time,3207161.5348146018
taskid,323,finish_time,3208158.660359418
taskid,324,start_time,3220020.409450644
taskid,324,finish_time,3230944.3288248605
taskid,325,start_time,3233117.124955167
taskid,326,start_time,3239297.4590294594
taskid,325,finish_time,3241686.2089141756
taskid,254,finish_time,3241865.0544051267
taskid,327,start_time,3245466.634077913
taskid,328,start_time,3245720.747194927
taskid,329,start_time,3246967.101800908
taskid,330,start_time,3247376.744817537
taskid,326,finish_time,3249894.976347603
taskid,327,finish_time,3255250.1849649185
taskid,328,finish_time,3256695.39925876
taskid,329,finish_time,3258418.764071516
taskid,330,finish_time,3259991.0026743957
taskid,331,start_time,3276088.013664318
taskid,332,start_time,3284273.2393283923
taskid,331,finish_time,3285292.3813368767
taskid,332,finish_time,3292319.714839623
taskid,333,start_time,3296479.8531223848
taskid,334,start_time,3306201.0581858237
taskid,333,finish_time,3307258.3693413544
taskid,335,start_time,3315526.1484039854
taskid,334,finish_time,3321270.5214264053
taskid,336,start_time,3324646.817325925
taskid,337,start_time,3333499.8544492475
taskid,337,finish_time,3334267.683252217
taskid,338,start_time,3337474.2634796505
taskid,338,finish_time,3338460.418476054
taskid,336,finish_time,3339895.5375658567
taskid,339,start_time,3341643.164823391
taskid,339,finish_time,3342622.0756793865
taskid,340,start_time,3344936.241259325
taskid,341,start_time,3355620.597018997
taskid,342,start_time,3355983.148404685
taskid,342,finish_time,3356919.4074471984
taskid,343,start_time,3357433.893489208
taskid,343,finish_time,3358243.1604956873
taskid,340,finish_time,3359548.3670463148
taskid,335,finish_time,3360692.6477173143
taskid,344,start_time,3368597.7865234553
taskid,344,finish_time,3369593.7298880867
taskid,345,start_time,3371665.511072833
taskid,341,finish_time,3380956.744974329
taskid,346,start_time,3383623.367971018
taskid,346,finish_time,3384404.5353503516
taskid,347,start_time,3396717.104712884
taskid,347,finish_time,3398014.537280473
taskid,348,start_time,3406139.198234313
taskid,349,start_time,3406630.5794444047
taskid,349,finish_time,3407386.589070067
taskid,350,start_time,3410728.720398055
taskid,350,finish_time,3411382.74985866
taskid,351,start_time,3413886.169148785
taskid,351,finish_time,3414602.010639975
taskid,348,finish_time,3420777.739007379
taskid,352,start_time,3435435.487495011
taskid,353,start_time,3456683.4820068697
taskid,353,finish_time,3457496.496288881
taskid,354,start_time,3464477.96064649
taskid,354,finish_time,3465495.737676013
taskid,355,start_time,3467746.4501306885
taskid,355,finish_time,3468707.502527815
taskid,356,start_time,3484256.017715876
taskid,356,finish_time,3486113.7663709894
taskid,352,finish_time,3488013.321581206
taskid,357,start_time,3494986.024467092
taskid,357,finish_time,3495535.785907911
taskid,358,start_time,3499075.553164045
taskid,359,start_time,3509440.7821291997
taskid,359,finish_time,3510802.928370897
taskid,358,finish_time,3512788.763237396
taskid,360,start_time,3515971.9886770793
taskid,360,finish_time,3516720.9862749693
taskid,361,start_time,3526900.3563446584
taskid,361,finish_time,3531473.265939195
taskid,362,start_time,3533541.2359584477
taskid,362,finish_time,3534341.2105929554
taskid,363,start_time,3536438.1392939487
taskid,363,finish_time,3537491.646466777
taskid,364,start_time,3548305.8940186617
taskid,364,finish_time,3549827.087331408
taskid,365,start_time,3577930.3273259797
taskid,365,finish_time,3580172.803506399
taskid,366,start_time,3591116.357291254
taskid,366,finish_time,3593359.3458379917
taskid,367,start_time,3594111.855108997
taskid,368,start_time,3595305.729481932
taskid,367,finish_time,3595918.5233672084
taskid,368,finish_time,3597111.5978331584
taskid,369,start_time,3598633.460516091
taskid,369,finish_time,3600876.458777771
taskid,370,start_time,3604432.7451718003
taskid,370,finish_time,3606675.136539704
taskid,371,start_time,3608189.9100604905
taskid,371,finish_time,3608818.4566431744
taskid,372,start_time,3619384.952926445
taskid,373,start_time,3619593.0548631414
taskid,374,start_time,3620466.0280125854
taskid,373,finish_time,3620942.1255521257
taskid,374,finish_time,3621766.045724399
taskid,372,finish_time,3627508.8626636565
taskid,375,start_time,3639407.01856339
taskid,375,finish_time,3640597.479724382
taskid,376,start_time,3652560.2719837218
taskid,376,finish_time,3653131.660050063
taskid,377,start_time,3668068.6740531153
taskid,377,finish_time,3669318.9151411583
taskid,378,start_time,3671477.521386665
taskid,378,finish_time,3672520.2224213597
taskid,379,start_time,3675362.3098581964
taskid,379,finish_time,3676200.657525382
taskid,380,start_time,3730998.787042582
taskid,381,start_time,3732200.2789004124
taskid,380,finish_time,3732249.2842257763
taskid,381,finish_time,3733550.4194222554
taskid,382,start_time,3740153.206623727
taskid,382,finish_time,3742138.958916128
taskid,383,start_time,3748315.8336905185
taskid,383,finish_time,3749643.817962248
taskid,384,start_time,3751098.5855997223
taskid,384,finish_time,3752293.962296267
taskid,385,start_time,3752895.1401460865
taskid,385,finish_time,3754853.453355869
taskid,386,start_time,3756208.6169323125
taskid,387,start_time,3757663.786888914
taskid,386,finish_time,3758560.027875764
taskid,387,finish_time,3758876.2213731697
taskid,388,start_time,3766742.9029435124
taskid,388,finish_time,3768065.3712965287
taskid,389,start_time,3774007.1560051013
taskid,389,finish_time,3774604.371031858
taskid,390,start_time,3782797.012982637
taskid,390,finish_time,3785234.5262165447
taskid,391,start_time,3790823.7236386817
taskid,391,finish_time,3792425.7339841407
taskid,392,start_time,3811751.500840976
taskid,392,finish_time,3812267.861382381
taskid,393,start_time,3813050.3330752184
taskid,393,finish_time,3817245.3199928277
taskid,394,start_time,3830375.0111381984
taskid,394,finish_time,3831401.5656319954
taskid,395,start_time,3833397.3552725473
taskid,395,finish_time,3835386.6298329188
taskid,396,start_time,3855787.353061173
taskid,396,finish_time,3858017.9552316302
taskid,397,start_time,3860356.3732761564
taskid,397,finish_time,3861851.847429131
taskid,398,start_time,3866231.4294594624
taskid,399,start_time,3867554.654666623
taskid,398,finish_time,3867926.10220152
taskid,399,finish_time,3869260.194604052
taskid,400,start_time,3877788.740178956
taskid,400,finish_time,3879589.6823372594
taskid,401,start_time,3889979.523422927
taskid,401,finish_time,3891776.6008457164
taskid,402,start_time,3893034.297315224
taskid,403,start_time,3899836.3556321664
taskid,403,finish_time,3901776.0568999965
taskid,402,finish_time,3910197.2637547245
taskid,404,start_time,3913317.0410748255
taskid,404,finish_time,3917158.3111028196
taskid,405,start_time,3918007.8991721245
taskid,406,start_time,3918151.511845715
taskid,407,start_time,3921729.503025238
taskid,406,finish_time,3922630.4020968177
taskid,408,start_time,3925291.68229662
taskid,407,finish_time,3926975.305000709
taskid,408,finish_time,3927933.219671656
taskid,409,start_time,3928979.5012171525
taskid,405,finish_time,3930401.9684608746
taskid,410,start_time,3932399.5727494853
taskid,411,start_time,3933525.0905829687
taskid,409,finish_time,3935160.889801649
taskid,411,finish_time,3935785.2159808315
taskid,410,finish_time,3936282.0236680545
taskid,412,start_time,3940909.3026504787
taskid,412,finish_time,3943610.1807806203
taskid,345,finish_time,3969582.3146254485
taskid,413,start_time,3984873.3330367217
taskid,413,finish_time,3987473.6122942986
taskid,414,start_time,3992696.4717389625
taskid,414,finish_time,3994252.3094274923
taskid,415,start_time,3999364.7905051517
taskid,416,start_time,4000685.6217906256
taskid,416,finish_time,4001667.192006619
taskid,415,finish_time,4004964.3529733126
taskid,417,start_time,4029197.5748785585
taskid,418,start_time,4032418.4675756367
taskid,418,finish_time,4033495.4139007013
taskid,419,start_time,4038732.422783318
taskid,419,finish_time,4039809.870132854
taskid,420,start_time,4046061.1563102035
taskid,420,finish_time,4046538.5895774346
taskid,421,start_time,4049304.442104634
taskid,422,start_time,4060562.1816653553
taskid,422,finish_time,4063441.782317453
taskid,423,start_time,4069726.5331986593
taskid,423,finish_time,4071727.100241962
taskid,424,start_time,4072556.7310563545
taskid,424,finish_time,4074114.0260417783
taskid,425,start_time,4076652.936071178
taskid,425,finish_time,4078587.0721426206
taskid,426,start_time,4084026.114013248
taskid,426,finish_time,4085959.1488694325
taskid,427,start_time,4103527.56662461
taskid,427,finish_time,4105461.574001867
taskid,428,start_time,4125906.455743469
taskid,428,finish_time,4127839.5713001746
taskid,429,start_time,4127911.10133507
taskid,429,finish_time,4129844.6749429936
taskid,430,start_time,4131638.445408958
taskid,430,finish_time,4135660.0099302726
taskid,431,start_time,4140510.2010379643
taskid,432,start_time,4149311.0948647107
taskid,431,finish_time,4150324.0508414847
taskid,432,finish_time,4164969.888839006
taskid,433,start_time,4167172.7114452724
taskid,434,start_time,4167618.9784509814
taskid,433,finish_time,4167638.812425232
taskid,435,start_time,4167725.6328220675
taskid,436,start_time,4168949.34927669
taskid,436,finish_time,4173117.458381095
taskid,434,finish_time,4175882.0532189202
taskid,435,finish_time,4181853.1772225127
taskid,437,start_time,4184093.34633144
taskid,437,finish_time,4186876.981872934
taskid,438,start_time,4206474.093998829
taskid,438,finish_time,4208162.926581949
taskid,439,start_time,4217511.317386077
taskid,439,finish_time,4219165.673661706
taskid,440,start_time,4234540.96070773
taskid,441,start_time,4236446.026476631
taskid,440,finish_time,4236765.42343853
taskid,441,finish_time,4238136.609661458
taskid,442,start_time,4244223.649314207
taskid,442,finish_time,4245928.230253796
taskid,443,start_time,4274284.323749125
taskid,443,finish_time,4276294.153712971
taskid,444,start_time,4277242.988744282
taskid,444,finish_time,4279253.326402928
taskid,445,start_time,4287352.100927369
taskid,445,finish_time,4288384.816493564
taskid,446,start_time,4291510.23063002
taskid,446,finish_time,4292860.680315595
taskid,447,start_time,4302069.278589811
taskid,447,finish_time,4303070.772143265
taskid,448,start_time,4311794.772901132
taskid,448,finish_time,4312903.389941926
taskid,449,start_time,4329920.227177036
taskid,449,finish_time,4330841.76434618
taskid,450,start_time,4345450.114331996
taskid,450,finish_time,4346691.903793715
taskid,451,start_time,4352764.9005587995
taskid,451,finish_time,4353773.832417246
taskid,452,start_time,4354935.433526001
taskid,452,finish_time,4355706.46516445
taskid,453,start_time,4360228.969615805
taskid,453,finish_time,4360901.814469253
taskid,454,start_time,4386285.438174166
taskid,454,finish_time,4387113.845723754
taskid,455,start_time,4403386.900611172
taskid,455,finish_time,4404356.307897407
taskid,456,start_time,4435981.127898475
taskid,457,start_time,4440277.477074498
taskid,458,start_time,4441116.608116389
taskid,458,finish_time,4441942.319797478
taskid,457,finish_time,4442734.623218011
taskid,459,start_time,4465341.0567464875
taskid,459,finish_time,4466190.070528734
taskid,456,finish_time,4468833.948491097
taskid,460,start_time,4470929.230963578
taskid,460,finish_time,4471909.825253002
taskid,461,start_time,4472449.741184331
taskid,462,start_time,4472814.609581743
taskid,463,start_time,4485543.453834279
taskid,464,start_time,4493288.776827067
taskid,465,start_time,4505456.609735884
taskid,466,start_time,4519081.059719172
taskid,467,start_time,4522832.848980112
taskid,468,start_time,4527533.141144768
taskid,467,finish_time,4528506.109225864
taskid,469,start_time,4530477.636366755
taskid,462,finish_time,4531453.415344059
taskid,470,start_time,4542324.729997728
taskid,463,finish_time,4543814.251275835
taskid,461,finish_time,4544121.432648507
taskid,471,start_time,4549852.425387179
taskid,471,finish_time,4550539.99804132
taskid,417,finish_time,4577847.191932277
taskid,472,start_time,4582116.338130722
taskid,472,finish_time,4583135.570733642
taskid,473,start_time,4604807.126180156
taskid,473,finish_time,4605669.5625401
taskid,474,start_time,4614945.767299329
taskid,474,finish_time,4615959.97075135
taskid,469,finish_time,4617359.379102288
taskid,470,finish_time,4622137.943890708
taskid,468,finish_time,4635181.816032224
taskid,464,finish_time,4646316.662212446
taskid,465,finish_time,4658477.850041794
taskid,466,finish_time,4672098.946301897
taskid,475,start_time,4674060.619585634
taskid,475,finish_time,4674896.048141829
taskid,476,start_time,4679944.884617087
taskid,477,start_time,4681397.482397674
taskid,477,finish_time,4682327.962599169
taskid,478,start_time,4684126.699970445
taskid,476,finish_time,4684903.156497796
taskid,479,start_time,4689596.963707149
taskid,480,start_time,4692824.347932647
taskid,421,finish_time,4693288.912025116
taskid,480,finish_time,4693835.9732564455
taskid,478,finish_time,4695259.347500121
taskid,481,start_time,4707815.536178649
taskid,482,start_time,4715582.708361203
taskid,482,finish_time,4716303.468182718
taskid,481,finish_time,4716765.009974428
taskid,483,start_time,4726472.32928822
taskid,484,start_time,4729450.498065935
taskid,484,finish_time,4730019.845289258
taskid,483,finish_time,4737505.85354496
taskid,485,start_time,4754589.305102979
taskid,485,finish_time,4761555.062597995
taskid,486,start_time,4762370.536327858
taskid,487,start_time,4765278.299692063
taskid,486,finish_time,4773394.630675477
taskid,487,finish_time,4776226.772323068
taskid,488,start_time,4785912.915860509
taskid,489,start_time,4789935.433924169
taskid,488,finish_time,4792293.7108291695
taskid,490,start_time,4792729.76674413
taskid,491,start_time,4793228.001834345
taskid,491,finish_time,4793955.44419196
taskid,492,start_time,4798291.592039759
taskid,489,finish_time,4800771.502229319
taskid,490,finish_time,4801476.411367745
taskid,493,start_time,4803763.588572798
taskid,479,finish_time,4804555.244381953
taskid,492,finish_time,4806556.902235304
taskid,494,start_time,4809652.082499686
taskid,494,finish_time,4810772.185928832
taskid,495,start_time,4812549.603496671
taskid,495,finish_time,4813615.967008604
taskid,493,finish_time,4816201.807452479
taskid,496,start_time,4818570.647688925
taskid,496,finish_time,4819545.614784293
taskid,497,start_time,4824508.939402298
taskid,497,finish_time,4826739.23076922
taskid,498,start_time,4830908.839227956
taskid,498,finish_time,4833139.416955037
taskid,499,start_time,4833855.861177589
taskid,499,finish_time,4836087.124245423
taskid,500,start_time,4838431.926939108
taskid,501,start_time,4840537.8680287
taskid,500,finish_time,4840663.314812279
taskid,502,start_time,4841487.974820924
taskid,501,finish_time,4842368.209784942
taskid,503,start_time,4842896.500681477
taskid,502,finish_time,4843283.962445301
taskid,503,finish_time,4844585.911757002
taskid,504,start_time,4859839.587236014
taskid,504,finish_time,4860825.733877416
taskid,505,start_time,4862750.83657313
taskid,505,finish_time,4863633.807794963
taskid,506,start_time,4865084.903722832
taskid,506,finish_time,4865836.616211383
taskid,507,start_time,4876756.254678849
taskid,507,finish_time,4877517.855506768
taskid,508,start_time,4911205.856704001
taskid,508,finish_time,4912216.780986876
taskid,509,start_time,4916739.949220697
taskid,509,finish_time,4917757.963673164
taskid,510,start_time,4927187.874347619
taskid,510,finish_time,4928437.189109842
taskid,511,start_time,4932628.440934267
taskid,511,finish_time,4933577.631137311
taskid,512,start_time,4937754.298298938
taskid,512,finish_time,4938346.312137602
taskid,513,start_time,4941404.306920837
taskid,513,finish_time,4942523.622937263
taskid,514,start_time,4945156.644158523
taskid,514,finish_time,4946234.957404026
taskid,515,start_time,4949183.158219963
taskid,516,start_time,4951788.276927886
taskid,517,start_time,4990689.798227211
taskid,518,start_time,4998904.04412089
taskid,518,finish_time,4999899.299049844
taskid,519,start_time,5015915.218204578
taskid,519,finish_time,5016911.508683071
taskid,520,start_time,5032084.944423236
taskid,520,finish_time,5032914.7095858995
taskid,521,start_time,5036882.48703485
taskid,522,start_time,5037786.330751199
taskid,522,finish_time,5038546.985920742
taskid,521,finish_time,5043727.301791456
taskid,523,start_time,5045809.429441221
taskid,523,finish_time,5046587.487543976
taskid,524,start_time,5098787.084847259
taskid,525,start_time,5100170.105315375
taskid,525,finish_time,5100924.194960848
taskid,524,finish_time,5111732.374562015
taskid,516,finish_time,5134960.8095915755
taskid,515,finish_time,5147915.536304306
taskid,526,start_time,5157484.3640917195
taskid,526,finish_time,5158602.440954096
taskid,527,start_time,5167795.564591928
taskid,527,finish_time,5168889.451193816
taskid,528,start_time,5176359.444315259
taskid,517,finish_time,5178977.981132519
taskid,528,finish_time,5182052.444460097
taskid,529,start_time,5191585.1865505865
taskid,529,finish_time,5192547.2914525
taskid,530,start_time,5201543.1235972475
taskid,530,finish_time,5202713.43796373
taskid,531,start_time,5206398.415969516
taskid,531,finish_time,5208390.458322884
taskid,532,start_time,5224872.00883487
taskid,533,start_time,5225352.225074731
taskid,532,finish_time,5226670.522192006
taskid,533,finish_time,5226867.007153584
taskid,534,start_time,5252501.220972911
taskid,534,finish_time,5254735.089940579
taskid,535,start_time,5260619.962454248
taskid,535,finish_time,5262853.803686105
taskid,536,start_time,5266222.645065293
taskid,536,finish_time,5268456.931074226
taskid,537,start_time,5279071.181047757
taskid,537,finish_time,5281305.349595661
taskid,538,start_time,5282681.253906388
taskid,539,start_time,5283224.97106528
taskid,540,start_time,5286123.962378927
taskid,540,finish_time,5287131.1782408375
taskid,541,start_time,5287415.834406022
taskid,541,finish_time,5288343.90263664
taskid,542,start_time,5309779.915170188
taskid,542,finish_time,5310787.054888804
taskid,543,start_time,5313318.125937267
taskid,543,finish_time,5314246.796583443
taskid,544,start_time,5316722.682810259
taskid,544,finish_time,5317647.070632187
taskid,545,start_time,5319958.509666016
taskid,546,start_time,5324208.148490699
taskid,545,finish_time,5324834.239857506
taskid,539,finish_time,5326845.509454059
taskid,546,finish_time,5335604.598995183
taskid,547,start_time,5337125.058665837
taskid,547,finish_time,5337862.551578845
taskid,538,finish_time,5341004.712398656
taskid,548,start_time,5356549.722230786
taskid,548,finish_time,5357650.28964876
taskid,549,start_time,5357756.123555184
taskid,549,finish_time,5358782.220686677
taskid,550,start_time,5362468.722795626
taskid,550,finish_time,5372193.785836525
taskid,551,start_time,5389292.497062531
taskid,552,start_time,5390380.090207585
taskid,552,finish_time,5390977.544539009
taskid,551,finish_time,5395328.036026861
taskid,553,start_time,5405487.901695743
taskid,553,finish_time,5406573.201094633
taskid,554,start_time,5407494.027446296
taskid,555,start_time,5418534.2290608315
taskid,556,start_time,5420094.457516087
taskid,555,finish_time,5424357.860199331
taskid,557,start_time,5433374.139947752
taskid,558,start_time,5436535.058887395
taskid,557,finish_time,5445705.881525061
taskid,558,finish_time,5454250.705217392
taskid,559,start_time,5473295.249302955
taskid,560,start_time,5475616.5787748145
taskid,561,start_time,5478261.483772573
taskid,561,finish_time,5484305.168042135
taskid,559,finish_time,5489314.414920279
taskid,560,finish_time,5491777.129876168
taskid,562,start_time,5499308.220298986
taskid,562,finish_time,5500527.402630175
taskid,563,start_time,5506364.678492402
taskid,564,start_time,5517219.551450473
taskid,565,start_time,5518719.183068886
taskid,566,start_time,5519931.366440085
taskid,563,finish_time,5521954.049301584
taskid,565,finish_time,5524349.153647207
taskid,564,finish_time,5533691.987617842
taskid,566,finish_time,5537065.765246767
taskid,567,start_time,5551162.14645872
taskid,567,finish_time,5552369.509671676
taskid,568,start_time,5558617.698462809
taskid,568,finish_time,5559506.174813014
taskid,569,start_time,5575192.199064655
taskid,554,finish_time,5575664.825532221
taskid,570,start_time,5585732.4452753225
taskid,569,finish_time,5586415.93164896
taskid,571,start_time,5589829.648456539
taskid,571,finish_time,5590910.185320632
taskid,570,finish_time,5593006.7188042635
taskid,556,finish_time,5605234.959695116
taskid,572,start_time,5614632.322059859
taskid,572,finish_time,5615299.230693065
taskid,573,start_time,5621565.756598863
taskid,573,finish_time,5622420.849423737
taskid,574,start_time,5630683.145538195
taskid,575,start_time,5643355.90437142
taskid,574,finish_time,5643596.783543107
taskid,575,finish_time,5644334.267712858
taskid,576,start_time,5660312.001424681
taskid,576,finish_time,5666107.2982503455
taskid,577,start_time,5668940.364662842
taskid,577,finish_time,5669612.280617827
taskid,578,start_time,5675586.83466877
taskid,578,finish_time,5676717.601725414
taskid,579,start_time,5680324.529197761
taskid,579,finish_time,5681051.412144904
taskid,580,start_time,5686836.455242108
taskid,581,start_time,5687821.42154577
taskid,581,finish_time,5688644.571841432
taskid,582,start_time,5692384.564661823
taskid,583,start_time,5692437.9414299885
taskid,583,finish_time,5693514.157873775
taskid,582,finish_time,5698258.096673742
taskid,580,finish_time,5700225.425817195
taskid,584,start_time,5707652.292671949
taskid,584,finish_time,5713206.362224277
taskid,585,start_time,5731727.2042960655
taskid,585,finish_time,5732870.40582869
taskid,586,start_time,5738749.311806078
taskid,587,start_time,5745366.730752154
taskid,586,finish_time,5750219.102086101
taskid,587,finish_time,5756923.064487786
taskid,588,start_time,5757591.672308693
taskid,589,start_time,5757594.7310013985
taskid,588,finish_time,5758545.310802121
taskid,589,finish_time,5758721.376827276
taskid,590,start_time,5761172.271127426
taskid,591,start_time,5761994.749239484
taskid,592,start_time,5763809.956912143
taskid,593,start_time,5766966.401439982
taskid,593,finish_time,5768107.74321099
taskid,591,finish_time,5768527.857349651
taskid,590,finish_time,5770000.751852873
taskid,592,finish_time,5770091.9210766405
taskid,594,start_time,5770975.585427409
taskid,595,start_time,5780521.382186198
taskid,596,start_time,5781029.110045007
taskid,595,finish_time,5782266.751337619
taskid,597,start_time,5783287.779346302
taskid,598,start_time,5785080.745921365
taskid,599,start_time,5785544.3683429
taskid,596,finish_time,5785824.432699506
taskid,599,finish_time,5794777.865266169
taskid,598,finish_time,5795994.060736072
taskid,597,finish_time,5799394.571393726
taskid,600,start_time,5804199.5152816055
taskid,600,finish_time,5811580.130457829
taskid,594,finish_time,5813200.113223217
taskid,601,start_time,5819571.191712635
taskid,601,finish_time,5830512.51641332
taskid,602,start_time,5841294.701937474
taskid,603,start_time,5843401.336497924
taskid,604,start_time,5846217.658326647
taskid,605,start_time,5849838.9302548235
taskid,602,finish_time,5850273.646908319
taskid,603,finish_time,5854489.645366472
taskid,604,finish_time,5856141.949399815
taskid,605,finish_time,5859078.962203481
taskid,606,start_time,5859766.371252352
taskid,607,start_time,5865368.973864865
taskid,606,finish_time,5869192.594381405
taskid,607,finish_time,5872243.431423891
taskid,608,start_time,5882640.866991078
taskid,608,finish_time,5889669.260856026
taskid,609,start_time,5895398.79258842
taskid,609,finish_time,5896248.836072253
taskid,610,start_time,5899506.214561144
taskid,611,start_time,5899836.223567299
taskid,610,finish_time,5900293.780330772
taskid,611,finish_time,5900687.081582279
taskid,612,start_time,5914178.778808348
taskid,612,finish_time,5915232.075129885
taskid,613,start_time,5940849.7926217895
taskid,613,finish_time,5941884.595395748
taskid,614,start_time,5961983.344003601
taskid,614,finish_time,5967541.5321832765
taskid,615,start_time,5969706.675123303
taskid,615,finish_time,5970627.706171191
taskid,616,start_time,5975332.295213117
taskid,617,start_time,5977773.180066552
taskid,616,finish_time,5978596.813600826
taskid,617,finish_time,5978598.641988961
taskid,618,start_time,5982182.663331109
taskid,618,finish_time,5983302.0788507005
taskid,619,start_time,5985608.614315927
taskid,619,finish_time,5986620.587893767
taskid,620,start_time,5991270.807583903
taskid,620,finish_time,5992091.725445942
taskid,621,start_time,5995190.771702036
taskid,621,finish_time,5996276.217046959
taskid,622,start_time,6019103.746094738
taskid,623,start_time,6019297.185661144
taskid,624,start_time,6022607.06675596
taskid,624,finish_time,6024103.991115004
taskid,625,start_time,6027957.321446888
taskid,623,finish_time,6028745.228634349
taskid,625,finish_time,6029437.729937496
taskid,626,start_time,6032232.069826835
taskid,627,start_time,6032871.6546658445
taskid,626,finish_time,6034440.487498987
taskid,622,finish_time,6034923.547716231
taskid,627,finish_time,6035079.716124564
taskid,628,start_time,6038221.136118832
taskid,628,finish_time,6040020.704225075
taskid,629,start_time,6060294.353035407
taskid,629,finish_time,6062097.438029664
taskid,630,start_time,6070972.701139795
taskid,630,finish_time,6072750.899239555
taskid,631,start_time,6074461.093762219
taskid,631,finish_time,6076689.541875934
taskid,632,start_time,6098795.919954859
taskid,632,finish_time,6100675.328198548
taskid,633,start_time,6103174.801377192
taskid,633,finish_time,6104967.656949073
taskid,634,start_time,6107258.200434369
taskid,635,start_time,6107951.6728453105
taskid,634,finish_time,6109505.988842796
taskid,635,finish_time,6109624.075908861
taskid,636,start_time,6113244.557776104
taskid,636,finish_time,6115456.466294506
taskid,637,start_time,6120416.852253645
taskid,638,start_time,6121312.482186375
taskid,637,finish_time,6122671.128864164
taskid,638,finish_time,6123337.471036488
taskid,639,start_time,6129681.4489331525
taskid,639,finish_time,6131344.234003197
taskid,640,start_time,6138144.577047964
taskid,640,finish_time,6139818.481384589
taskid,641,start_time,6140216.132828287
taskid,641,finish_time,6142042.123752014
taskid,642,start_time,6147192.31215758
taskid,642,finish_time,6148996.6683307635
taskid,643,start_time,6157025.425104957
taskid,644,start_time,6158116.290403551
taskid,643,finish_time,6158720.220354434
taskid,644,finish_time,6160367.46862775
taskid,645,start_time,6171625.1301019685
taskid,645,finish_time,6173866.253375211
taskid,646,start_time,6179099.437226354
taskid,646,finish_time,6180910.05735861
taskid,647,start_time,6198238.076127036
taskid,647,finish_time,6200083.581968252
taskid,648,start_time,6210266.607478727
taskid,648,finish_time,6212558.329093475
taskid,649,start_time,6247605.805880475
taskid,649,finish_time,6249528.119310244
taskid,650,start_time,6257854.155455821
taskid,650,finish_time,6260146.838668485
taskid,651,start_time,6261547.939901864
taskid,652,start_time,6263185.925998954
taskid,651,finish_time,6263852.737983121
taskid,653,start_time,6263877.988313752
taskid,652,finish_time,6265030.933531873
taskid,653,finish_time,6265625.185262877
taskid,654,start_time,6272311.395946529
taskid,654,finish_time,6274602.705055011
taskid,655,start_time,6278597.48069996
taskid,655,finish_time,6281915.377185224
taskid,656,start_time,6299533.803102376
taskid,656,finish_time,6301329.971049886
taskid,657,start_time,6330178.724729105
taskid,658,start_time,6330845.561448452
taskid,657,finish_time,6331690.171611107
taskid,658,finish_time,6333075.087349531
taskid,659,start_time,6342085.1592430165
taskid,659,finish_time,6343788.876861666
taskid,660,start_time,6358917.598123172
taskid,660,finish_time,6361148.590815751
taskid,661,start_time,6380391.468070336
taskid,661,finish_time,6382621.388516175
taskid,662,start_time,6395569.567702978
taskid,663,start_time,6396244.656368134
taskid,662,finish_time,6397429.24648497
taskid,663,finish_time,6398134.6164623955
taskid,664,start_time,6400049.970412624
taskid,665,start_time,6401882.843199028
taskid,664,finish_time,6402054.553108417
taskid,665,finish_time,6403730.772586279
taskid,666,start_time,6423448.922300484
taskid,666,finish_time,6425918.926922107
taskid,667,start_time,6434308.811449942
taskid,667,finish_time,6436556.815176888
taskid,668,start_time,6445968.040485814
taskid,668,finish_time,6448457.467865044
taskid,669,start_time,6448997.548353582
taskid,669,finish_time,6450845.870313219
taskid,670,start_time,6460805.154509229
taskid,670,finish_time,6463273.367160997
taskid,671,start_time,6465380.521643771
taskid,671,finish_time,6467598.757650949
taskid,672,start_time,6478898.233819512
taskid,672,finish_time,6481145.399526936
taskid,673,start_time,6482056.899980848
taskid,673,finish_time,6484314.760215963
taskid,674,start_time,6486255.786568188
taskid,674,finish_time,6488294.870273509
taskid,675,start_time,6489564.482550573
taskid,675,finish_time,6491085.666805262
taskid,676,start_time,6497993.786109101
taskid,677,start_time,6498622.459862082
taskid,676,finish_time,6499822.050771166
taskid,677,finish_time,6500305.205584093
taskid,678,start_time,6504805.6404513065
taskid,678,finish_time,6506693.74984058
taskid,679,start_time,6508690.453138264
taskid,679,finish_time,6511125.520968517
taskid,680,start_time,6523147.523966357
taskid,680,finish_time,6525582.411471652
taskid,681,start_time,6537534.246401788
taskid,681,finish_time,6539494.787662282
taskid,682,start_time,6562573.029381255
taskid,682,finish_time,6564975.731547115
taskid,683,start_time,6566196.706127203
taskid,683,finish_time,6568633.286065175
taskid,684,start_time,6568887.6282762475
taskid,685,start_time,6569129.838810821
taskid,685,finish_time,6571115.516123462
taskid,684,finish_time,6571332.638840612
taskid,686,start_time,6574110.303967858
taskid,686,finish_time,6576494.693979772
taskid,687,start_time,6577379.45834027
taskid,687,finish_time,6578575.414391043
taskid,688,start_time,6581548.169906383
taskid,689,start_time,6586618.054295165
taskid,689,finish_time,6587466.381084362
taskid,688,finish_time,6590360.5945382845
taskid,690,start_time,6599655.697264799
taskid,690,finish_time,6612116.489193623
taskid,691,start_time,6613945.948118171
taskid,692,start_time,6617361.91335019
taskid,693,start_time,6619581.628418541
taskid,692,finish_time,6630307.4930607835
taskid,693,finish_time,6632022.258003488
taskid,694,start_time,6640338.938210017
taskid,695,start_time,6647575.580212306
taskid,696,start_time,6657012.353087286
taskid,695,finish_time,6659492.88737705
taskid,694,finish_time,6698786.631267971
taskid,697,start_time,6699057.402822753
taskid,698,start_time,6699927.053272897
taskid,698,finish_time,6702605.4551723655
taskid,699,start_time,6707109.384442854
taskid,696,finish_time,6708489.113794663
taskid,699,finish_time,6716697.417162738
taskid,700,start_time,6730368.395647173
taskid,701,start_time,6734041.460294465
taskid,701,finish_time,6735150.3565868195
taskid,702,start_time,6737613.835355891
taskid,700,finish_time,6739029.035543966
taskid,703,start_time,6739262.93889924
taskid,703,finish_time,6739826.2421261715
taskid,702,finish_time,6745744.11013647
taskid,704,start_time,6750496.58117848
taskid,704,finish_time,6751391.7341847485
taskid,697,finish_time,6775903.770608004
taskid,705,start_time,6778657.333406261
taskid,705,finish_time,6785626.4400230395
taskid,706,start_time,6798971.044067111
taskid,691,finish_time,6804078.197613097
taskid,707,start_time,6816112.387427754
taskid,708,start_time,6816446.662198688
taskid,708,finish_time,6819487.145821714
taskid,707,finish_time,6827892.3354413
taskid,709,start_time,6839872.158630988
taskid,709,finish_time,6840636.373801254
taskid,710,start_time,6879560.727310712
taskid,710,finish_time,6881857.471337329
taskid,711,start_time,6885171.766864653
taskid,712,start_time,6917142.156465121
taskid,712,finish_time,6918278.647866428
taskid,713,start_time,6925573.286519204
taskid,713,finish_time,6926706.476802244
taskid,714,start_time,6929106.846895703
taskid,715,start_time,6929789.380898209
taskid,716,start_time,6931426.450356937
taskid,714,finish_time,6937872.952291482
taskid,717,start_time,6939060.2418599725
taskid,711,finish_time,6941613.520128378
taskid,715,finish_time,6942940.236666875
taskid,716,finish_time,6945998.238224697
taskid,717,finish_time,6947733.946521979
taskid,718,start_time,6959741.945098072
taskid,719,start_time,6962544.560665681
taskid,719,finish_time,6965382.1577669
taskid,720,start_time,6971245.373643127
taskid,720,finish_time,6971894.248626412
taskid,706,finish_time,6973660.446893444
taskid,721,start_time,6975921.004172402
taskid,721,finish_time,6976768.408591959
taskid,722,start_time,6981204.963335629
taskid,722,finish_time,6982030.115253656
taskid,723,start_time,7000636.050955087
taskid,724,start_time,7006658.638174101
taskid,724,finish_time,7007453.477314529
taskid,725,start_time,7009415.296340673
taskid,725,finish_time,7010680.076112612
taskid,726,start_time,7016510.512636623
taskid,726,finish_time,7017808.971724997
taskid,727,start_time,7022420.0909041995
taskid,727,finish_time,7025428.30290909
taskid,728,start_time,7042788.570838232
taskid,729,start_time,7044125.701489316
taskid,728,finish_time,7051518.465505434
taskid,729,finish_time,7059910.13384017
taskid,730,start_time,7066445.702324993
taskid,731,start_time,7071504.325738247
taskid,732,start_time,7076496.5499573285
taskid,718,finish_time,7104423.758738744
taskid,733,start_time,7104423.758738744
taskid,731,finish_time,7141805.242231666
taskid,734,start_time,7141805.242231666
taskid,730,finish_time,7148951.303616864
taskid,735,start_time,7148951.303616864
taskid,736,start_time,7148951.303616864
taskid,737,start_time,7148951.303616864
taskid,738,start_time,7148951.303616864
taskid,739,start_time,7148951.303616864
taskid,740,start_time,7148951.303616864
taskid,737,finish_time,7149843.577250809
taskid,740,finish_time,7149895.52052536
taskid,735,finish_time,7150124.032752494
taskid,741,start_time,7151064.190200317
taskid,739,finish_time,7151999.233276564
taskid,734,finish_time,7155282.223559614
taskid,736,finish_time,7160732.219693371
taskid,738,finish_time,7162749.800276616
taskid,732,finish_time,7174791.667061702
taskid,742,start_time,7182576.953966323
taskid,742,finish_time,7200608.342959
taskid,733,finish_time,7207059.457194447
taskid,741,finish_time,7216254.594755956
taskid,743,start_time,7222073.617026441
taskid,744,start_time,7223457.874112104
taskid,745,start_time,7237938.017697121
taskid,745,finish_time,7239104.809303797
taskid,746,start_time,7240223.008507065
taskid,746,finish_time,7241363.132920082
taskid,747,start_time,7242403.190642946
taskid,744,finish_time,7245291.122820203
taskid,748,start_time,7249578.454415837
taskid,749,start_time,7249811.1254416425
taskid,749,finish_time,7253394.490260335
taskid,748,finish_time,7253681.553945087
taskid,750,start_time,7255811.217392516
taskid,751,start_time,7256460.329347909
taskid,751,finish_time,7257576.220158623
taskid,750,finish_time,7259125.9092687825
taskid,747,finish_time,7277569.240234808
taskid,752,start_time,7289539.8822813695
taskid,753,start_time,7291726.578858964
taskid,752,finish_time,7291823.358457259
taskid,753,finish_time,7294154.069765456
taskid,754,start_time,7305350.671300972
taskid,743,finish_time,7306606.521791479
taskid,754,finish_time,7313816.974009573
taskid,755,start_time,7316769.463528172
taskid,755,finish_time,7328196.40948996
taskid,756,start_time,7331979.412607984
taskid,757,start_time,7333531.655139214
taskid,756,finish_time,7341604.010804133
taskid,757,finish_time,7344519.526398414
taskid,758,start_time,7348667.814119227
taskid,758,finish_time,7359734.844197148
taskid,759,start_time,7362235.710252923
taskid,760,start_time,7363073.357238957
taskid,761,start_time,7363707.529085755
taskid,762,start_time,7364293.481163276
taskid,759,finish_time,7369783.863576165
taskid,760,finish_time,7373077.505838574
taskid,762,finish_time,7373658.877753984
taskid,761,finish_time,7374737.699380165
taskid,763,start_time,7382299.229330433
taskid,764,start_time,7382409.207983536
taskid,765,start_time,7387367.485776036
taskid,764,finish_time,7391626.752948805
taskid,763,finish_time,7393229.224585409
taskid,765,finish_time,7401009.367110846
taskid,723,finish_time,7613449.5271502705
taskid,766,start_time,7613449.5271502705
taskid,766,finish_time,7780417.6153675085
taskid,767,start_time,7780417.6153675085
taskid,768,start_time,7780417.6153675085
taskid,769,start_time,7780417.6153675085
taskid,770,start_time,7780417.6153675085
taskid,771,start_time,7780417.6153675085
taskid,772,start_time,7780417.6153675085
taskid,773,start_time,7780417.6153675085
taskid,774,start_time,7780417.6153675085
taskid,775,start_time,7780417.6153675085
taskid,776,start_time,7780417.6153675085
taskid,771,finish_time,7781224.173971283
taskid,775,finish_time,7781423.511530775
taskid,770,finish_time,7781554.195182341
taskid,774,finish_time,7781570.850687529
taskid,776,finish_time,7781572.135326237
taskid,769,finish_time,7783504.329328173
taskid,768,finish_time,7792371.565530327
taskid,777,start_time,7792371.565530327
taskid,773,finish_time,7795332.112981682
taskid,778,start_time,7795332.112981682
taskid,779,start_time,7795332.112981682
taskid,780,start_time,7795332.112981682
taskid,781,start_time,7795332.112981682
taskid,780,finish_time,7796201.998345959
taskid,781,finish_time,7796214.91146252
taskid,767,finish_time,7796318.47004987
taskid,782,start_time,7796318.47004987
taskid,783,start_time,7796318.47004987
taskid,784,start_time,7796318.47004987
taskid,784,finish_time,7797054.89023769
taskid,783,finish_time,7797473.154443267
taskid,779,finish_time,7797622.634964897
taskid,785,start_time,7797622.634964897
taskid,777,finish_time,7804582.1291996185
taskid,786,start_time,7804582.1291996185
taskid,778,finish_time,7810127.890473549
taskid,787,start_time,7810127.890473549
taskid,788,start_time,7810127.890473549
taskid,789,start_time,7810127.890473549
taskid,790,start_time,7810127.890473549
taskid,791,start_time,7810127.890473549
taskid,792,start_time,7810127.890473549
taskid,793,start_time,7810127.890473549
taskid,794,start_time,7810127.890473549
taskid,795,start_time,7810127.890473549
taskid,785,finish_time,7811323.152539458
taskid,796,start_time,7811323.152539458
taskid,797,start_time,7811323.152539458
taskid,791,finish_time,7811447.166044592
taskid,797,finish_time,7812382.431247298
taskid,798,start_time,7812382.431247298
taskid,796,finish_time,7812423.200224971
taskid,799,start_time,7812423.200224971
taskid,790,finish_time,7812673.400968025
taskid,800,start_time,7812673.400968025
taskid,787,finish_time,7812861.813030449
taskid,801,start_time,7812861.813030449
taskid,799,finish_time,7813384.201015595
taskid,802,start_time,7813384.201015595
taskid,788,finish_time,7813434.357048432
taskid,800,finish_time,7813753.696689309
taskid,789,finish_time,7813779.023753191
taskid,801,finish_time,7813884.3990760865
taskid,802,finish_time,7814329.097564004
taskid,786,finish_time,7815910.725299628
taskid,803,start_time,7815910.725299628
taskid,792,finish_time,7818380.811477332
taskid,794,finish_time,7818569.35486165
taskid,772,finish_time,7820738.695096689
taskid,793,finish_time,7821518.017490451
taskid,804,start_time,7821518.017490451
taskid,782,finish_time,7822152.790384122
taskid,805,start_time,7822152.790384122
taskid,806,start_time,7822152.790384122
taskid,807,start_time,7822152.790384122
taskid,808,start_time,7822152.790384122
taskid,806,finish_time,7822924.637526653
taskid,807,finish_time,7822999.13033717
taskid,805,finish_time,7823171.607816515
taskid,808,finish_time,7823172.85280056
taskid,803,finish_time,7828252.243934277
taskid,804,finish_time,7833167.636645793
taskid,809,start_time,7867621.319922893
taskid,809,finish_time,7868607.626898396
taskid,810,start_time,7889802.374591341
taskid,811,start_time,7894885.94103887
taskid,811,finish_time,7895812.525223049
taskid,812,start_time,7907072.023305839
taskid,812,finish_time,7908108.5193448905
taskid,813,start_time,7910450.058345553
taskid,813,finish_time,7911514.695051444
taskid,798,finish_time,7927837.766332705
taskid,814,start_time,7928029.925825328
taskid,795,finish_time,7930066.811420816
taskid,815,start_time,7931956.551979752
taskid,816,start_time,7938327.881330166
taskid,814,finish_time,7939009.984500085
taskid,816,finish_time,7939129.003592737
taskid,817,start_time,7941157.756821899
taskid,817,finish_time,7941868.643290944
taskid,818,start_time,7942306.264334543
taskid,819,start_time,7943028.373766375
taskid,818,finish_time,7943090.638873696
taskid,819,finish_time,7943815.8482988095
taskid,820,start_time,7951811.02882665
taskid,810,finish_time,7951967.06472107
taskid,821,start_time,7958479.14284972
taskid,822,start_time,7961485.359575206
taskid,822,finish_time,7963836.931112537
taskid,823,start_time,7969564.064089447
taskid,823,finish_time,7970595.112978607
taskid,824,start_time,7971131.624334671
taskid,824,finish_time,7971868.240660058
taskid,821,finish_time,7977375.481539541
taskid,820,finish_time,7979324.892654814
taskid,825,start_time,7992250.140052292
taskid,825,finish_time,7993352.338204573
taskid,826,start_time,7997252.316317726
taskid,826,finish_time,7998322.333121942
taskid,827,start_time,8022118.80721958
taskid,827,finish_time,8023170.057731789
taskid,828,start_time,8029598.63974418
taskid,829,start_time,8029710.275336205
taskid,830,start_time,8030404.709684408
taskid,829,finish_time,8030443.400241098
taskid,830,finish_time,8031131.981451341
taskid,831,start_time,8036145.395341608
taskid,831,finish_time,8036882.576374504
taskid,828,finish_time,8039400.565547724
taskid,832,start_time,8058200.689790157
taskid,833,start_time,8062364.808913645
taskid,833,finish_time,8070860.166208287
taskid,834,start_time,8072310.771772241
taskid,834,finish_time,8073142.758434903
taskid,835,start_time,8078120.42667316
taskid,836,start_time,8089441.298583689
taskid,837,start_time,8091209.386535334
taskid,836,finish_time,8093099.544559316
taskid,832,finish_time,8099153.2688743165
taskid,837,finish_time,8102522.225535867
taskid,838,start_time,8112214.846343342
taskid,838,finish_time,8113150.056061363
taskid,839,start_time,8113897.383418305
taskid,839,finish_time,8114963.992959725
taskid,840,start_time,8117768.06118666
taskid,840,finish_time,8121812.220763581
taskid,841,start_time,8135660.714534298
taskid,842,start_time,8138295.320237919
taskid,842,finish_time,8139398.107974806
taskid,841,finish_time,8139430.828349078
taskid,843,start_time,8145452.081676899
taskid,843,finish_time,8147511.58861423
taskid,844,start_time,8160813.00625156
taskid,844,finish_time,8161305.41116802
taskid,835,finish_time,8164740.386538917
taskid,845,start_time,8181805.677770682
taskid,815,finish_time,8182181.094812481
taskid,845,finish_time,8182665.222216293
taskid,846,start_time,8186338.3553120075
taskid,847,start_time,8192226.793584827
taskid,848,start_time,8202005.736928947
taskid,848,finish_time,8203237.270341871
taskid,847,finish_time,8205567.965151122
taskid,849,start_time,8205664.1947754435
taskid,850,start_time,8209024.675714653
taskid,851,start_time,8210272.548603548
taskid,849,finish_time,8211708.13830271
taskid,852,start_time,8212974.544079986
taskid,852,finish_time,8214917.46696777
taskid,846,finish_time,8231438.581438954
taskid,853,start_time,8234854.021324793
taskid,853,finish_time,8236259.141521033
taskid,854,start_time,8236841.793118836
taskid,855,start_time,8237864.4140575975
taskid,856,start_time,8239642.776695165
taskid,856,finish_time,8241967.9995122375
taskid,857,start_time,8255588.747162959
taskid,857,finish_time,8257662.939857775
taskid,855,finish_time,8260695.214714646
taskid,858,start_time,8271337.920674147
taskid,858,finish_time,8273279.828073127
taskid,850,finish_time,8278685.031395098
taskid,859,start_time,8284902.627558403
taskid,859,finish_time,8287228.8310500905
taskid,860,start_time,8299358.063589832
taskid,860,finish_time,8301689.990909113
taskid,861,start_time,8303799.30670857
taskid,862,start_time,8305627.069428491
taskid,861,finish_time,8306124.753510845
taskid,863,start_time,8307104.83364968
taskid,864,start_time,8307794.408511403
taskid,862,finish_time,8307956.431384024
taskid,865,start_time,8308902.55530997
taskid,863,finish_time,8309431.395849999
taskid,864,finish_time,8310135.7562572
taskid,865,finish_time,8311020.709934289
taskid,866,start_time,8316050.984497768
taskid,867,start_time,8318106.412375889
taskid,868,start_time,8318273.059187796
taskid,866,finish_time,8318397.520490781
taskid,867,finish_time,8319690.024000698
taskid,868,finish_time,8320175.012936121
taskid,869,start_time,8320932.32202388
taskid,869,finish_time,8322730.717758272
taskid,870,start_time,8332789.343363629
taskid,871,start_time,8333050.983219517
taskid,872,start_time,8333856.07379301
taskid,870,finish_time,8335131.796446699
taskid,871,finish_time,8335408.232125554
taskid,872,finish_time,8336141.747931433
taskid,873,start_time,8342234.693244954
taskid,851,finish_time,8344038.243969047
taskid,873,finish_time,8344072.641530509
taskid,874,start_time,8360753.718532431
taskid,874,finish_time,8362511.707061739
taskid,875,start_time,8403679.462054724
taskid,875,finish_time,8405517.114734406
taskid,876,start_time,8415375.24271036
taskid,876,finish_time,8417076.50432114
taskid,877,start_time,8421490.243192116
taskid,877,finish_time,8423772.29759187
taskid,878,start_time,8424867.2886555
taskid,878,finish_time,8426710.17718415
taskid,879,start_time,8428265.15463637
taskid,879,finish_time,8430563.73581087
taskid,880,start_time,8436427.88013419
taskid,880,finish_time,8438337.99425367
taskid,881,start_time,8448622.225989422
taskid,881,finish_time,8451022.626352778
taskid,882,start_time,8465555.417845877
taskid,882,finish_time,8467357.019290378
taskid,883,start_time,8468313.673690362
taskid,854,finish_time,8470602.093077417
taskid,883,finish_time,8470685.685525527
taskid,884,start_time,8475007.604209773
taskid,884,finish_time,8476634.026287638
taskid,885,start_time,8477529.7214355
taskid,885,finish_time,8479532.751611179
taskid,886,start_time,8484290.562951514
taskid,886,finish_time,8486222.572434178
taskid,887,start_time,8501855.937115872
taskid,887,finish_time,8503445.796557242
taskid,888,start_time,8539866.783118777
taskid,889,start_time,8543334.522591347
taskid,890,start_time,8571589.011474099
taskid,891,start_time,8571777.408170173
taskid,890,finish_time,8572294.177607499
taskid,892,start_time,8578657.241991514
taskid,893,start_time,8583015.818047341
taskid,894,start_time,8593536.182031963
taskid,894,finish_time,8630400.607080642
taskid,895,start_time,8630400.607080642
taskid,896,start_time,8630400.607080642
taskid,895,finish_time,8633720.407832727
taskid,897,start_time,8633720.407832727
taskid,888,finish_time,8639433.09994077
taskid,898,start_time,8639433.09994077
taskid,898,finish_time,8640052.174109422
taskid,899,start_time,8640052.174109422
taskid,899,finish_time,8640714.716166068
taskid,900,start_time,8642676.556058181
taskid,901,start_time,8648074.894583536
taskid,901,finish_time,8648721.465798685
taskid,897,finish_time,8668042.614819013
taskid,902,start_time,8668042.614819013
taskid,903,start_time,8668042.614819013
taskid,904,start_time,8668042.614819013
taskid,903,finish_time,8669130.95915781
taskid,904,finish_time,8669758.624290857
taskid,905,start_time,8676447.423575005
taskid,891,finish_time,8677623.586670749
taskid,905,finish_time,8678528.303806601
taskid,892,finish_time,8683358.219195634
taskid,906,start_time,8694317.870982682
taskid,906,finish_time,8696174.114887437
taskid,907,start_time,8702971.578109417
taskid,902,finish_time,8704428.636838779
taskid,907,finish_time,8704682.328832973
taskid,908,start_time,8715555.43356296
taskid,908,finish_time,8717841.678761415
taskid,893,finish_time,8726265.627250027
taskid,909,start_time,8733351.30111946
taskid,909,finish_time,8735655.566701816
taskid,910,start_time,8749589.36997371
taskid,910,finish_time,8751893.61464441
taskid,911,start_time,8764909.483819734
taskid,911,finish_time,8767214.450451043
taskid,896,finish_time,8776529.769562405
taskid,912,start_time,8788599.418794643
taskid,912,finish_time,8790309.97943798
taskid,913,start_time,8807238.59726381
taskid,913,finish_time,8809019.799536694
taskid,914,start_time,8810885.574294189
taskid,914,finish_time,8812830.19715297
taskid,915,start_time,8815432.55961635
taskid,916,start_time,8816477.166579137
taskid,900,finish_time,8816566.966785068
taskid,915,finish_time,8817161.56656687
taskid,916,finish_time,8818806.091919685
taskid,917,start_time,8832663.632207911
taskid,917,finish_time,8834993.594123915
taskid,918,start_time,8838632.164486894
taskid,918,finish_time,8840193.74038274
taskid,919,start_time,8846838.720539961
taskid,919,finish_time,8849169.86332253
taskid,920,start_time,8876054.591550991
taskid,920,finish_time,8877621.158372272
taskid,921,start_time,8880602.751290444
taskid,921,finish_time,8882927.105511874
taskid,922,start_time,8907434.39309359
taskid,922,finish_time,8908993.48342812
taskid,923,start_time,8910124.736184409
taskid,923,finish_time,8912441.282777438
taskid,924,start_time,8916620.087131815
taskid,924,finish_time,8918551.605386915
taskid,925,start_time,8926628.935811974
taskid,925,finish_time,8928718.335077267
taskid,926,start_time,8943336.933747426
taskid,926,finish_time,8945650.901662063
taskid,927,start_time,8954146.486944843
taskid,927,finish_time,8956463.143693961
taskid,889,finish_time,8958100.220579507
taskid,928,start_time,8970885.106709562
taskid,929,start_time,8971544.465413118
taskid,928,finish_time,8972437.66624879
taskid,929,finish_time,8973870.444824552
taskid,930,start_time,8974570.9042708
taskid,930,finish_time,8976292.24430898
taskid,931,start_time,8977597.975668037
taskid,931,finish_time,8979898.273100654
taskid,932,start_time,8981958.316635443
taskid,932,finish_time,8984275.658620419
taskid,933,start_time,8984383.08898341
taskid,933,finish_time,8986269.035689253
taskid,934,start_time,8990058.6922255
taskid,934,finish_time,8991819.325454013
taskid,935,start_time,8996475.032508679
taskid,935,finish_time,8998817.362024326
taskid,936,start_time,9010219.042120026
taskid,936,finish_time,9012537.538724812
taskid,937,start_time,9019210.564586006
taskid,937,finish_time,9021513.294720061
taskid,938,start_time,9029800.33600801
taskid,938,finish_time,9031651.776661681
taskid,939,start_time,9042345.736154946
taskid,940,start_time,9044416.68489732
taskid,941,start_time,9044459.74388899
taskid,939,finish_time,9044651.516713792
taskid,940,finish_time,9046268.347488048
taskid,941,finish_time,9046762.494962193
taskid,942,start_time,9047332.891312001
taskid,942,finish_time,9049040.398519488
taskid,943,start_time,9055061.349050837
taskid,943,finish_time,9057370.581710884
taskid,944,start_time,9062935.95441123
taskid,945,start_time,9063811.062359422
taskid,944,finish_time,9065220.988482492
taskid,945,finish_time,9065630.997025784
taskid,946,start_time,9071421.689556347
taskid,946,finish_time,9073247.098139836
taskid,947,start_time,9079349.10474286
taskid,947,finish_time,9081070.731092753
taskid,948,start_time,9083969.23532808
taskid,948,finish_time,9085799.75182032
taskid,949,start_time,9096828.886304414
taskid,949,finish_time,9098670.475477548
taskid,950,start_time,9124672.995092921
taskid,951,start_time,9125683.990481408
taskid,950,finish_time,9126362.108037692
taskid,952,start_time,9127060.882294467
taskid,951,finish_time,9127964.923219146
taskid,953,start_time,9129041.97442485
taskid,952,finish_time,9129320.875334954
taskid,953,finish_time,9131492.0804362
taskid,954,start_time,9147480.689973695
taskid,954,finish_time,9148144.13435859
taskid,955,start_time,9149278.153985595
taskid,956,start_time,9173419.297856117
taskid,957,start_time,9181766.059715807
taskid,955,finish_time,9187863.129691655
taskid,958,start_time,9190106.248091713
taskid,957,finish_time,9193144.267900515
taskid,959,start_time,9196120.56351144
taskid,956,finish_time,9196136.573151225
taskid,958,finish_time,9197171.96162128
taskid,959,finish_time,9204150.230859073
taskid,960,start_time,9218481.760744765
taskid,960,finish_time,9228762.37492928
taskid,961,start_time,9231370.031396436
taskid,962,start_time,9235696.317521192
taskid,963,start_time,9236373.191257823
taskid,964,start_time,9238479.733453242
taskid,961,finish_time,9245650.673596716
taskid,965,start_time,9246513.719023624
taskid,965,finish_time,9248106.00038086
taskid,962,finish_time,9248688.562504247
taskid,963,finish_time,9249289.048294552
taskid,964,finish_time,9252971.579097005
taskid,966,start_time,9257422.34801445
taskid,967,start_time,9263347.437789423
taskid,967,finish_time,9264310.949092565
taskid,966,finish_time,9268346.88839767
taskid,968,start_time,9269428.94843985
taskid,968,finish_time,9274850.86574041
taskid,969,start_time,9315211.906689433
taskid,969,finish_time,9317265.348688224
taskid,970,start_time,9335829.232262503
taskid,971,start_time,9340973.860641986
taskid,971,finish_time,9342451.392470252
taskid,972,start_time,9356258.096624801
taskid,972,finish_time,9357654.1570282
taskid,973,start_time,9370498.174203372
taskid,973,finish_time,9372194.886230787
taskid,974,start_time,9376446.582548553
taskid,975,start_time,9377412.169015404
taskid,975,finish_time,9379342.400665168
taskid,974,finish_time,9380888.340768991
taskid,976,start_time,9388254.639705041
taskid,976,finish_time,9389659.7509315
taskid,977,start_time,9407042.003143486
taskid,978,start_time,9409812.38403254
taskid,978,finish_time,9415349.643440496
taskid,979,start_time,9422029.223341465
taskid,979,finish_time,9423537.280369706
taskid,970,finish_time,9423945.601741713
taskid,980,start_time,9427045.475740584
taskid,981,start_time,9428936.084931098
taskid,982,start_time,9430778.536174431
taskid,982,finish_time,9431427.440373436
taskid,983,start_time,9432469.640095633
taskid,980,finish_time,9437794.715855421
taskid,981,finish_time,9437820.36201216
taskid,984,start_time,9440686.397505214
taskid,985,start_time,9445688.908048034
taskid,985,finish_time,9447735.999794643
taskid,986,start_time,9454752.343105009
taskid,986,finish_time,9456443.222518606
taskid,987,start_time,9462577.910844222
taskid,988,start_time,9463619.370136555
taskid,987,finish_time,9464107.074453946
taskid,988,finish_time,9464930.092776526
taskid,989,start_time,9476226.44896052
taskid,989,finish_time,9477882.075534884
taskid,990,start_time,9479350.564410407
taskid,990,finish_time,9480095.600168817
taskid,991,start_time,9485594.007220138
taskid,983,finish_time,9491412.365456082
taskid,977,finish_time,9505660.239477724
taskid,992,start_time,9509824.488676881
taskid,992,finish_time,9510828.987258693
taskid,993,start_time,9544744.748158865
taskid,993,finish_time,9545318.192961793
taskid,994,start_time,9545797.844804807
taskid,994,finish_time,9546844.203267453
taskid,991,finish_time,9567776.311262334
taskid,984,finish_time,9569360.893902356
taskid,995,start_time,9577900.337391648
taskid,995,finish_time,9585328.735118773
taskid,996,start_time,9591830.376644466
taskid,996,finish_time,9599991.233498897
taskid,997,start_time,9611246.157922102
taskid,998,start_time,9614195.375293119
taskid,997,finish_time,9615428.37846606
taskid,999,start_time,9616504.2239689
taskid,998,finish_time,9617586.661254464
taskid,999,finish_time,9619944.805326566
