task_id,0,arriving_time,315.24884375640477
task_id,0,gpu_num,256
task_id,1,arriving_time,508.55785107526634
task_id,1,gpu_num,256
task_id,2,arriving_time,899.2411272571978
task_id,2,gpu_num,512
task_id,3,arriving_time,963.202866088175
task_id,3,gpu_num,512
task_id,4,arriving_time,1317.2017968414566
task_id,4,gpu_num,512
task_id,5,arriving_time,1392.4867157703716
task_id,5,gpu_num,32
task_id,6,arriving_time,1582.5160029264266
task_id,6,gpu_num,32
task_id,7,arriving_time,2140.884665308905
task_id,7,gpu_num,256
task_id,8,arriving_time,2355.003268300651
task_id,8,gpu_num,256
task_id,9,arriving_time,2596.8020869864667
task_id,9,gpu_num,256
task_id,10,arriving_time,3264.9217136547695
task_id,10,gpu_num,256
task_id,11,arriving_time,3528.678257152137
task_id,11,gpu_num,32
task_id,12,arriving_time,3675.854407801603
task_id,12,gpu_num,256
task_id,13,arriving_time,4253.067032344951
task_id,13,gpu_num,256
task_id,14,arriving_time,4367.866898020483
task_id,14,gpu_num,32
task_id,15,arriving_time,4481.751786209239
task_id,15,gpu_num,256
task_id,16,arriving_time,4516.6910562449275
task_id,16,gpu_num,256
task_id,17,arriving_time,5020.017882307733
task_id,17,gpu_num,256
task_id,18,arriving_time,5159.89992513502
task_id,18,gpu_num,32
task_id,19,arriving_time,5335.85836361954
task_id,19,gpu_num,256
task_id,20,arriving_time,5608.743284940329
task_id,20,gpu_num,256
task_id,21,arriving_time,5662.276163869638
task_id,21,gpu_num,32
task_id,22,arriving_time,5680.232575559481
task_id,22,gpu_num,32
task_id,23,arriving_time,5681.694414294434
task_id,23,gpu_num,256
task_id,24,arriving_time,5718.0017897283615
task_id,24,gpu_num,32
task_id,25,arriving_time,5769.076413298346
task_id,25,gpu_num,128
task_id,26,arriving_time,5877.138530298059
task_id,26,gpu_num,32
task_id,27,arriving_time,6150.996321331405
task_id,27,gpu_num,256
task_id,28,arriving_time,6364.543302930837
task_id,28,gpu_num,32
task_id,29,arriving_time,6377.956041272234
task_id,29,gpu_num,32
task_id,30,arriving_time,6659.825592210876
task_id,30,gpu_num,256
task_id,31,arriving_time,6771.052323358016
task_id,31,gpu_num,32
task_id,32,arriving_time,6838.9400360157515
task_id,32,gpu_num,256
task_id,33,arriving_time,6853.212725259066
task_id,33,gpu_num,32
task_id,34,arriving_time,6944.566957928984
task_id,34,gpu_num,32
task_id,35,arriving_time,7063.300709190765
task_id,35,gpu_num,32
task_id,36,arriving_time,8185.047849525681
task_id,36,gpu_num,32
task_id,37,arriving_time,8187.135816736325
task_id,37,gpu_num,256
task_id,38,arriving_time,8405.592102796858
task_id,38,gpu_num,32
task_id,39,arriving_time,8632.51757068204
task_id,39,gpu_num,32
task_id,40,arriving_time,8634.023084680019
task_id,40,gpu_num,32
task_id,41,arriving_time,8695.484724121083
task_id,41,gpu_num,32
task_id,42,arriving_time,8732.094426210664
task_id,42,gpu_num,32
task_id,43,arriving_time,8779.478099187567
task_id,43,gpu_num,32
task_id,44,arriving_time,9567.744221778237
task_id,44,gpu_num,32
task_id,45,arriving_time,9655.826821376228
task_id,45,gpu_num,32
task_id,46,arriving_time,10047.34128993019
task_id,46,gpu_num,32
task_id,47,arriving_time,10359.541364192366
task_id,47,gpu_num,32
task_id,48,arriving_time,10406.905420875257
task_id,48,gpu_num,32
task_id,49,arriving_time,10814.86207445413
task_id,49,gpu_num,32
task_id,50,arriving_time,11048.033827586327
task_id,50,gpu_num,32
task_id,51,arriving_time,11755.26844460941
task_id,51,gpu_num,32
task_id,52,arriving_time,11960.581525802456
task_id,52,gpu_num,32
task_id,53,arriving_time,12297.509535216728
task_id,53,gpu_num,32
task_id,54,arriving_time,12369.333835977772
task_id,54,gpu_num,32
task_id,55,arriving_time,12607.734885838769
task_id,55,gpu_num,32
task_id,56,arriving_time,12917.343712405613
task_id,56,gpu_num,32
task_id,57,arriving_time,12969.484165976548
task_id,57,gpu_num,256
task_id,58,arriving_time,13032.359079253069
task_id,58,gpu_num,256
task_id,59,arriving_time,13064.55315017685
task_id,59,gpu_num,256
task_id,60,arriving_time,13474.931903876432
task_id,60,gpu_num,1024
task_id,61,arriving_time,13531.056812877783
task_id,61,gpu_num,32
task_id,62,arriving_time,13761.695477430816
task_id,62,gpu_num,32
task_id,63,arriving_time,13838.152723787565
task_id,63,gpu_num,32
task_id,64,arriving_time,14372.118371619996
task_id,64,gpu_num,32
task_id,65,arriving_time,14466.629789094968
task_id,65,gpu_num,256
task_id,66,arriving_time,14702.963056363044
task_id,66,gpu_num,32
task_id,67,arriving_time,14812.705085315001
task_id,67,gpu_num,32
task_id,68,arriving_time,14985.920162029764
task_id,68,gpu_num,32
task_id,69,arriving_time,15540.597649504512
task_id,69,gpu_num,32
task_id,70,arriving_time,15998.681101223247
task_id,70,gpu_num,256
task_id,71,arriving_time,16021.96123349109
task_id,71,gpu_num,1024
task_id,72,arriving_time,16075.665858747087
task_id,72,gpu_num,32
task_id,73,arriving_time,16095.868967487231
task_id,73,gpu_num,32
task_id,74,arriving_time,16286.541861164562
task_id,74,gpu_num,32
task_id,75,arriving_time,16669.590078083897
task_id,75,gpu_num,256
task_id,76,arriving_time,17249.703754345028
task_id,76,gpu_num,512
task_id,77,arriving_time,17727.105314071072
task_id,77,gpu_num,256
task_id,78,arriving_time,17789.097092655997
task_id,78,gpu_num,256
task_id,79,arriving_time,17982.864890542227
task_id,79,gpu_num,32
task_id,80,arriving_time,18290.881528785794
task_id,80,gpu_num,256
task_id,81,arriving_time,18382.831381887
task_id,81,gpu_num,32
task_id,82,arriving_time,18445.725617500484
task_id,82,gpu_num,512
task_id,83,arriving_time,19225.63011325634
task_id,83,gpu_num,32
task_id,84,arriving_time,20663.90237122457
task_id,84,gpu_num,32
task_id,85,arriving_time,20780.45355286274
task_id,85,gpu_num,256
task_id,86,arriving_time,20989.278293556745
task_id,86,gpu_num,128
task_id,87,arriving_time,21070.455879484376
task_id,87,gpu_num,512
task_id,88,arriving_time,21615.894610683255
task_id,88,gpu_num,512
task_id,89,arriving_time,22414.340748509498
task_id,89,gpu_num,128
task_id,90,arriving_time,22591.68152340769
task_id,90,gpu_num,32
task_id,91,arriving_time,22611.355704271296
task_id,91,gpu_num,32
task_id,92,arriving_time,22801.602465532855
task_id,92,gpu_num,128
task_id,93,arriving_time,23181.1527373287
task_id,93,gpu_num,32
task_id,94,arriving_time,23634.436240471015
task_id,94,gpu_num,256
task_id,95,arriving_time,24136.52809340846
task_id,95,gpu_num,512
task_id,96,arriving_time,24179.891359271114
task_id,96,gpu_num,256
task_id,97,arriving_time,24250.16938784931
task_id,97,gpu_num,512
task_id,98,arriving_time,24623.142987146148
task_id,98,gpu_num,512
task_id,99,arriving_time,24644.850932394795
task_id,99,gpu_num,256
task_id,100,arriving_time,24979.95962412779
task_id,100,gpu_num,512
task_id,101,arriving_time,25026.331142236555
task_id,101,gpu_num,32
task_id,102,arriving_time,25603.394586705537
task_id,102,gpu_num,256
task_id,103,arriving_time,26875.487493658115
task_id,103,gpu_num,256
task_id,104,arriving_time,27070.101517564286
task_id,104,gpu_num,128
task_id,105,arriving_time,27237.341079685513
task_id,105,gpu_num,256
task_id,106,arriving_time,27294.798469210386
task_id,106,gpu_num,256
task_id,107,arriving_time,27875.721533382934
task_id,107,gpu_num,256
task_id,108,arriving_time,28078.00488292264
task_id,108,gpu_num,256
task_id,109,arriving_time,28113.832968916002
task_id,109,gpu_num,128
task_id,110,arriving_time,28149.630758067553
task_id,110,gpu_num,256
task_id,111,arriving_time,28225.205729194597
task_id,111,gpu_num,512
task_id,112,arriving_time,28272.089630131424
task_id,112,gpu_num,128
task_id,113,arriving_time,28470.247063756553
task_id,113,gpu_num,256
task_id,114,arriving_time,28794.613368992126
task_id,114,gpu_num,256
task_id,115,arriving_time,29311.315792186375
task_id,115,gpu_num,256
task_id,116,arriving_time,29680.15520329202
task_id,116,gpu_num,32
task_id,117,arriving_time,30095.376496406072
task_id,117,gpu_num,32
task_id,118,arriving_time,30112.73256815762
task_id,118,gpu_num,32
task_id,119,arriving_time,30958.015480739246
task_id,119,gpu_num,32
task_id,120,arriving_time,30974.661966439147
task_id,120,gpu_num,32
task_id,121,arriving_time,31038.413107924935
task_id,121,gpu_num,32
task_id,122,arriving_time,31109.45019780593
task_id,122,gpu_num,32
task_id,123,arriving_time,31604.363837784367
task_id,123,gpu_num,32
task_id,124,arriving_time,31879.24908843954
task_id,124,gpu_num,256
task_id,125,arriving_time,31887.537088823978
task_id,125,gpu_num,32
task_id,126,arriving_time,31898.755522644708
task_id,126,gpu_num,32
task_id,127,arriving_time,31945.80221664876
task_id,127,gpu_num,32
task_id,128,arriving_time,32011.5924960869
task_id,128,gpu_num,32
task_id,129,arriving_time,32800.04888035012
task_id,129,gpu_num,32
task_id,130,arriving_time,33150.945904332424
task_id,130,gpu_num,32
task_id,131,arriving_time,33216.502956263685
task_id,131,gpu_num,256
task_id,132,arriving_time,33252.182095773445
task_id,132,gpu_num,256
task_id,133,arriving_time,33682.68723244836
task_id,133,gpu_num,256
task_id,134,arriving_time,33724.19406462754
task_id,134,gpu_num,256
task_id,135,arriving_time,34405.83383961212
task_id,135,gpu_num,256
task_id,136,arriving_time,34479.21376693146
task_id,136,gpu_num,256
task_id,137,arriving_time,34578.677346844874
task_id,137,gpu_num,256
task_id,138,arriving_time,35130.93744761361
task_id,138,gpu_num,32
task_id,139,arriving_time,35404.81444422678
task_id,139,gpu_num,256
task_id,140,arriving_time,35444.02148519036
task_id,140,gpu_num,32
task_id,141,arriving_time,35604.24182386823
task_id,141,gpu_num,512
task_id,142,arriving_time,35931.81595463337
task_id,142,gpu_num,256
task_id,143,arriving_time,36110.8979167024
task_id,143,gpu_num,512
task_id,144,arriving_time,36244.45308607136
task_id,144,gpu_num,32
task_id,145,arriving_time,36304.062128832156
task_id,145,gpu_num,256
task_id,146,arriving_time,36664.963401187924
task_id,146,gpu_num,32
task_id,147,arriving_time,36962.39751629502
task_id,147,gpu_num,256
task_id,148,arriving_time,38025.60009046233
task_id,148,gpu_num,32
task_id,149,arriving_time,38260.19231435732
task_id,149,gpu_num,256
task_id,150,arriving_time,38306.69597538706
task_id,150,gpu_num,256
task_id,151,arriving_time,38514.15813421212
task_id,151,gpu_num,32
task_id,152,arriving_time,38720.664743517824
task_id,152,gpu_num,512
task_id,153,arriving_time,38757.49466448061
task_id,153,gpu_num,256
task_id,154,arriving_time,38871.50449556281
task_id,154,gpu_num,256
task_id,155,arriving_time,39330.879669575654
task_id,155,gpu_num,256
task_id,156,arriving_time,39420.23347166644
task_id,156,gpu_num,256
task_id,157,arriving_time,39920.24242277152
task_id,157,gpu_num,256
task_id,158,arriving_time,40037.432564966926
task_id,158,gpu_num,32
task_id,159,arriving_time,40401.64521302858
task_id,159,gpu_num,32
task_id,160,arriving_time,40432.31726926302
task_id,160,gpu_num,256
task_id,161,arriving_time,40678.2647060308
task_id,161,gpu_num,32
task_id,162,arriving_time,40776.368860440765
task_id,162,gpu_num,32
task_id,163,arriving_time,40875.39248992235
task_id,163,gpu_num,32
task_id,164,arriving_time,41358.2558620107
task_id,164,gpu_num,32
task_id,165,arriving_time,41685.915535257096
task_id,165,gpu_num,512
task_id,166,arriving_time,41748.004234358224
task_id,166,gpu_num,32
task_id,167,arriving_time,41774.34637815335
task_id,167,gpu_num,32
task_id,168,arriving_time,41884.16237270072
task_id,168,gpu_num,256
task_id,169,arriving_time,42151.77426761236
task_id,169,gpu_num,256
task_id,170,arriving_time,42623.60264677566
task_id,170,gpu_num,256
task_id,171,arriving_time,42783.871597684774
task_id,171,gpu_num,32
task_id,172,arriving_time,43560.80105124414
task_id,172,gpu_num,32
task_id,173,arriving_time,43597.23945559382
task_id,173,gpu_num,256
task_id,174,arriving_time,43715.56046715897
task_id,174,gpu_num,256
task_id,175,arriving_time,43948.97185495689
task_id,175,gpu_num,32
task_id,176,arriving_time,44093.94226134382
task_id,176,gpu_num,32
task_id,177,arriving_time,45070.78572916276
task_id,177,gpu_num,32
task_id,178,arriving_time,45144.53716164665
task_id,178,gpu_num,256
task_id,179,arriving_time,45605.88367531622
task_id,179,gpu_num,256
task_id,180,arriving_time,45694.569039077935
task_id,180,gpu_num,256
task_id,181,arriving_time,45787.833485512754
task_id,181,gpu_num,512
task_id,182,arriving_time,46164.60094582516
task_id,182,gpu_num,512
task_id,183,arriving_time,46286.122844905316
task_id,183,gpu_num,256
task_id,184,arriving_time,46435.83956335129
task_id,184,gpu_num,256
task_id,185,arriving_time,46792.36570528762
task_id,185,gpu_num,32
task_id,186,arriving_time,46818.7181736072
task_id,186,gpu_num,256
task_id,187,arriving_time,46977.03093668529
task_id,187,gpu_num,32
task_id,188,arriving_time,47208.56533585082
task_id,188,gpu_num,32
task_id,189,arriving_time,47520.04831900709
task_id,189,gpu_num,32
task_id,190,arriving_time,47570.38040983145
task_id,190,gpu_num,32
task_id,191,arriving_time,48095.51087661784
task_id,191,gpu_num,32
task_id,192,arriving_time,48148.14015506505
task_id,192,gpu_num,32
task_id,193,arriving_time,48186.648777596856
task_id,193,gpu_num,256
task_id,194,arriving_time,48403.638094178066
task_id,194,gpu_num,256
task_id,195,arriving_time,48923.685254234726
task_id,195,gpu_num,512
task_id,196,arriving_time,48927.24005026762
task_id,196,gpu_num,256
task_id,197,arriving_time,49056.47851372025
task_id,197,gpu_num,256
task_id,198,arriving_time,49171.79914030139
task_id,198,gpu_num,256
task_id,199,arriving_time,49783.458610381604
task_id,199,gpu_num,256
task_id,200,arriving_time,49939.54977966887
task_id,200,gpu_num,256
task_id,201,arriving_time,50002.24419458594
task_id,201,gpu_num,128
task_id,202,arriving_time,50286.26450476133
task_id,202,gpu_num,256
task_id,203,arriving_time,50692.13215447706
task_id,203,gpu_num,128
task_id,204,arriving_time,51309.169076210135
task_id,204,gpu_num,256
task_id,205,arriving_time,52005.2385003946
task_id,205,gpu_num,256
task_id,206,arriving_time,52313.8609630614
task_id,206,gpu_num,512
task_id,207,arriving_time,52319.03005921284
task_id,207,gpu_num,256
task_id,208,arriving_time,52777.37779567477
task_id,208,gpu_num,512
task_id,209,arriving_time,53156.66511886888
task_id,209,gpu_num,256
task_id,210,arriving_time,53212.884355766786
task_id,210,gpu_num,256
task_id,211,arriving_time,53384.773453000445
task_id,211,gpu_num,32
task_id,212,arriving_time,53925.82441582853
task_id,212,gpu_num,512
task_id,213,arriving_time,54049.74774915304
task_id,213,gpu_num,32
task_id,214,arriving_time,54054.41310323214
task_id,214,gpu_num,256
task_id,215,arriving_time,54345.38838989899
task_id,215,gpu_num,256
task_id,216,arriving_time,54525.886085905775
task_id,216,gpu_num,32
task_id,217,arriving_time,54581.23385424573
task_id,217,gpu_num,512
task_id,218,arriving_time,55591.06648104841
task_id,218,gpu_num,512
task_id,219,arriving_time,55599.77665391697
task_id,219,gpu_num,32
task_id,220,arriving_time,55740.55210580434
task_id,220,gpu_num,1024
task_id,221,arriving_time,56114.44143372496
task_id,221,gpu_num,32
task_id,222,arriving_time,56633.62349048309
task_id,222,gpu_num,32
task_id,223,arriving_time,57328.825695342144
task_id,223,gpu_num,256
task_id,224,arriving_time,57948.04911664569
task_id,224,gpu_num,256
task_id,225,arriving_time,58477.569757377336
task_id,225,gpu_num,256
task_id,226,arriving_time,59142.933821580205
task_id,226,gpu_num,256
task_id,227,arriving_time,59539.704906190025
task_id,227,gpu_num,128
task_id,228,arriving_time,59830.33636774511
task_id,228,gpu_num,32
task_id,229,arriving_time,60192.20659835518
task_id,229,gpu_num,32
task_id,230,arriving_time,60349.392551779114
task_id,230,gpu_num,32
task_id,231,arriving_time,60492.072270160665
task_id,231,gpu_num,32
task_id,232,arriving_time,60753.362474409914
task_id,232,gpu_num,32
task_id,233,arriving_time,60757.83013802076
task_id,233,gpu_num,128
task_id,234,arriving_time,60883.18754559236
task_id,234,gpu_num,128
task_id,235,arriving_time,61140.1749692325
task_id,235,gpu_num,32
task_id,236,arriving_time,61251.25094952936
task_id,236,gpu_num,32
task_id,237,arriving_time,61591.60411570431
task_id,237,gpu_num,32
task_id,238,arriving_time,61608.435527187736
task_id,238,gpu_num,32
task_id,239,arriving_time,61686.11278490141
task_id,239,gpu_num,32
task_id,240,arriving_time,62163.84576391109
task_id,240,gpu_num,32
task_id,241,arriving_time,62197.925655499035
task_id,241,gpu_num,128
task_id,242,arriving_time,62569.77287904272
task_id,242,gpu_num,32
task_id,243,arriving_time,62683.32650341645
task_id,243,gpu_num,32
task_id,244,arriving_time,62956.15760271573
task_id,244,gpu_num,32
task_id,245,arriving_time,63018.75933171695
task_id,245,gpu_num,32
task_id,246,arriving_time,63047.27337284349
task_id,246,gpu_num,128
task_id,247,arriving_time,63244.60515097641
task_id,247,gpu_num,32
task_id,248,arriving_time,63277.800093868755
task_id,248,gpu_num,128
task_id,249,arriving_time,63309.22769639392
task_id,249,gpu_num,32
task_id,250,arriving_time,63562.19684203297
task_id,250,gpu_num,32
task_id,251,arriving_time,63714.14911186285
task_id,251,gpu_num,32
task_id,252,arriving_time,64682.255931642474
task_id,252,gpu_num,32
task_id,253,arriving_time,64710.29505805558
task_id,253,gpu_num,32
task_id,254,arriving_time,64745.8726928888
task_id,254,gpu_num,128
task_id,255,arriving_time,64748.925838125404
task_id,255,gpu_num,32
task_id,256,arriving_time,64895.91385728642
task_id,256,gpu_num,32
task_id,257,arriving_time,64932.4411038443
task_id,257,gpu_num,32
task_id,258,arriving_time,65014.91351502592
task_id,258,gpu_num,32
task_id,259,arriving_time,65195.88363407557
task_id,259,gpu_num,32
task_id,260,arriving_time,65219.97427938184
task_id,260,gpu_num,32
task_id,261,arriving_time,65436.88392719238
task_id,261,gpu_num,32
task_id,262,arriving_time,65567.37545020298
task_id,262,gpu_num,256
task_id,263,arriving_time,65835.94930703034
task_id,263,gpu_num,32
task_id,264,arriving_time,66032.73928887687
task_id,264,gpu_num,32
task_id,265,arriving_time,66106.10134930573
task_id,265,gpu_num,32
task_id,266,arriving_time,66666.11475202309
task_id,266,gpu_num,32
task_id,267,arriving_time,66681.16857943071
task_id,267,gpu_num,32
task_id,268,arriving_time,66701.49631439347
task_id,268,gpu_num,256
task_id,269,arriving_time,66749.50406081344
task_id,269,gpu_num,256
task_id,270,arriving_time,66839.05198082294
task_id,270,gpu_num,32
task_id,271,arriving_time,66875.29923088929
task_id,271,gpu_num,32
task_id,272,arriving_time,66935.0953995315
task_id,272,gpu_num,32
task_id,273,arriving_time,66977.39064456862
task_id,273,gpu_num,32
task_id,274,arriving_time,67617.19243500725
task_id,274,gpu_num,32
task_id,275,arriving_time,67939.46906439618
task_id,275,gpu_num,32
task_id,276,arriving_time,68053.97773138269
task_id,276,gpu_num,32
task_id,277,arriving_time,69150.49650938193
task_id,277,gpu_num,32
task_id,278,arriving_time,70146.68334578813
task_id,278,gpu_num,256
task_id,279,arriving_time,70379.92327869213
task_id,279,gpu_num,32
task_id,280,arriving_time,70792.19665883906
task_id,280,gpu_num,32
task_id,281,arriving_time,70828.56445761856
task_id,281,gpu_num,1024
task_id,282,arriving_time,70956.1733811594
task_id,282,gpu_num,256
task_id,283,arriving_time,71425.68687625903
task_id,283,gpu_num,256
task_id,284,arriving_time,71426.13069217232
task_id,284,gpu_num,32
task_id,285,arriving_time,71443.84764682528
task_id,285,gpu_num,1024
task_id,286,arriving_time,71573.91672488255
task_id,286,gpu_num,32
task_id,287,arriving_time,71674.1527003341
task_id,287,gpu_num,256
task_id,288,arriving_time,71711.29202504263
task_id,288,gpu_num,32
task_id,289,arriving_time,72008.43421698478
task_id,289,gpu_num,32
task_id,290,arriving_time,72038.1696197308
task_id,290,gpu_num,32
task_id,291,arriving_time,72638.37561268354
task_id,291,gpu_num,32
task_id,292,arriving_time,72652.2087125743
task_id,292,gpu_num,32
task_id,293,arriving_time,72938.45968564597
task_id,293,gpu_num,32
task_id,294,arriving_time,73572.09866537162
task_id,294,gpu_num,32
task_id,295,arriving_time,73664.40829566355
task_id,295,gpu_num,512
task_id,296,arriving_time,73787.94285928365
task_id,296,gpu_num,256
task_id,297,arriving_time,73794.61856437904
task_id,297,gpu_num,256
task_id,298,arriving_time,73831.1522103885
task_id,298,gpu_num,32
task_id,299,arriving_time,74248.7856757029
task_id,299,gpu_num,512
task_id,300,arriving_time,74272.83569965551
task_id,300,gpu_num,256
task_id,301,arriving_time,74369.75564765096
task_id,301,gpu_num,512
task_id,302,arriving_time,74397.06581855699
task_id,302,gpu_num,512
task_id,303,arriving_time,74720.33720711972
task_id,303,gpu_num,32
task_id,304,arriving_time,74824.45886813634
task_id,304,gpu_num,32
task_id,305,arriving_time,75025.31237427308
task_id,305,gpu_num,512
task_id,306,arriving_time,75236.70846898685
task_id,306,gpu_num,256
task_id,307,arriving_time,75291.0969189654
task_id,307,gpu_num,256
task_id,308,arriving_time,75318.10434837067
task_id,308,gpu_num,256
task_id,309,arriving_time,75687.97081359531
task_id,309,gpu_num,32
task_id,310,arriving_time,75719.32590770656
task_id,310,gpu_num,1024
task_id,311,arriving_time,75974.68803988522
task_id,311,gpu_num,32
task_id,312,arriving_time,76509.01588769672
task_id,312,gpu_num,32
task_id,313,arriving_time,76743.83521189507
task_id,313,gpu_num,32
task_id,314,arriving_time,76938.80523019366
task_id,314,gpu_num,32
task_id,315,arriving_time,77004.91052033172
task_id,315,gpu_num,32
task_id,316,arriving_time,77359.58897904772
task_id,316,gpu_num,256
task_id,317,arriving_time,77577.06035944587
task_id,317,gpu_num,256
task_id,318,arriving_time,77688.05023615409
task_id,318,gpu_num,512
task_id,319,arriving_time,77806.98911026148
task_id,319,gpu_num,32
task_id,320,arriving_time,78223.24669648675
task_id,320,gpu_num,32
task_id,321,arriving_time,78229.53154039558
task_id,321,gpu_num,32
task_id,322,arriving_time,78460.89906606497
task_id,322,gpu_num,32
task_id,323,arriving_time,78535.96580461082
task_id,323,gpu_num,256
task_id,324,arriving_time,78890.50003154078
task_id,324,gpu_num,32
task_id,325,arriving_time,79211.36956140159
task_id,325,gpu_num,32
task_id,326,arriving_time,79362.78774622176
task_id,326,gpu_num,32
task_id,327,arriving_time,79513.93253490888
task_id,327,gpu_num,32
task_id,328,arriving_time,79520.15830627573
task_id,328,gpu_num,32
task_id,329,arriving_time,79550.69399412225
task_id,329,gpu_num,32
task_id,330,arriving_time,79560.73024802966
task_id,330,gpu_num,32
task_id,331,arriving_time,80264.15633477579
task_id,331,gpu_num,32
task_id,332,arriving_time,80464.69436354563
task_id,332,gpu_num,32
task_id,333,arriving_time,80763.75640149844
task_id,333,gpu_num,32
task_id,334,arriving_time,81001.92592555268
task_id,334,gpu_num,256
task_id,335,arriving_time,81230.39063589764
task_id,335,gpu_num,256
task_id,336,arriving_time,81453.84702448516
task_id,336,gpu_num,512
task_id,337,arriving_time,81670.74643400656
task_id,337,gpu_num,32
task_id,338,arriving_time,81768.11945525144
task_id,338,gpu_num,32
task_id,339,arriving_time,81870.25753817309
task_id,339,gpu_num,32
task_id,340,arriving_time,81950.93791085346
task_id,340,gpu_num,256
task_id,341,arriving_time,82212.70462696544
task_id,341,gpu_num,256
task_id,342,arriving_time,82221.58713591479
task_id,342,gpu_num,256
task_id,343,arriving_time,82257.1303904856
task_id,343,gpu_num,32
task_id,344,arriving_time,82530.64576982467
task_id,344,gpu_num,32
task_id,345,arriving_time,82605.80502128442
task_id,345,gpu_num,512
task_id,346,arriving_time,82898.77251528995
task_id,346,gpu_num,32
task_id,347,arriving_time,83219.56906546566
task_id,347,gpu_num,32
task_id,348,arriving_time,83450.41035674069
task_id,348,gpu_num,512
task_id,349,arriving_time,83462.44919638793
task_id,349,gpu_num,32
task_id,350,arriving_time,83562.85364975236
task_id,350,gpu_num,32
task_id,351,arriving_time,83640.21114414524
task_id,351,gpu_num,32
task_id,352,arriving_time,84168.16944362778
task_id,352,gpu_num,256
task_id,353,arriving_time,84688.74530916831
task_id,353,gpu_num,32
task_id,354,arriving_time,84879.71003583902
task_id,354,gpu_num,32
task_id,355,arriving_time,84959.78802820187
task_id,355,gpu_num,32
task_id,356,arriving_time,85364.27243403897
task_id,356,gpu_num,512
task_id,357,arriving_time,85627.15759944376
task_id,357,gpu_num,256
task_id,358,arriving_time,85727.35105251911
task_id,358,gpu_num,512
task_id,359,arriving_time,85981.29916216541
task_id,359,gpu_num,512
task_id,360,arriving_time,86141.31372258846
task_id,360,gpu_num,32
task_id,361,arriving_time,86409.05873044414
task_id,361,gpu_num,256
task_id,362,arriving_time,86571.76028098198
task_id,362,gpu_num,32
task_id,363,arriving_time,86642.73441270176
task_id,363,gpu_num,32
task_id,364,arriving_time,86933.49440345723
task_id,364,gpu_num,32
task_id,365,arriving_time,87659.29301948652
task_id,365,gpu_num,32
task_id,366,arriving_time,87982.35075363574
task_id,366,gpu_num,32
task_id,367,arriving_time,88055.74045017043
task_id,367,gpu_num,32
task_id,368,arriving_time,88084.99037230734
task_id,368,gpu_num,32
task_id,369,arriving_time,88166.51978264423
task_id,369,gpu_num,32
task_id,370,arriving_time,88308.6022567091
task_id,370,gpu_num,32
task_id,371,arriving_time,88400.65279648201
task_id,371,gpu_num,32
task_id,372,arriving_time,88674.9313466979
task_id,372,gpu_num,32
task_id,373,arriving_time,88680.02984414696
task_id,373,gpu_num,32
task_id,374,arriving_time,88701.41768630834
task_id,374,gpu_num,32
task_id,375,arriving_time,89165.47195480306
task_id,375,gpu_num,32
task_id,376,arriving_time,89487.72666360119
task_id,376,gpu_num,256
task_id,377,arriving_time,89867.68251430133
task_id,377,gpu_num,32
task_id,378,arriving_time,89951.19927397328
task_id,378,gpu_num,32
task_id,379,arriving_time,90046.37659152581
task_id,379,gpu_num,32
task_id,380,arriving_time,91409.47028254325
task_id,380,gpu_num,32
task_id,381,arriving_time,91438.9068330601
task_id,381,gpu_num,32
task_id,382,arriving_time,91633.75356228132
task_id,382,gpu_num,32
task_id,383,arriving_time,91833.7379254177
task_id,383,gpu_num,32
task_id,384,arriving_time,91901.91534719321
task_id,384,gpu_num,32
task_id,385,arriving_time,91945.93093357913
task_id,385,gpu_num,32
task_id,386,arriving_time,92027.11111484167
task_id,386,gpu_num,32
task_id,387,arriving_time,92062.76277877841
task_id,387,gpu_num,32
task_id,388,arriving_time,92285.20112211608
task_id,388,gpu_num,32
task_id,389,arriving_time,92463.17532212501
task_id,389,gpu_num,32
task_id,390,arriving_time,92678.52681807465
task_id,390,gpu_num,32
task_id,391,arriving_time,92875.18122914774
task_id,391,gpu_num,32
task_id,392,arriving_time,93387.91177060394
task_id,392,gpu_num,256
task_id,393,arriving_time,93419.73316034289
task_id,393,gpu_num,32
task_id,394,arriving_time,93844.18777288591
task_id,394,gpu_num,32
task_id,395,arriving_time,93918.23520417746
task_id,395,gpu_num,32
task_id,396,arriving_time,94466.7901499988
task_id,396,gpu_num,32
task_id,397,arriving_time,94578.73114526589
task_id,397,gpu_num,32
task_id,398,arriving_time,94722.67002175689
task_id,398,gpu_num,32
task_id,399,arriving_time,94755.08903933232
task_id,399,gpu_num,32
task_id,400,arriving_time,95005.82413438449
task_id,400,gpu_num,32
task_id,401,arriving_time,95304.49832386177
task_id,401,gpu_num,32
task_id,402,arriving_time,95379.34028422304
task_id,402,gpu_num,256
task_id,403,arriving_time,95545.99071298813
task_id,403,gpu_num,32
task_id,404,arriving_time,95876.26750633327
task_id,404,gpu_num,32
task_id,405,arriving_time,95991.1935297171
task_id,405,gpu_num,256
task_id,406,arriving_time,95994.71204022007
task_id,406,gpu_num,32
task_id,407,arriving_time,96082.37282411837
task_id,407,gpu_num,32
task_id,408,arriving_time,96169.64621626724
task_id,408,gpu_num,32
task_id,409,arriving_time,96259.99777982027
task_id,409,gpu_num,32
task_id,410,arriving_time,96343.78953236243
task_id,410,gpu_num,32
task_id,411,arriving_time,96371.36471928276
task_id,411,gpu_num,32
task_id,412,arriving_time,96552.27791493676
task_id,412,gpu_num,32
task_id,413,arriving_time,97629.3966593997
task_id,413,gpu_num,32
task_id,414,arriving_time,97821.0635576046
task_id,414,gpu_num,32
task_id,415,arriving_time,97984.43736737625
task_id,415,gpu_num,32
task_id,416,arriving_time,98016.79773387035
task_id,416,gpu_num,512
task_id,417,arriving_time,98715.3405845247
task_id,417,gpu_num,512
task_id,418,arriving_time,98794.25245560311
task_id,418,gpu_num,32
task_id,419,arriving_time,98948.94435819131
task_id,419,gpu_num,32
task_id,420,arriving_time,99128.4983296
task_id,420,gpu_num,32
task_id,421,arriving_time,99207.95883156355
task_id,421,gpu_num,256
task_id,422,arriving_time,99483.77345080122
task_id,422,gpu_num,32
task_id,423,arriving_time,99708.30006336716
task_id,423,gpu_num,32
task_id,424,arriving_time,99777.6399108807
task_id,424,gpu_num,32
task_id,425,arriving_time,99877.99693374387
task_id,425,gpu_num,32
task_id,426,arriving_time,100058.63979332458
task_id,426,gpu_num,32
task_id,427,arriving_time,100536.42538230294
task_id,427,gpu_num,32
task_id,428,arriving_time,101084.70816571498
task_id,428,gpu_num,32
task_id,429,arriving_time,101133.82198270921
task_id,429,gpu_num,32
task_id,430,arriving_time,101225.14191251947
task_id,430,gpu_num,32
task_id,431,arriving_time,101442.49992543012
task_id,431,gpu_num,512
task_id,432,arriving_time,101658.12182418541
task_id,432,gpu_num,256
task_id,433,arriving_time,102095.73143040917
task_id,433,gpu_num,32
task_id,434,arriving_time,102106.66497204904
task_id,434,gpu_num,32
task_id,435,arriving_time,102109.27800414065
task_id,435,gpu_num,32
task_id,436,arriving_time,102139.25905727889
task_id,436,gpu_num,32
task_id,437,arriving_time,102510.28698512027
task_id,437,gpu_num,32
task_id,438,arriving_time,103058.61530297129
task_id,438,gpu_num,32
task_id,439,arriving_time,103329.02727595887
task_id,439,gpu_num,32
task_id,440,arriving_time,103746.25353733936
task_id,440,gpu_num,32
task_id,441,arriving_time,103792.92764867745
task_id,441,gpu_num,32
task_id,442,arriving_time,103983.47940819807
task_id,442,gpu_num,32
task_id,443,arriving_time,104719.96593185356
task_id,443,gpu_num,32
task_id,444,arriving_time,104792.45322423491
task_id,444,gpu_num,32
task_id,445,arriving_time,105040.12647272053
task_id,445,gpu_num,32
task_id,446,arriving_time,105142.00065043547
task_id,446,gpu_num,1024
task_id,447,arriving_time,105400.69732545037
task_id,447,gpu_num,32
task_id,448,arriving_time,105638.97193607771
task_id,448,gpu_num,32
task_id,449,arriving_time,106083.04556583737
task_id,449,gpu_num,32
task_id,450,arriving_time,106463.5278011339
task_id,450,gpu_num,32
task_id,451,arriving_time,106642.7400636906
task_id,451,gpu_num,32
task_id,452,arriving_time,106695.91812138703
task_id,452,gpu_num,32
task_id,453,arriving_time,106825.60975558723
task_id,453,gpu_num,256
task_id,454,arriving_time,107463.99323526707
task_id,454,gpu_num,512
task_id,455,arriving_time,107882.97906497374
task_id,455,gpu_num,1024
task_id,456,arriving_time,108681.53763351265
task_id,456,gpu_num,512
task_id,457,arriving_time,108786.7981883252
task_id,457,gpu_num,256
task_id,458,arriving_time,108807.35689885153
task_id,458,gpu_num,512
task_id,459,arriving_time,109400.85589028893
task_id,459,gpu_num,32
task_id,460,arriving_time,109537.76615860766
task_id,460,gpu_num,512
task_id,461,arriving_time,109575.01865901609
task_id,461,gpu_num,256
task_id,462,arriving_time,109583.95793475269
task_id,462,gpu_num,256
task_id,463,arriving_time,109895.81461893982
task_id,463,gpu_num,256
task_id,464,arriving_time,110085.57503226312
task_id,464,gpu_num,32
task_id,465,arriving_time,110383.68693852912
task_id,465,gpu_num,32
task_id,466,arriving_time,110717.48596311969
task_id,466,gpu_num,32
task_id,467,arriving_time,110809.40480001271
task_id,467,gpu_num,256
task_id,468,arriving_time,110924.56195804678
task_id,468,gpu_num,32
task_id,469,arriving_time,110996.70209098545
task_id,469,gpu_num,32
task_id,470,arriving_time,111286.9558849443
task_id,470,gpu_num,32
task_id,471,arriving_time,111471.38442198584
task_id,471,gpu_num,32
task_id,472,arriving_time,112261.85028420265
task_id,472,gpu_num,32
task_id,473,arriving_time,112817.77459141379
task_id,473,gpu_num,32
task_id,474,arriving_time,113066.17129883353
task_id,474,gpu_num,32
task_id,475,arriving_time,114514.48517984801
task_id,475,gpu_num,32
task_id,476,arriving_time,114658.6496731186
task_id,476,gpu_num,32
task_id,477,arriving_time,114694.23831874297
task_id,477,gpu_num,32
task_id,478,arriving_time,114761.10414927587
task_id,478,gpu_num,512
task_id,479,arriving_time,114895.12561082511
task_id,479,gpu_num,512
task_id,480,arriving_time,114974.1965243498
task_id,480,gpu_num,32
task_id,481,arriving_time,115341.48063637684
task_id,481,gpu_num,32
task_id,482,arriving_time,115531.7763548494
task_id,482,gpu_num,32
task_id,483,arriving_time,115798.57206756131
task_id,483,gpu_num,32
task_id,484,arriving_time,115871.53720261533
task_id,484,gpu_num,32
task_id,485,arriving_time,116487.43797502288
task_id,485,gpu_num,32
task_id,486,arriving_time,116678.07814003243
task_id,486,gpu_num,32
task_id,487,arriving_time,116749.31834245544
task_id,487,gpu_num,32
task_id,488,arriving_time,117254.86643858236
task_id,488,gpu_num,32
task_id,489,arriving_time,117353.41813114204
task_id,489,gpu_num,32
task_id,490,arriving_time,117421.87928523109
task_id,490,gpu_num,32
task_id,491,arriving_time,117434.08604494136
task_id,491,gpu_num,512
task_id,492,arriving_time,117558.14400497402
task_id,492,gpu_num,32
task_id,493,arriving_time,117692.20792003348
task_id,493,gpu_num,32
task_id,494,arriving_time,117836.47602124223
task_id,494,gpu_num,512
task_id,495,arriving_time,117907.46528566837
task_id,495,gpu_num,32
task_id,496,arriving_time,118054.98086837861
task_id,496,gpu_num,32
task_id,497,arriving_time,118200.46901535624
task_id,497,gpu_num,32
task_id,498,arriving_time,118357.26656108486
task_id,498,gpu_num,32
task_id,499,arriving_time,118429.46859885086
task_id,499,gpu_num,32
task_id,500,arriving_time,118541.58221000808
task_id,500,gpu_num,32
task_id,501,arriving_time,118593.17776670308
task_id,501,gpu_num,32
task_id,502,arriving_time,118616.45538311255
task_id,502,gpu_num,32
task_id,503,arriving_time,118650.9642666961
task_id,503,gpu_num,32
task_id,504,arriving_time,119066.06988728228
task_id,504,gpu_num,32
task_id,505,arriving_time,119137.39549604163
task_id,505,gpu_num,32
task_id,506,arriving_time,119194.58014120933
task_id,506,gpu_num,32
task_id,507,arriving_time,119480.52823963173
task_id,507,gpu_num,32
task_id,508,arriving_time,120324.54348924797
task_id,508,gpu_num,32
task_id,509,arriving_time,120460.12875590702
task_id,509,gpu_num,32
task_id,510,arriving_time,120716.10292151659
task_id,510,gpu_num,32
task_id,511,arriving_time,120849.39680288947
task_id,511,gpu_num,32
task_id,512,arriving_time,120974.98030832392
task_id,512,gpu_num,256
task_id,513,arriving_time,121064.40551956043
task_id,513,gpu_num,32
task_id,514,arriving_time,121156.33778188375
task_id,514,gpu_num,32
task_id,515,arriving_time,121254.98737638904
task_id,515,gpu_num,256
task_id,516,arriving_time,121318.81278473313
task_id,516,gpu_num,256
task_id,517,arriving_time,122271.9000565666
task_id,517,gpu_num,256
task_id,518,arriving_time,122473.14908096174
task_id,518,gpu_num,32
task_id,519,arriving_time,122889.9228460121
task_id,519,gpu_num,32
task_id,520,arriving_time,123286.0811383692
task_id,520,gpu_num,32
task_id,521,arriving_time,123403.62093235375
task_id,521,gpu_num,32
task_id,522,arriving_time,123425.76510340431
task_id,522,gpu_num,32
task_id,523,arriving_time,123622.33102130984
task_id,523,gpu_num,32
task_id,524,arriving_time,124920.28357875778
task_id,524,gpu_num,512
task_id,525,arriving_time,124954.16758022661
task_id,525,gpu_num,256
task_id,526,arriving_time,126358.36692024705
task_id,526,gpu_num,256
task_id,527,arriving_time,126610.99133250216
task_id,527,gpu_num,256
task_id,528,arriving_time,126820.80638572377
task_id,528,gpu_num,32
task_id,529,arriving_time,127193.8370704893
task_id,529,gpu_num,32
task_id,530,arriving_time,127437.80652813248
task_id,530,gpu_num,32
task_id,531,arriving_time,127556.76119125306
task_id,531,gpu_num,32
task_id,532,arriving_time,128009.36421645421
task_id,532,gpu_num,32
task_id,533,arriving_time,128021.12951433081
task_id,533,gpu_num,32
task_id,534,arriving_time,128686.27991383623
task_id,534,gpu_num,32
task_id,535,arriving_time,128885.18908012898
task_id,535,gpu_num,32
task_id,536,arriving_time,129022.45480409957
task_id,536,gpu_num,32
task_id,537,arriving_time,129337.24393566995
task_id,537,gpu_num,32
task_id,538,arriving_time,129425.69072070639
task_id,538,gpu_num,256
task_id,539,arriving_time,129439.01179109926
task_id,539,gpu_num,256
task_id,540,arriving_time,129510.0370782836
task_id,540,gpu_num,32
task_id,541,arriving_time,129541.68794294744
task_id,541,gpu_num,32
task_id,542,arriving_time,130089.6079216695
task_id,542,gpu_num,32
task_id,543,arriving_time,130176.29408546294
task_id,543,gpu_num,32
task_id,544,arriving_time,130259.70572885123
task_id,544,gpu_num,32
task_id,545,arriving_time,130338.98348681728
task_id,545,gpu_num,512
task_id,546,arriving_time,130443.099638022
task_id,546,gpu_num,512
task_id,547,arriving_time,130759.56393731288
task_id,547,gpu_num,32
task_id,548,arriving_time,131235.46819465412
task_id,548,gpu_num,32
task_id,549,arriving_time,131265.0250271019
task_id,549,gpu_num,1024
task_id,550,arriving_time,131380.4837084927
task_id,550,gpu_num,512
task_id,551,arriving_time,132037.66617803188
task_id,551,gpu_num,512
task_id,552,arriving_time,132064.3122100857
task_id,552,gpu_num,256
task_id,553,arriving_time,132434.4535915456
task_id,553,gpu_num,32
task_id,554,arriving_time,132483.60367243414
task_id,554,gpu_num,512
task_id,555,arriving_time,132754.08861199024
task_id,555,gpu_num,256
task_id,556,arriving_time,132792.314209144
task_id,556,gpu_num,512
task_id,557,arriving_time,133117.6664287198
task_id,557,gpu_num,256
task_id,558,arriving_time,133195.10894274106
task_id,558,gpu_num,256
task_id,559,arriving_time,134095.7336079223
task_id,559,gpu_num,256
task_id,560,arriving_time,134152.60617998283
task_id,560,gpu_num,256
task_id,561,arriving_time,134217.4063524279
task_id,561,gpu_num,512
task_id,562,arriving_time,134733.051397325
task_id,562,gpu_num,32
task_id,563,arriving_time,134905.9346230637
task_id,563,gpu_num,256
task_id,564,arriving_time,135171.87901053645
task_id,564,gpu_num,256
task_id,565,arriving_time,135208.61998518757
task_id,565,gpu_num,256
task_id,566,arriving_time,135238.31847778193
task_id,566,gpu_num,256
task_id,567,arriving_time,136003.47258823848
task_id,567,gpu_num,32
task_id,568,arriving_time,136186.13361233866
task_id,568,gpu_num,32
task_id,569,arriving_time,136592.20887708387
task_id,569,gpu_num,512
task_id,570,arriving_time,136850.44490924524
task_id,570,gpu_num,512
task_id,571,arriving_time,136950.82638718505
task_id,571,gpu_num,32
task_id,572,arriving_time,137558.4918904664
task_id,572,gpu_num,256
task_id,573,arriving_time,137728.361036672
task_id,573,gpu_num,32
task_id,574,arriving_time,137951.73706568562
task_id,574,gpu_num,512
task_id,575,arriving_time,138262.21965709963
task_id,575,gpu_num,32
task_id,576,arriving_time,138677.64403490454
task_id,576,gpu_num,512
task_id,577,arriving_time,138889.03893423948
task_id,577,gpu_num,256
task_id,578,arriving_time,139051.87744938474
task_id,578,gpu_num,1024
task_id,579,arriving_time,139167.95096534502
task_id,579,gpu_num,32
task_id,580,arriving_time,139327.49315343154
task_id,580,gpu_num,512
task_id,581,arriving_time,139351.62482787127
task_id,581,gpu_num,32
task_id,582,arriving_time,139463.4218342146
task_id,582,gpu_num,512
task_id,583,arriving_time,139464.72956503465
task_id,583,gpu_num,32
task_id,584,arriving_time,139837.48117046268
task_id,584,gpu_num,256
task_id,585,arriving_time,140427.31650525355
task_id,585,gpu_num,32
task_id,586,arriving_time,140599.35813924886
task_id,586,gpu_num,512
task_id,587,arriving_time,140761.48490342774
task_id,587,gpu_num,256
task_id,588,arriving_time,141060.99597156292
task_id,588,gpu_num,32
task_id,589,arriving_time,141061.07090953423
task_id,589,gpu_num,32
task_id,590,arriving_time,141148.72064262192
task_id,590,gpu_num,32
task_id,591,arriving_time,141168.87135636734
task_id,591,gpu_num,32
task_id,592,arriving_time,141213.3439443475
task_id,592,gpu_num,32
task_id,593,arriving_time,141290.67683527953
task_id,593,gpu_num,32
task_id,594,arriving_time,141388.9018429715
task_id,594,gpu_num,256
task_id,595,arriving_time,141622.77386356183
task_id,595,gpu_num,32
task_id,596,arriving_time,141635.21319610268
task_id,596,gpu_num,32
task_id,597,arriving_time,141690.5505939844
task_id,597,gpu_num,512
task_id,598,arriving_time,141734.47827507343
task_id,598,gpu_num,32
task_id,599,arriving_time,141745.83702440103
task_id,599,gpu_num,32
task_id,600,arriving_time,142202.88812439932
task_id,600,gpu_num,32
task_id,601,arriving_time,142579.49419695954
task_id,601,gpu_num,32
task_id,602,arriving_time,143111.72019746812
task_id,602,gpu_num,32
task_id,603,arriving_time,143163.33274419914
task_id,603,gpu_num,32
task_id,604,arriving_time,143232.33262900283
task_id,604,gpu_num,32
task_id,605,arriving_time,143321.05379124315
task_id,605,gpu_num,32
task_id,606,arriving_time,143564.2760956826
task_id,606,gpu_num,32
task_id,607,arriving_time,143701.53985968916
task_id,607,gpu_num,32
task_id,608,arriving_time,144124.70124128138
task_id,608,gpu_num,256
task_id,609,arriving_time,144437.27041841627
task_id,609,gpu_num,32
task_id,610,arriving_time,144537.902256748
task_id,610,gpu_num,32
task_id,611,arriving_time,144545.9874773988
task_id,611,gpu_num,32
task_id,612,arriving_time,144897.38008080452
task_id,612,gpu_num,32
task_id,613,arriving_time,145550.81991923382
task_id,613,gpu_num,32
task_id,614,arriving_time,146068.5919280882
task_id,614,gpu_num,256
task_id,615,arriving_time,146257.8135405209
task_id,615,gpu_num,32
task_id,616,arriving_time,146395.64123272133
task_id,616,gpu_num,32
task_id,617,arriving_time,146455.4429116305
task_id,617,gpu_num,32
task_id,618,arriving_time,146563.47525161217
task_id,618,gpu_num,32
task_id,619,arriving_time,146647.4110507402
task_id,619,gpu_num,32
task_id,620,arriving_time,146786.1347858056
task_id,620,gpu_num,32
task_id,621,arriving_time,146882.17390669987
task_id,621,gpu_num,32
task_id,622,arriving_time,147468.04177932107
task_id,622,gpu_num,256
task_id,623,arriving_time,147472.781048698
task_id,623,gpu_num,256
task_id,624,arriving_time,147553.87313552102
task_id,624,gpu_num,32
task_id,625,arriving_time,147684.95437544875
task_id,625,gpu_num,32
task_id,626,arriving_time,147789.68571075745
task_id,626,gpu_num,32
task_id,627,arriving_time,147805.3555393132
task_id,627,gpu_num,32
task_id,628,arriving_time,147936.4178349114
task_id,628,gpu_num,32
task_id,629,arriving_time,148477.2116493675
task_id,629,gpu_num,32
task_id,630,arriving_time,148738.831177925
task_id,630,gpu_num,32
task_id,631,arriving_time,148824.29679717438
task_id,631,gpu_num,32
task_id,632,arriving_time,149420.50003889404
task_id,632,gpu_num,32
task_id,633,arriving_time,149527.78263374118
task_id,633,gpu_num,32
task_id,634,arriving_time,149627.82591064202
task_id,634,gpu_num,32
task_id,635,arriving_time,149644.8159847101
task_id,635,gpu_num,32
task_id,636,arriving_time,149774.4916655145
task_id,636,gpu_num,32
task_id,637,arriving_time,149950.21288021424
task_id,637,gpu_num,32
task_id,638,arriving_time,149972.15581356612
task_id,638,gpu_num,32
task_id,639,arriving_time,150177.19549886216
task_id,639,gpu_num,32
task_id,640,arriving_time,150384.54213767502
task_id,640,gpu_num,32
task_id,641,arriving_time,150435.29525429293
task_id,641,gpu_num,32
task_id,642,arriving_time,150606.2116478606
task_id,642,gpu_num,32
task_id,643,arriving_time,150847.12291507132
task_id,643,gpu_num,32
task_id,644,arriving_time,150873.8491148869
task_id,644,gpu_num,32
task_id,645,arriving_time,151204.8156874981
task_id,645,gpu_num,32
task_id,646,arriving_time,151387.93621204555
task_id,646,gpu_num,32
task_id,647,arriving_time,151856.83286511223
task_id,647,gpu_num,32
task_id,648,arriving_time,152151.53188322866
task_id,648,gpu_num,32
task_id,649,arriving_time,153066.34224407148
task_id,649,gpu_num,32
task_id,650,arriving_time,153317.42680866746
task_id,650,gpu_num,32
task_id,651,arriving_time,153407.92452759552
task_id,651,gpu_num,32
task_id,652,arriving_time,153448.0551869742
task_id,652,gpu_num,32
task_id,653,arriving_time,153465.01071368676
task_id,653,gpu_num,32
task_id,654,arriving_time,153671.6292006898
task_id,654,gpu_num,32
task_id,655,arriving_time,153825.63827714886
task_id,655,gpu_num,32
task_id,656,arriving_time,154338.57817600804
task_id,656,gpu_num,32
task_id,657,arriving_time,155089.3787558629
task_id,657,gpu_num,32
task_id,658,arriving_time,155105.7162554869
task_id,658,gpu_num,32
task_id,659,arriving_time,155381.08640145374
task_id,659,gpu_num,32
task_id,660,arriving_time,155793.48115401756
task_id,660,gpu_num,32
task_id,661,arriving_time,156319.59096772305
task_id,661,gpu_num,32
task_id,662,arriving_time,156691.45440872278
task_id,662,gpu_num,32
task_id,663,arriving_time,156707.9940810191
task_id,663,gpu_num,32
task_id,664,arriving_time,156801.22427510913
task_id,664,gpu_num,32
task_id,665,arriving_time,156846.129658376
task_id,665,gpu_num,32
task_id,666,arriving_time,157374.4985963617
task_id,666,gpu_num,32
task_id,667,arriving_time,157640.5658805234
task_id,667,gpu_num,32
task_id,668,arriving_time,157926.21699190227
task_id,668,gpu_num,32
task_id,669,arriving_time,158000.43993466257
task_id,669,gpu_num,32
task_id,670,arriving_time,158289.72628547595
task_id,670,gpu_num,32
task_id,671,arriving_time,158401.82278027222
task_id,671,gpu_num,32
task_id,672,arriving_time,158733.00672857786
task_id,672,gpu_num,32
task_id,673,arriving_time,158810.3940495306
task_id,673,gpu_num,32
task_id,674,arriving_time,158913.26677092043
task_id,674,gpu_num,32
task_id,675,arriving_time,158994.32982248883
task_id,675,gpu_num,32
task_id,676,arriving_time,159200.8477596728
task_id,676,gpu_num,32
task_id,677,arriving_time,159216.25026662083
task_id,677,gpu_num,32
task_id,678,arriving_time,159367.73819105682
task_id,678,gpu_num,32
task_id,679,arriving_time,159462.91610188727
task_id,679,gpu_num,32
task_id,680,arriving_time,159817.11433717556
task_id,680,gpu_num,32
task_id,681,arriving_time,160169.58903684362
task_id,681,gpu_num,32
task_id,682,arriving_time,160783.03921984058
task_id,682,gpu_num,32
task_id,683,arriving_time,160871.8193001163
task_id,683,gpu_num,32
task_id,684,arriving_time,160937.7468927679
task_id,684,gpu_num,32
task_id,685,arriving_time,160943.68105086495
task_id,685,gpu_num,32
task_id,686,arriving_time,161065.70244721236
task_id,686,gpu_num,32
task_id,687,arriving_time,161145.7967293365
task_id,687,gpu_num,32
task_id,688,arriving_time,161247.93016270624
task_id,688,gpu_num,256
task_id,689,arriving_time,161372.1423302314
task_id,689,gpu_num,32
task_id,690,arriving_time,161691.56458298743
task_id,690,gpu_num,32
task_id,691,arriving_time,162041.67572889503
task_id,691,gpu_num,512
task_id,692,arriving_time,162125.3668770795
task_id,692,gpu_num,512
task_id,693,arriving_time,162179.7498962541
task_id,693,gpu_num,512
task_id,694,arriving_time,162688.30398614527
task_id,694,gpu_num,32
task_id,695,arriving_time,162865.60171520134
task_id,695,gpu_num,32
task_id,696,arriving_time,163096.80265063836
task_id,696,gpu_num,32
task_id,697,arriving_time,164126.9063691573
task_id,697,gpu_num,32
task_id,698,arriving_time,164148.21280518585
task_id,698,gpu_num,256
task_id,699,arriving_time,164324.17991884978
task_id,699,gpu_num,256
task_id,700,arriving_time,164894.0256933556
task_id,700,gpu_num,256
task_id,701,arriving_time,164984.01577721426
task_id,701,gpu_num,32
task_id,702,arriving_time,165071.5389662192
task_id,702,gpu_num,32
task_id,703,arriving_time,165111.94200303126
task_id,703,gpu_num,256
task_id,704,arriving_time,165387.16623887263
task_id,704,gpu_num,32
task_id,705,arriving_time,166077.10466845328
task_id,705,gpu_num,32
task_id,706,arriving_time,166574.7905796441
task_id,706,gpu_num,512
task_id,707,arriving_time,166994.75349197985
task_id,707,gpu_num,512
task_id,708,arriving_time,167002.9432238677
task_id,708,gpu_num,32
task_id,709,arriving_time,167576.86788645905
task_id,709,gpu_num,512
task_id,710,arriving_time,168549.23781911228
task_id,710,gpu_num,32
task_id,711,arriving_time,168686.7082881838
task_id,711,gpu_num,256
task_id,712,arriving_time,169469.98283339528
task_id,712,gpu_num,32
task_id,713,arriving_time,169676.54551972033
task_id,713,gpu_num,32
task_id,714,arriving_time,169763.11774894455
task_id,714,gpu_num,32
task_id,715,arriving_time,169779.83983200596
task_id,715,gpu_num,512
task_id,716,arriving_time,169819.9480337448
task_id,716,gpu_num,512
task_id,717,arriving_time,170006.97592556916
task_id,717,gpu_num,32
task_id,718,arriving_time,170513.67765490263
task_id,718,gpu_num,256
task_id,719,arriving_time,170582.34173630903
task_id,719,gpu_num,32
task_id,720,arriving_time,170795.51165425644
task_id,720,gpu_num,32
task_id,721,arriving_time,170910.06460222366
task_id,721,gpu_num,32
task_id,722,arriving_time,171039.5216017227
task_id,722,gpu_num,32
task_id,723,arriving_time,171515.58324839943
task_id,723,gpu_num,256
task_id,724,arriving_time,171663.13663526525
task_id,724,gpu_num,32
task_id,725,arriving_time,171730.67476034627
task_id,725,gpu_num,32
task_id,726,arriving_time,171904.50755959703
task_id,726,gpu_num,32
task_id,727,arriving_time,172049.29222715265
task_id,727,gpu_num,32
task_id,728,arriving_time,172548.31998553645
task_id,728,gpu_num,32
task_id,729,arriving_time,172581.07968648802
task_id,729,gpu_num,32
task_id,730,arriving_time,173127.9197069621
task_id,730,gpu_num,512
task_id,731,arriving_time,173251.8559805868
task_id,731,gpu_num,512
task_id,732,arriving_time,173374.16547395432
task_id,732,gpu_num,512
task_id,733,arriving_time,173551.47559629282
task_id,733,gpu_num,256
task_id,734,arriving_time,173735.98735168437
task_id,734,gpu_num,512
task_id,735,arriving_time,174753.7109558812
task_id,735,gpu_num,32
task_id,736,arriving_time,174819.34916537028
task_id,736,gpu_num,32
task_id,737,arriving_time,174847.56508714324
task_id,737,gpu_num,32
task_id,738,arriving_time,174982.04301350936
task_id,738,gpu_num,32
task_id,739,arriving_time,174999.03277370494
task_id,739,gpu_num,32
task_id,740,arriving_time,175010.67612893108
task_id,740,gpu_num,32
task_id,741,arriving_time,175201.07265990757
task_id,741,gpu_num,256
task_id,742,arriving_time,175973.13537217473
task_id,742,gpu_num,256
task_id,743,arriving_time,176940.8036171476
task_id,743,gpu_num,256
task_id,744,arriving_time,176974.71791574635
task_id,744,gpu_num,256
task_id,745,arriving_time,177329.4814335793
task_id,745,gpu_num,32
task_id,746,arriving_time,177385.4637084229
task_id,746,gpu_num,32
task_id,747,arriving_time,177438.87817075202
task_id,747,gpu_num,256
task_id,748,arriving_time,177614.67213318785
task_id,748,gpu_num,32
task_id,749,arriving_time,177620.37257332006
task_id,749,gpu_num,32
task_id,750,arriving_time,177767.37482611646
task_id,750,gpu_num,32
task_id,751,arriving_time,177783.2780690236
task_id,751,gpu_num,32
task_id,752,arriving_time,178593.72711589336
task_id,752,gpu_num,32
task_id,753,arriving_time,178647.3011820444
task_id,753,gpu_num,32
task_id,754,arriving_time,178981.0914468736
task_id,754,gpu_num,32
task_id,755,arriving_time,179260.85185644
task_id,755,gpu_num,32
task_id,756,arriving_time,179633.49560889535
task_id,756,gpu_num,32
task_id,757,arriving_time,179671.5255509105
task_id,757,gpu_num,32
task_id,758,arriving_time,180042.3614459208
task_id,758,gpu_num,32
task_id,759,arriving_time,180374.77490119636
task_id,759,gpu_num,32
task_id,760,arriving_time,180395.29725235418
task_id,760,gpu_num,32
task_id,761,arriving_time,180410.83446260076
task_id,761,gpu_num,32
task_id,762,arriving_time,180425.19028850005
task_id,762,gpu_num,32
task_id,763,arriving_time,180866.33111859538
task_id,763,gpu_num,32
task_id,764,arriving_time,180869.02559559638
task_id,764,gpu_num,32
task_id,765,arriving_time,180990.50340151263
task_id,765,gpu_num,32
task_id,766,arriving_time,181128.0193197429
task_id,766,gpu_num,2048
task_id,767,arriving_time,181200.29572947667
task_id,767,gpu_num,512
task_id,768,arriving_time,181610.33685977597
task_id,768,gpu_num,512
task_id,769,arriving_time,181613.30196060595
task_id,769,gpu_num,32
task_id,770,arriving_time,181674.25898373782
task_id,770,gpu_num,32
task_id,771,arriving_time,181781.8415110922
task_id,771,gpu_num,32
task_id,772,arriving_time,182251.14972440366
task_id,772,gpu_num,256
task_id,773,arriving_time,182280.3754579215
task_id,773,gpu_num,512
task_id,774,arriving_time,182332.7212294241
task_id,774,gpu_num,32
task_id,775,arriving_time,182336.50775545934
task_id,775,gpu_num,32
task_id,776,arriving_time,182758.79557740237
task_id,776,gpu_num,32
task_id,777,arriving_time,183643.946136968
task_id,777,gpu_num,512
task_id,778,arriving_time,184072.79514394831
task_id,778,gpu_num,512
task_id,779,arriving_time,184428.45787633577
task_id,779,gpu_num,32
task_id,780,arriving_time,184513.92436032844
task_id,780,gpu_num,32
task_id,781,arriving_time,184974.74581649675
task_id,781,gpu_num,32
task_id,782,arriving_time,185136.97518600852
task_id,782,gpu_num,256
task_id,783,arriving_time,185302.75847305023
task_id,783,gpu_num,32
task_id,784,arriving_time,185720.84037156953
task_id,784,gpu_num,32
task_id,785,arriving_time,185954.98196546562
task_id,785,gpu_num,512
task_id,786,arriving_time,185966.1392682433
task_id,786,gpu_num,512
task_id,787,arriving_time,186168.53055510463
task_id,787,gpu_num,32
task_id,788,arriving_time,186305.76738259304
task_id,788,gpu_num,32
task_id,789,arriving_time,187192.1255956877
task_id,789,gpu_num,32
task_id,790,arriving_time,187324.27004188765
task_id,790,gpu_num,32
task_id,791,arriving_time,187638.15214486606
task_id,791,gpu_num,32
task_id,792,arriving_time,187659.06373568176
task_id,792,gpu_num,32
task_id,793,arriving_time,187815.08662663563
task_id,793,gpu_num,32
task_id,794,arriving_time,187849.62725507995
task_id,794,gpu_num,32
task_id,795,arriving_time,187961.13460754292
task_id,795,gpu_num,256
task_id,796,arriving_time,188150.25459445213
task_id,796,gpu_num,32
task_id,797,arriving_time,188298.27331615007
task_id,797,gpu_num,32
task_id,798,arriving_time,188391.56944195007
task_id,798,gpu_num,512
task_id,799,arriving_time,188501.51757785823
task_id,799,gpu_num,32
task_id,800,arriving_time,188536.29377827546
task_id,800,gpu_num,32
task_id,801,arriving_time,189149.04371619565
task_id,801,gpu_num,32
task_id,802,arriving_time,189270.71555371064
task_id,802,gpu_num,32
task_id,803,arriving_time,189933.8813644837
task_id,803,gpu_num,512
task_id,804,arriving_time,189979.81471396028
task_id,804,gpu_num,512
task_id,805,arriving_time,190094.96900328263
task_id,805,gpu_num,32
task_id,806,arriving_time,190889.23878271942
task_id,806,gpu_num,32
task_id,807,arriving_time,191091.3226287211
task_id,807,gpu_num,32
task_id,808,arriving_time,191524.4211611699
task_id,808,gpu_num,32
task_id,809,arriving_time,192756.7223381106
task_id,809,gpu_num,32
task_id,810,arriving_time,193300.15817748755
task_id,810,gpu_num,256
task_id,811,arriving_time,193424.705555452
task_id,811,gpu_num,32
task_id,812,arriving_time,193723.26457099273
task_id,812,gpu_num,32
task_id,813,arriving_time,193806.02642946574
task_id,813,gpu_num,32
task_id,814,arriving_time,194236.7331827202
task_id,814,gpu_num,512
task_id,815,arriving_time,194332.9355235036
task_id,815,gpu_num,128
task_id,816,arriving_time,194489.03309258874
task_id,816,gpu_num,32
task_id,817,arriving_time,194558.3650421362
task_id,817,gpu_num,32
task_id,818,arriving_time,194586.50347619597
task_id,818,gpu_num,32
task_id,819,arriving_time,194604.19515727586
task_id,819,gpu_num,32
task_id,820,arriving_time,194819.3702062526
task_id,820,gpu_num,256
task_id,821,arriving_time,194982.73899981784
task_id,821,gpu_num,256
task_id,822,arriving_time,195056.39130959223
task_id,822,gpu_num,256
task_id,823,arriving_time,195254.31957019115
task_id,823,gpu_num,32
task_id,824,arriving_time,195292.72479619912
task_id,824,gpu_num,256
task_id,825,arriving_time,195810.12843128084
task_id,825,gpu_num,32
task_id,826,arriving_time,195932.68174978398
task_id,826,gpu_num,32
task_id,827,arriving_time,196541.9107768794
task_id,827,gpu_num,32
task_id,828,arriving_time,196725.1666737321
task_id,828,gpu_num,32
task_id,829,arriving_time,196727.90174573672
task_id,829,gpu_num,256
task_id,830,arriving_time,196744.91538726768
task_id,830,gpu_num,32
task_id,831,arriving_time,196885.56218586906
task_id,831,gpu_num,32
task_id,832,arriving_time,197425.9168998585
task_id,832,gpu_num,256
task_id,833,arriving_time,197527.937818384
task_id,833,gpu_num,32
task_id,834,arriving_time,197771.6139084196
task_id,834,gpu_num,32
task_id,835,arriving_time,197913.95045349209
task_id,835,gpu_num,256
task_id,836,arriving_time,198191.31181530005
task_id,836,gpu_num,256
task_id,837,arriving_time,198234.62997011535
task_id,837,gpu_num,256
task_id,838,arriving_time,198749.26373541154
task_id,838,gpu_num,32
task_id,839,arriving_time,198790.48589374812
task_id,839,gpu_num,32
task_id,840,arriving_time,198885.31749907284
task_id,840,gpu_num,256
task_id,841,arriving_time,199323.68750608998
task_id,841,gpu_num,256
task_id,842,arriving_time,199388.2353458287
task_id,842,gpu_num,32
task_id,843,arriving_time,199563.5760010837
task_id,843,gpu_num,256
task_id,844,arriving_time,199939.9186531629
task_id,844,gpu_num,256
task_id,845,arriving_time,200454.2391053814
task_id,845,gpu_num,32
task_id,846,arriving_time,200565.28970514386
task_id,846,gpu_num,256
task_id,847,arriving_time,200709.55644282795
task_id,847,gpu_num,32
task_id,848,arriving_time,200949.14055475887
task_id,848,gpu_num,32
task_id,849,arriving_time,201038.77277199805
task_id,849,gpu_num,32
task_id,850,arriving_time,201121.10455500867
task_id,850,gpu_num,256
task_id,851,arriving_time,201151.6774407866
task_id,851,gpu_num,256
task_id,852,arriving_time,201217.87632995934
task_id,852,gpu_num,256
task_id,853,arriving_time,201753.9235224571
task_id,853,gpu_num,256
task_id,854,arriving_time,201802.62393141116
task_id,854,gpu_num,32
task_id,855,arriving_time,201827.6781444108
task_id,855,gpu_num,256
task_id,856,arriving_time,201871.2480290312
task_id,856,gpu_num,32
task_id,857,arriving_time,202261.92430549217
task_id,857,gpu_num,32
task_id,858,arriving_time,202647.7790565163
task_id,858,gpu_num,32
task_id,859,arriving_time,202980.11437518056
task_id,859,gpu_num,32
task_id,860,arriving_time,203334.27255795058
task_id,860,gpu_num,32
task_id,861,arriving_time,203443.08301435967
task_id,861,gpu_num,32
task_id,862,arriving_time,203487.86320099776
task_id,862,gpu_num,32
task_id,863,arriving_time,203524.06842441688
task_id,863,gpu_num,32
task_id,864,arriving_time,203540.9630085291
task_id,864,gpu_num,32
task_id,865,arriving_time,203568.11260509398
task_id,865,gpu_num,32
task_id,866,arriving_time,203743.24912019502
task_id,866,gpu_num,32
task_id,867,arriving_time,203793.60710320898
task_id,867,gpu_num,32
task_id,868,arriving_time,203797.6899501007
task_id,868,gpu_num,32
task_id,869,arriving_time,203862.84188958476
task_id,869,gpu_num,32
task_id,870,arriving_time,204153.3389124086
task_id,870,gpu_num,32
task_id,871,arriving_time,204159.74908887787
task_id,871,gpu_num,32
task_id,872,arriving_time,204179.47380792844
task_id,872,gpu_num,32
task_id,873,arriving_time,204384.74998450105
task_id,873,gpu_num,32
task_id,874,arriving_time,204838.46610404423
task_id,874,gpu_num,32
task_id,875,arriving_time,205890.14682034042
task_id,875,gpu_num,32
task_id,876,arriving_time,206176.6934464035
task_id,876,gpu_num,32
task_id,877,arriving_time,206326.5109582065
task_id,877,gpu_num,32
task_id,878,arriving_time,206409.24857205944
task_id,878,gpu_num,32
task_id,879,arriving_time,206492.49628859072
task_id,879,gpu_num,32
task_id,880,arriving_time,206692.4830632873
task_id,880,gpu_num,32
task_id,881,arriving_time,206991.2445367405
task_id,881,gpu_num,32
task_id,882,arriving_time,207406.10773722365
task_id,882,gpu_num,32
task_id,883,arriving_time,207473.68500541354
task_id,883,gpu_num,32
task_id,884,arriving_time,207637.6863031391
task_id,884,gpu_num,32
task_id,885,arriving_time,207699.4781751694
task_id,885,gpu_num,32
task_id,886,arriving_time,207865.11879231172
task_id,886,gpu_num,32
task_id,887,arriving_time,208295.47045933848
task_id,887,gpu_num,32
task_id,888,arriving_time,209226.73618640966
task_id,888,gpu_num,256
task_id,889,arriving_time,209311.69580348762
task_id,889,gpu_num,32
task_id,890,arriving_time,210003.93078111505
task_id,890,gpu_num,256
task_id,891,arriving_time,210008.54650016886
task_id,891,gpu_num,512
task_id,892,arriving_time,210177.10242879172
task_id,892,gpu_num,256
task_id,893,arriving_time,210283.88754215947
task_id,893,gpu_num,256
task_id,894,arriving_time,210541.63645978272
task_id,894,gpu_num,256
task_id,895,arriving_time,210577.23495790642
task_id,895,gpu_num,512
task_id,896,arriving_time,211339.37105489048
task_id,896,gpu_num,32
task_id,897,arriving_time,211468.41593573982
task_id,897,gpu_num,256
task_id,898,arriving_time,211562.81303743031
task_id,898,gpu_num,512
task_id,899,arriving_time,211565.0867195011
task_id,899,gpu_num,256
task_id,900,arriving_time,211745.57562342507
task_id,900,gpu_num,256
task_id,901,arriving_time,211877.83491729625
task_id,901,gpu_num,32
task_id,902,arriving_time,212119.50271046738
task_id,902,gpu_num,512
task_id,903,arriving_time,212228.3436858113
task_id,903,gpu_num,32
task_id,904,arriving_time,212359.57419586103
task_id,904,gpu_num,32
task_id,905,arriving_time,212572.96187758716
task_id,905,gpu_num,32
task_id,906,arriving_time,213010.78783907526
task_id,906,gpu_num,32
task_id,907,arriving_time,213222.80366368027
task_id,907,gpu_num,32
task_id,908,arriving_time,213531.1081222921
task_id,908,gpu_num,32
task_id,909,arriving_time,213967.10687742633
task_id,909,gpu_num,32
task_id,910,arriving_time,214364.93956435545
task_id,910,gpu_num,32
task_id,911,arriving_time,214740.28235358302
task_id,911,gpu_num,32
task_id,912,arriving_time,215320.6857604683
task_id,912,gpu_num,32
task_id,913,arriving_time,215777.34563296285
task_id,913,gpu_num,32
task_id,914,arriving_time,215866.69657020716
task_id,914,gpu_num,32
task_id,915,arriving_time,215978.0977106001
task_id,915,gpu_num,32
task_id,916,arriving_time,216003.69058118836
task_id,916,gpu_num,32
task_id,917,arriving_time,216400.25898909333
task_id,917,gpu_num,32
task_id,918,arriving_time,216546.4880299284
task_id,918,gpu_num,32
task_id,919,arriving_time,216747.54865322856
task_id,919,gpu_num,32
task_id,920,arriving_time,217463.3374929988
task_id,920,gpu_num,32
task_id,921,arriving_time,217574.76740661543
task_id,921,gpu_num,32
task_id,922,arriving_time,218232.14263079248
task_id,922,gpu_num,32
task_id,923,arriving_time,218298.05603651758
task_id,923,gpu_num,32
task_id,924,arriving_time,218457.192134729
task_id,924,gpu_num,32
task_id,925,arriving_time,218702.40892739288
task_id,925,gpu_num,32
task_id,926,arriving_time,219111.75487681144
task_id,926,gpu_num,32
task_id,927,arriving_time,219376.58893014817
task_id,927,gpu_num,32
task_id,928,arriving_time,219786.68511438378
task_id,928,gpu_num,32
task_id,929,arriving_time,219802.83940262088
task_id,929,gpu_num,32
task_id,930,arriving_time,219876.98715463412
task_id,930,gpu_num,32
task_id,931,arriving_time,219951.15040386643
task_id,931,gpu_num,32
task_id,932,arriving_time,220057.97875756785
task_id,932,gpu_num,32
task_id,933,arriving_time,220117.385680093
task_id,933,gpu_num,32
task_id,934,arriving_time,220256.43795952422
task_id,934,gpu_num,32
task_id,935,arriving_time,220413.63829646213
task_id,935,gpu_num,32
task_id,936,arriving_time,220750.36653194015
task_id,936,gpu_num,32
task_id,937,arriving_time,220970.65883235662
task_id,937,gpu_num,32
task_id,938,arriving_time,221230.10823219572
task_id,938,gpu_num,32
task_id,939,arriving_time,221537.47053579564
task_id,939,gpu_num,32
task_id,940,arriving_time,221588.20877998383
task_id,940,gpu_num,32
task_id,941,arriving_time,221589.2637252797
task_id,941,gpu_num,32
task_id,942,arriving_time,221659.6558371435
task_id,942,gpu_num,32
task_id,943,arriving_time,221849.00305174498
task_id,943,gpu_num,32
task_id,944,arriving_time,222041.9308830746
task_id,944,gpu_num,32
task_id,945,arriving_time,222063.37102780535
task_id,945,gpu_num,32
task_id,946,arriving_time,222249.83139413001
task_id,946,gpu_num,32
task_id,947,arriving_time,222444.0530661996
task_id,947,gpu_num,32
task_id,948,arriving_time,222557.24626553748
task_id,948,gpu_num,32
task_id,949,arriving_time,222872.30771445768
task_id,949,gpu_num,32
task_id,950,arriving_time,223554.48837977613
task_id,950,gpu_num,32
task_id,951,arriving_time,223579.25776679406
task_id,951,gpu_num,32
task_id,952,arriving_time,223612.99161621399
task_id,952,gpu_num,32
task_id,953,arriving_time,223661.5283734084
task_id,953,gpu_num,32
task_id,954,arriving_time,224113.2769043551
task_id,954,gpu_num,256
task_id,955,arriving_time,224157.31477264664
task_id,955,gpu_num,256
task_id,956,arriving_time,224748.77279747443
task_id,956,gpu_num,32
task_id,957,arriving_time,224953.2684630369
task_id,957,gpu_num,32
task_id,958,arriving_time,225157.60307824655
task_id,958,gpu_num,32
task_id,959,arriving_time,225304.95380602987
task_id,959,gpu_num,32
task_id,960,arriving_time,225852.80313824632
task_id,960,gpu_num,32
task_id,961,arriving_time,226168.56576921223
task_id,961,gpu_num,32
task_id,962,arriving_time,226274.55977926878
task_id,962,gpu_num,32
task_id,963,arriving_time,226291.14318581624
task_id,963,gpu_num,32
task_id,964,arriving_time,226342.75346960398
task_id,964,gpu_num,32
task_id,965,arriving_time,226539.58611607837
task_id,965,gpu_num,32
task_id,966,arriving_time,226806.84752635358
task_id,966,gpu_num,256
task_id,967,arriving_time,226952.01222584044
task_id,967,gpu_num,32
task_id,968,arriving_time,227101.0092367759
task_id,968,gpu_num,1024
task_id,969,arriving_time,228222.6917138907
task_id,969,gpu_num,512
task_id,970,arriving_time,228727.81619043092
task_id,970,gpu_num,512
task_id,971,arriving_time,228853.85958572826
task_id,971,gpu_num,32
task_id,972,arriving_time,229228.32336730722
task_id,972,gpu_num,32
task_id,973,arriving_time,229577.2052679822
task_id,973,gpu_num,32
task_id,974,arriving_time,229722.94127243917
task_id,974,gpu_num,32
task_id,975,arriving_time,229746.598140877
task_id,975,gpu_num,512
task_id,976,arriving_time,230012.2386727731
task_id,976,gpu_num,32
task_id,977,arriving_time,230472.52907701497
task_id,977,gpu_num,256
task_id,978,arriving_time,230540.4034087968
task_id,978,gpu_num,256
task_id,979,arriving_time,230839.71597186546
task_id,979,gpu_num,32
task_id,980,arriving_time,230962.61415564388
task_id,980,gpu_num,32
task_id,981,arriving_time,231008.93408081148
task_id,981,gpu_num,32
task_id,982,arriving_time,231054.07413627315
task_id,982,gpu_num,32
task_id,983,arriving_time,231095.50618234256
task_id,983,gpu_num,256
task_id,984,arriving_time,231296.8167388773
task_id,984,gpu_num,256
task_id,985,arriving_time,231419.37824717638
task_id,985,gpu_num,32
task_id,986,arriving_time,231641.43240607227
task_id,986,gpu_num,512
task_id,987,arriving_time,231833.15881568298
task_id,987,gpu_num,32
task_id,988,arriving_time,231858.67456834516
task_id,988,gpu_num,32
task_id,989,arriving_time,232167.54799953228
task_id,989,gpu_num,32
task_id,990,arriving_time,232244.0888280545
task_id,990,gpu_num,512
task_id,991,arriving_time,232397.0531768929
task_id,991,gpu_num,256
task_id,992,arriving_time,232990.6999725831
task_id,992,gpu_num,512
task_id,993,arriving_time,233846.2463298917
task_id,993,gpu_num,256
task_id,994,arriving_time,233872.04719771727
task_id,994,gpu_num,256
task_id,995,arriving_time,234658.5582660949
task_id,995,gpu_num,32
task_id,996,arriving_time,234999.84422778894
task_id,996,gpu_num,256
task_id,997,arriving_time,235475.53086909105
task_id,997,gpu_num,32
task_id,998,arriving_time,235547.78669468095
task_id,998,gpu_num,32
task_id,999,arriving_time,235604.35348723762
task_id,999,gpu_num,32
taskid,0,start_time,315.24884375640477
taskid,1,start_time,508.55785107526634
taskid,2,start_time,899.2411272571978
taskid,3,start_time,963.202866088175
taskid,4,start_time,1317.2017968414566
taskid,5,start_time,1392.4867157703716
taskid,6,start_time,1582.5160029264266
taskid,7,start_time,2140.884665308905
taskid,8,start_time,2355.003268300651
taskid,9,start_time,2596.8020869864667
taskid,10,start_time,3264.9217136547695
taskid,11,start_time,3528.678257152137
taskid,12,start_time,3675.854407801603
taskid,13,start_time,4253.067032344951
taskid,14,start_time,4367.866898020483
taskid,15,start_time,4481.751786209239
taskid,16,start_time,4516.6910562449275
taskid,11,finish_time,4533.678257152147
taskid,17,start_time,5020.017882307733
taskid,16,finish_time,5058.658348986864
taskid,14,finish_time,5101.704898020461
taskid,18,start_time,5159.89992513502
taskid,19,start_time,5335.85836361954
taskid,20,start_time,5608.743284940329
taskid,21,start_time,5662.276163869638
taskid,22,start_time,5680.232575559481
taskid,23,start_time,5681.694414294434
taskid,24,start_time,5718.0017897283615
taskid,25,start_time,5769.076413298346
taskid,26,start_time,5877.138530298059
taskid,18,finish_time,5973.754925135032
taskid,17,finish_time,6070.429482307749
taskid,27,start_time,6150.996321331405
taskid,28,start_time,6364.543302930837
taskid,29,start_time,6377.956041272234
taskid,24,finish_time,6474.162439728345
taskid,30,start_time,6659.825592210876
taskid,31,start_time,6771.052323358016
taskid,32,start_time,6838.9400360157515
taskid,33,start_time,6853.212725259066
taskid,26,finish_time,6912.138530298041
taskid,34,start_time,6944.566957928984
taskid,35,start_time,7063.300709190765
taskid,29,finish_time,7078.603887105571
taskid,28,finish_time,7385.768990430837
taskid,6,finish_time,7969.516002926436
taskid,9,finish_time,8134.814925676934
taskid,36,start_time,8185.047849525681
taskid,37,start_time,8187.135816736325
taskid,38,start_time,8405.592102796858
taskid,15,finish_time,8458.852234959235
taskid,39,start_time,8632.51757068204
taskid,40,start_time,8634.023084680019
taskid,34,finish_time,8649.993145428989
taskid,21,finish_time,8691.120163869637
taskid,41,start_time,8695.484724121083
taskid,42,start_time,8732.094426210664
taskid,43,start_time,8779.478099187567
taskid,35,finish_time,9083.178284190773
taskid,33,finish_time,9111.212725259064
taskid,44,start_time,9567.744221778237
taskid,45,start_time,9655.826821376228
taskid,46,start_time,10047.34128993019
taskid,22,finish_time,10298.629750559481
taskid,41,finish_time,10341.982724121075
taskid,47,start_time,10359.541364192366
taskid,48,start_time,10406.905420875257
taskid,36,finish_time,10426.047849525703
taskid,43,finish_time,10516.781411687556
taskid,13,finish_time,10672.922968209179
taskid,49,start_time,10814.86207445413
taskid,40,finish_time,10833.023084679997
taskid,39,finish_time,10836.517570682072
taskid,42,finish_time,10931.199838710658
taskid,50,start_time,11048.033827586327
taskid,47,finish_time,11105.251364192347
taskid,44,finish_time,11117.329134278232
taskid,51,start_time,11755.26844460941
taskid,45,finish_time,11925.826821376173
taskid,46,finish_time,11933.200539930165
taskid,31,finish_time,11939.052323358019
taskid,52,start_time,11960.581525802456
taskid,53,start_time,12297.509535216728
taskid,54,start_time,12369.333835977772
taskid,30,finish_time,12469.801785759228
taskid,49,finish_time,12506.626636954123
taskid,55,start_time,12607.734885838769
taskid,48,finish_time,12635.905420875326
taskid,56,start_time,12917.343712405613
taskid,52,finish_time,12950.581525802492
taskid,57,start_time,12969.484165976548
taskid,58,start_time,13032.359079253069
taskid,59,start_time,13064.55315017685
taskid,50,finish_time,13205.033827586389
taskid,53,finish_time,13316.50953521678
taskid,54,finish_time,13373.333835977768
taskid,60,start_time,13474.931903876432
taskid,51,finish_time,13515.803444609428
taskid,61,start_time,13531.056812877783
taskid,37,finish_time,13624.791669962126
taskid,32,finish_time,13741.915337503864
taskid,62,start_time,13761.695477430816
taskid,63,start_time,13838.152723787565
taskid,64,start_time,14372.118371619996
taskid,65,start_time,14466.629789094968
taskid,61,finish_time,14537.056812877787
taskid,66,start_time,14702.963056363044
taskid,67,start_time,14812.705085315001
taskid,68,start_time,14985.920162029764
taskid,64,finish_time,15383.118371620054
taskid,69,start_time,15540.597649504512
taskid,5,finish_time,15876.486715770367
taskid,62,finish_time,15965.695477430794
taskid,70,start_time,15998.681101223247
taskid,63,finish_time,16008.152723787493
taskid,71,start_time,16021.96123349109
taskid,72,start_time,16075.665858747087
taskid,25,finish_time,16086.596313298309
taskid,73,start_time,16095.868967487231
taskid,38,finish_time,16170.59210279684
taskid,74,start_time,16286.541861164562
taskid,67,finish_time,16584.51008531504
taskid,75,start_time,16669.590078083897
taskid,27,finish_time,16695.32475233133
taskid,68,finish_time,16744.555287029765
taskid,66,finish_time,16897.9630563631
taskid,69,finish_time,17139.60764950453
taskid,76,start_time,17249.703754345028
taskid,60,finish_time,17361.817761462833
taskid,77,start_time,17727.105314071072
taskid,78,start_time,17789.097092655997
taskid,79,start_time,17982.864890542227
taskid,55,finish_time,18046.157910838745
taskid,80,start_time,18290.881528785794
taskid,77,finish_time,18326.65620692804
taskid,81,start_time,18382.831381887
taskid,82,start_time,18445.725617500484
taskid,59,finish_time,18506.883891843478
taskid,79,finish_time,18882.864890542227
taskid,75,finish_time,19212.465951298185
taskid,83,start_time,19225.63011325634
taskid,58,finish_time,19340.547695324643
taskid,73,finish_time,19757.868967487142
taskid,83,finish_time,20045.120113256235
taskid,56,finish_time,20270.226337405613
taskid,84,start_time,20663.90237122457
taskid,85,start_time,20780.45355286274
taskid,86,start_time,20989.278293556745
taskid,87,start_time,21070.455879484376
taskid,72,finish_time,21117.517039997074
taskid,81,finish_time,21264.831381887045
taskid,84,finish_time,21483.392371224465
taskid,88,start_time,21615.894610683255
taskid,78,finish_time,22295.733944268926
taskid,89,start_time,22414.340748509498
taskid,90,start_time,22591.68152340769
taskid,91,start_time,22611.355704271296
taskid,92,start_time,22801.602465532855
taskid,93,start_time,23181.1527373287
taskid,90,finish_time,23271.35352340768
taskid,2,finish_time,23363.98861026809
taskid,94,start_time,23634.436240471015
taskid,95,start_time,24136.52809340846
taskid,96,start_time,24179.891359271114
taskid,97,start_time,24250.16938784931
taskid,65,finish_time,24433.38576258452
taskid,98,start_time,24623.142987146148
taskid,99,start_time,24644.850932394795
taskid,97,finish_time,24932.60714618271
taskid,100,start_time,24979.95962412779
taskid,101,start_time,25026.331142236555
taskid,93,finish_time,25346.602737328536
taskid,70,finish_time,25492.231994080343
taskid,102,start_time,25603.394586705537
taskid,74,finish_time,25882.94686116443
taskid,103,start_time,26875.487493658115
taskid,104,start_time,27070.101517564286
taskid,105,start_time,27237.341079685513
taskid,106,start_time,27294.798469210386
taskid,92,finish_time,27446.061465533243
taskid,107,start_time,27875.721533382934
taskid,108,start_time,28078.00488292264
taskid,109,start_time,28113.832968916002
taskid,110,start_time,28149.630758067553
taskid,111,start_time,28225.205729194597
taskid,112,start_time,28272.089630131424
taskid,113,start_time,28470.247063756553
taskid,114,start_time,28794.613368992126
taskid,115,start_time,29311.315792186375
taskid,116,start_time,29680.15520329202
taskid,99,finish_time,30031.850932393783
taskid,117,start_time,30095.376496406072
taskid,118,start_time,30112.73256815762
taskid,116,finish_time,30512.525203292065
taskid,118,finish_time,30916.92756815769
taskid,119,start_time,30958.015480739246
taskid,120,start_time,30974.661966439147
taskid,117,finish_time,31026.519346406032
taskid,121,start_time,31038.413107924935
taskid,122,start_time,31109.45019780593
taskid,71,finish_time,31168.875684681585
taskid,123,start_time,31604.363837784367
taskid,121,finish_time,31875.83430792496
taskid,124,start_time,31879.24908843954
taskid,125,start_time,31887.537088823978
taskid,126,start_time,31898.755522644708
taskid,127,start_time,31945.80221664876
taskid,119,finish_time,31957.01548073926
taskid,104,finish_time,31975.39671756374
taskid,120,finish_time,31982.661966439286
taskid,128,start_time,32011.5924960869
taskid,122,finish_time,32135.450197805916
taskid,3,finish_time,32386.334998346272
taskid,123,finish_time,32456.738987784447
taskid,126,finish_time,32671.39631431138
taskid,125,finish_time,32707.027088823874
taskid,127,finish_time,32730.677216648644
taskid,128,finish_time,32782.78249608676
taskid,129,start_time,32800.04888035012
taskid,130,start_time,33150.945904332424
taskid,131,start_time,33216.502956263685
taskid,132,start_time,33252.182095773445
taskid,114,finish_time,33462.341118992255
taskid,133,start_time,33682.68723244836
taskid,134,start_time,33724.19406462754
taskid,129,finish_time,33777.04888034995
taskid,109,finish_time,33784.83296891607
taskid,130,finish_time,34128.94590433216
taskid,112,finish_time,34386.089630131
taskid,135,start_time,34405.83383961212
taskid,136,start_time,34479.21376693146
taskid,137,start_time,34578.677346844874
taskid,12,finish_time,34802.66843503376
taskid,138,start_time,35130.93744761361
taskid,139,start_time,35404.81444422678
taskid,140,start_time,35444.02148519036
taskid,141,start_time,35604.24182386823
taskid,138,finish_time,35901.248176780275
taskid,142,start_time,35931.81595463337
taskid,143,start_time,36110.8979167024
taskid,144,start_time,36244.45308607136
taskid,145,start_time,36304.062128832156
taskid,146,start_time,36664.963401187924
taskid,147,start_time,36962.39751629502
taskid,91,finish_time,36972.355704271395
taskid,144,finish_time,37028.00508607112
taskid,94,finish_time,37153.30552474521
taskid,101,finish_time,37399.331142236624
taskid,146,finish_time,37439.611401187576
taskid,85,finish_time,37626.96344915306
taskid,140,finish_time,37906.762610190315
taskid,148,start_time,38025.60009046233
taskid,149,start_time,38260.19231435732
taskid,150,start_time,38306.69597538706
taskid,151,start_time,38514.15813421212
taskid,152,start_time,38720.664743517824
taskid,150,finish_time,38752.08686545995
taskid,153,start_time,38757.49466448061
taskid,154,start_time,38871.50449556281
taskid,133,finish_time,39147.72096101958
taskid,151,finish_time,39206.458134212226
taskid,155,start_time,39330.879669575654
taskid,156,start_time,39420.23347166644
taskid,107,finish_time,39619.894090325826
taskid,145,finish_time,39699.02731037975
taskid,157,start_time,39920.24242277152
taskid,158,start_time,40037.432564966926
taskid,149,finish_time,40218.091314357574
taskid,159,start_time,40401.64521302858
taskid,160,start_time,40432.31726926302
taskid,161,start_time,40678.2647060308
taskid,162,start_time,40776.368860440765
taskid,158,finish_time,40869.86911496698
taskid,163,start_time,40875.39248992235
taskid,159,finish_time,41115.84460886193
taskid,164,start_time,41358.2558620107
taskid,161,finish_time,41670.26470603077
taskid,162,finish_time,41675.36886044085
taskid,165,start_time,41685.915535257096
taskid,166,start_time,41748.004234358224
taskid,167,start_time,41774.34637815335
taskid,168,start_time,41884.16237270072
taskid,167,finish_time,42584.61037815359
taskid,108,finish_time,42676.04314292292
taskid,169,start_time,42676.04314292292
taskid,110,finish_time,42959.86310092468
taskid,170,start_time,42959.86310092468
taskid,171,start_time,42959.86310092468
taskid,172,start_time,43560.80105124414
taskid,148,finish_time,43819.60009046234
taskid,171,finish_time,43959.86310092483
taskid,172,finish_time,44607.80105124404
taskid,166,finish_time,44856.00423435811
taskid,142,finish_time,45257.067655939194
taskid,173,start_time,45257.067655939194
taskid,136,finish_time,45491.32263789852
taskid,174,start_time,45491.32263789852
taskid,175,start_time,45491.32263789852
taskid,176,start_time,45491.32263789852
taskid,177,start_time,45491.32263789852
taskid,155,finish_time,45827.98470594636
taskid,178,start_time,45827.98470594636
taskid,163,finish_time,45899.1688024224
taskid,113,finish_time,45962.45966375609
taskid,179,start_time,45962.45966375609
taskid,175,finish_time,46228.87063789825
taskid,177,finish_time,46236.072412898466
taskid,176,finish_time,46481.32263789859
taskid,164,finish_time,46971.25586201051
taskid,180,start_time,46971.25586201051
taskid,134,finish_time,47054.671793199326
taskid,156,finish_time,47455.1653591665
taskid,181,start_time,47455.1653591665
taskid,157,finish_time,48046.97670848636
taskid,135,finish_time,48332.78035389771
taskid,182,start_time,48332.78035389771
taskid,174,finish_time,49013.64328789783
taskid,183,start_time,49013.64328789783
taskid,139,finish_time,49204.6739522914
taskid,184,start_time,49204.6739522914
taskid,153,finish_time,49454.77251044836
taskid,185,start_time,49454.77251044836
taskid,147,finish_time,49673.39751629741
taskid,186,start_time,49673.39751629741
taskid,187,start_time,49673.39751629741
taskid,188,start_time,49673.39751629741
taskid,189,start_time,49673.39751629741
taskid,190,start_time,49673.39751629741
taskid,191,start_time,49673.39751629741
taskid,192,start_time,49673.39751629741
taskid,185,finish_time,49996.888560448475
taskid,190,finish_time,50280.1840412974
taskid,191,finish_time,50564.43905796412
taskid,187,finish_time,50565.817791297304
taskid,179,finish_time,50621.3647766599
taskid,193,start_time,50621.3647766599
taskid,189,finish_time,50657.91251629729
taskid,188,finish_time,50700.74045379755
taskid,192,finish_time,50832.397516297424
taskid,194,start_time,50832.397516297424
taskid,111,finish_time,51166.568193777544
taskid,195,start_time,51166.568193777544
taskid,137,finish_time,51990.67734684419
taskid,196,start_time,51990.67734684419
taskid,82,finish_time,52131.75135083415
taskid,197,start_time,52131.75135083415
taskid,198,start_time,52131.75135083415
taskid,195,finish_time,52178.375509253725
taskid,199,start_time,52178.375509253725
taskid,200,start_time,52178.375509253725
taskid,124,finish_time,52593.7246559799
taskid,201,start_time,52593.7246559799
taskid,180,finish_time,52736.614770582084
taskid,202,start_time,52736.614770582084
taskid,203,start_time,52736.614770582084
taskid,184,finish_time,53523.920898662385
taskid,204,start_time,53523.920898662385
taskid,186,finish_time,53682.288780365925
taskid,205,start_time,53682.288780365925
taskid,205,finish_time,54291.94865369951
taskid,202,finish_time,54796.3778622874
taskid,206,start_time,54796.3778622874
taskid,206,finish_time,55490.96631873886
taskid,207,start_time,55490.96631873886
taskid,204,finish_time,55520.73071721074
taskid,208,start_time,55520.73071721074
taskid,207,finish_time,56102.60241873867
taskid,209,start_time,56102.60241873867
taskid,197,finish_time,56621.23360890144
taskid,210,start_time,56621.23360890144
taskid,209,finish_time,56895.70087445279
taskid,211,start_time,56895.70087445279
taskid,182,finish_time,56975.324828897305
taskid,212,start_time,56975.324828897305
taskid,213,start_time,56975.324828897305
taskid,102,finish_time,57014.39458670662
taskid,214,start_time,57014.39458670662
taskid,210,finish_time,57537.28281253045
taskid,215,start_time,57537.28281253045
taskid,216,start_time,57537.28281253045
taskid,131,finish_time,57958.61304698952
taskid,103,finish_time,58107.7948436583
taskid,217,start_time,58107.7948436583
taskid,105,finish_time,58578.84901897095
taskid,106,finish_time,58937.80801921055
taskid,218,start_time,58937.80801921055
taskid,219,start_time,58937.80801921055
taskid,193,finish_time,59211.15291832655
taskid,211,finish_time,59584.70087445281
taskid,203,finish_time,59749.61477058277
taskid,213,finish_time,60541.32482889729
taskid,216,finish_time,60782.2828125306
taskid,219,finish_time,60966.069660877234
taskid,165,finish_time,61708.30554275695
taskid,220,start_time,61708.30554275695
taskid,221,start_time,61708.30554275695
taskid,222,start_time,61708.30554275695
taskid,198,finish_time,62844.7513508336
taskid,223,start_time,62844.7513508336
taskid,183,finish_time,63202.53521634536
taskid,224,start_time,63202.53521634536
taskid,115,finish_time,63257.832058853404
taskid,225,start_time,63257.832058853404
taskid,222,finish_time,63814.18554275698
taskid,221,finish_time,64732.3055427566
taskid,199,finish_time,65894.43667592043
taskid,226,start_time,65894.43667592043
taskid,227,start_time,65894.43667592043
taskid,226,finish_time,66654.33468116233
taskid,228,start_time,66654.33468116233
taskid,229,start_time,66654.33468116233
taskid,230,start_time,66654.33468116233
taskid,231,start_time,66654.33468116233
taskid,232,start_time,66654.33468116233
taskid,224,finish_time,66717.00802348828
taskid,233,start_time,66717.00802348828
taskid,234,start_time,66717.00802348828
taskid,235,start_time,66717.00802348828
taskid,236,start_time,66717.00802348828
taskid,237,start_time,66717.00802348828
taskid,223,finish_time,66788.88058208363
taskid,238,start_time,66788.88058208363
taskid,239,start_time,66788.88058208363
taskid,240,start_time,66788.88058208363
taskid,241,start_time,66788.88058208363
taskid,242,start_time,66788.88058208363
taskid,235,finish_time,67303.04802348849
taskid,243,start_time,67303.04802348849
taskid,240,finish_time,67358.52189458351
taskid,244,start_time,67358.52189458351
taskid,236,finish_time,67443.00802348863
taskid,245,start_time,67443.00802348863
taskid,242,finish_time,67450.88058208316
taskid,239,finish_time,67487.8805820843
taskid,231,finish_time,67503.92468116207
taskid,230,finish_time,67593.14268116232
taskid,246,start_time,67593.14268116232
taskid,238,finish_time,67648.85858208418
taskid,247,start_time,67648.85858208418
taskid,232,finish_time,67664.19174366242
taskid,243,finish_time,67715.66664015508
taskid,229,finish_time,67812.3346811628
taskid,237,finish_time,67876.00802348851
taskid,248,start_time,67876.00802348851
taskid,244,finish_time,68103.72706958352
taskid,249,start_time,68103.72706958352
taskid,247,finish_time,68284.85858208424
taskid,250,start_time,68284.85858208424
taskid,196,finish_time,68517.6987801772
taskid,251,start_time,68517.6987801772
taskid,252,start_time,68517.6987801772
taskid,253,start_time,68517.6987801772
taskid,254,start_time,68517.6987801772
taskid,255,start_time,68517.6987801772
taskid,98,finish_time,68795.10760714556
taskid,256,start_time,68795.10760714556
taskid,257,start_time,68795.10760714556
taskid,258,start_time,68795.10760714556
taskid,259,start_time,68795.10760714556
taskid,260,start_time,68795.10760714556
taskid,261,start_time,68795.10760714556
taskid,262,start_time,68795.10760714556
taskid,263,start_time,68795.10760714556
taskid,264,start_time,68795.10760714556
taskid,255,finish_time,69427.69878017677
taskid,265,start_time,69427.69878017677
taskid,260,finish_time,69497.87260714563
taskid,266,start_time,69497.87260714563
taskid,264,finish_time,69543.461065479
taskid,267,start_time,69543.461065479
taskid,257,finish_time,69575.10760714512
taskid,259,finish_time,69709.51216964555
taskid,263,finish_time,69760.81034464552
taskid,261,finish_time,69774.10760714608
taskid,228,finish_time,69892.33468116207
taskid,266,finish_time,70245.06660714536
taskid,267,finish_time,70261.71706547911
taskid,265,finish_time,70422.69878017633
taskid,268,start_time,70422.69878017633
taskid,268,finish_time,71362.24491953744
taskid,269,start_time,71362.24491953744
taskid,233,finish_time,72453.4010234894
taskid,270,start_time,72453.4010234894
taskid,271,start_time,72453.4010234894
taskid,272,start_time,72453.4010234894
taskid,273,start_time,72453.4010234894
taskid,269,finish_time,72463.51957689335
taskid,274,start_time,72463.51957689335
taskid,275,start_time,72463.51957689335
taskid,276,start_time,72463.51957689335
taskid,277,start_time,72463.51957689335
taskid,168,finish_time,72658.56164194655
taskid,278,start_time,72658.56164194655
taskid,279,start_time,72658.56164194655
taskid,280,start_time,72658.56164194655
taskid,160,finish_time,73102.33253176302
taskid,262,finish_time,73172.76647582355
taskid,276,finish_time,73415.18655189317
taskid,270,finish_time,73424.93164848941
taskid,280,finish_time,73612.56164194678
taskid,220,finish_time,74030.51683150696
taskid,281,start_time,74030.51683150696
taskid,282,start_time,74030.51683150696
taskid,283,start_time,74030.51683150696
taskid,284,start_time,74030.51683150696
taskid,281,finish_time,74843.33200650678
taskid,285,start_time,74843.33200650678
taskid,286,start_time,74843.33200650678
taskid,282,finish_time,74854.6429934127
taskid,287,start_time,74854.6429934127
taskid,288,start_time,74854.6429934127
taskid,289,start_time,74854.6429934127
taskid,290,start_time,74854.6429934127
taskid,284,finish_time,74886.01558150678
taskid,291,start_time,74886.01558150678
taskid,275,finish_time,74995.53038939343
taskid,292,start_time,74995.53038939343
taskid,277,finish_time,75019.39457689358
taskid,293,start_time,75019.39457689358
taskid,283,finish_time,75047.13026900702
taskid,294,start_time,75047.13026900702
taskid,227,finish_time,75142.7326000278
taskid,287,finish_time,75410.81735055572
taskid,295,start_time,75410.81735055572
taskid,279,finish_time,75455.56164194652
taskid,285,finish_time,75551.63303949033
taskid,296,start_time,75551.63303949033
taskid,297,start_time,75551.63303949033
taskid,298,start_time,75551.63303949033
taskid,299,start_time,75551.63303949033
taskid,288,finish_time,75623.41799341315
taskid,299,finish_time,76154.44301115372
taskid,300,start_time,76154.44301115372
taskid,295,finish_time,76232.4685271688
taskid,301,start_time,76232.4685271688
taskid,286,finish_time,76516.60319400685
taskid,296,finish_time,76538.97839663266
taskid,302,start_time,76538.97839663266
taskid,303,start_time,76538.97839663266
taskid,304,start_time,76538.97839663266
taskid,252,finish_time,76710.18378017707
taskid,272,finish_time,76924.37102348948
taskid,274,finish_time,76948.5195768932
taskid,169,finish_time,77079.51261078012
taskid,303,finish_time,77273.55839663323
taskid,304,finish_time,77292.09614663261
taskid,305,start_time,77292.09614663261
taskid,249,finish_time,77297.18679458366
taskid,178,finish_time,77342.22360239705
taskid,306,start_time,77342.22360239705
taskid,294,finish_time,77460.85626900675
taskid,271,finish_time,77714.40102348916
taskid,250,finish_time,78481.85858208407
taskid,253,finish_time,78687.69878017779
taskid,251,finish_time,78708.69878017726
taskid,298,finish_time,78819.63303949036
taskid,273,finish_time,80537.40102348904
taskid,307,start_time,80537.40102348904
taskid,292,finish_time,81433.8643893939
taskid,241,finish_time,81498.41158208493
taskid,297,finish_time,81577.1172091335
taskid,308,start_time,81577.1172091335
taskid,309,start_time,81577.1172091335
taskid,212,finish_time,82143.23689764735
taskid,290,finish_time,82374.07099341274
taskid,218,finish_time,82480.40842243917
taskid,310,start_time,82480.40842243917
taskid,311,start_time,82480.40842243917
taskid,312,start_time,82480.40842243917
taskid,313,start_time,82480.40842243917
taskid,314,start_time,82480.40842243917
taskid,315,start_time,82480.40842243917
taskid,152,finish_time,82524.62894887524
taskid,316,start_time,82524.62894887524
taskid,317,start_time,82524.62894887524
taskid,289,finish_time,83166.26799341246
taskid,313,finish_time,83225.15819743912
taskid,312,finish_time,83249.18342243963
taskid,291,finish_time,83269.27764400678
taskid,311,finish_time,83293.7371474392
taskid,80,finish_time,83399.10203287218
taskid,141,finish_time,84639.71476335236
taskid,318,start_time,84639.71476335236
taskid,319,start_time,84639.71476335236
taskid,320,start_time,84639.71476335236
taskid,321,start_time,84639.71476335236
taskid,322,start_time,84639.71476335236
taskid,323,start_time,84639.71476335236
taskid,324,start_time,84639.71476335236
taskid,293,finish_time,85286.3945768934
taskid,325,start_time,85286.3945768934
taskid,320,finish_time,85287.44561126904
taskid,326,start_time,85287.44561126904
taskid,321,finish_time,85440.68976335239
taskid,327,start_time,85440.68976335239
taskid,319,finish_time,85475.47441335247
taskid,328,start_time,85475.47441335247
taskid,310,finish_time,85681.29993311135
taskid,329,start_time,85681.29993311135
taskid,330,start_time,85681.29993311135
taskid,331,start_time,85681.29993311135
taskid,332,start_time,85681.29993311135
taskid,333,start_time,85681.29993311135
taskid,334,start_time,85681.29993311135
taskid,335,start_time,85681.29993311135
taskid,170,finish_time,85991.33505382956
taskid,336,start_time,85991.33505382956
taskid,337,start_time,85991.33505382956
taskid,338,start_time,85991.33505382956
taskid,339,start_time,85991.33505382956
taskid,315,finish_time,86048.40842243876
taskid,234,finish_time,86187.28093777358
taskid,337,finish_time,86756.33705382951
taskid,339,finish_time,86966.95260382959
taskid,338,finish_time,86973.10636632962
taskid,340,start_time,86973.10636632962
taskid,323,finish_time,87244.64495001765
taskid,341,start_time,87244.64495001765
taskid,317,finish_time,88811.79903697112
taskid,342,start_time,88811.79903697112
taskid,100,finish_time,89283.7670009475
taskid,343,start_time,89283.7670009475
taskid,344,start_time,89283.7670009475
taskid,322,finish_time,89312.08876335219
taskid,306,finish_time,89675.72194406361
taskid,345,start_time,89675.72194406361
taskid,346,start_time,89675.72194406361
taskid,347,start_time,89675.72194406361
taskid,342,finish_time,89745.01203696817
taskid,309,finish_time,90034.40670913325
taskid,343,finish_time,90090.55512594752
taskid,344,finish_time,90276.76700094753
taskid,348,start_time,90276.76700094753
taskid,346,finish_time,90454.07994406376
taskid,349,start_time,90454.07994406376
taskid,347,finish_time,90969.90769406364
taskid,350,start_time,90969.90769406364
taskid,349,finish_time,91207.20994406327
taskid,351,start_time,91207.20994406327
taskid,86,finish_time,91287.92444754076
taskid,194,finish_time,91447.01841879773
taskid,352,start_time,91447.01841879773
taskid,353,start_time,91447.01841879773
taskid,354,start_time,91447.01841879773
taskid,355,start_time,91447.01841879773
taskid,350,finish_time,91617.53569406361
taskid,351,finish_time,91919.52994406346
taskid,143,finish_time,92185.51393613798
taskid,356,start_time,92185.51393613798
taskid,353,finish_time,92256.04341879842
taskid,355,finish_time,92405.01841879732
taskid,89,finish_time,92435.54807172382
taskid,357,start_time,92435.54807172382
taskid,354,finish_time,92461.01841879782
taskid,217,finish_time,92778.7604281986
taskid,358,start_time,92778.7604281986
taskid,357,finish_time,92981.86396285288
taskid,332,finish_time,93724.57993311115
taskid,325,finish_time,93815.52041439344
taskid,356,finish_time,94024.2303290545
taskid,359,start_time,94024.2303290545
taskid,360,start_time,94024.2303290545
taskid,361,start_time,94024.2303290545
taskid,362,start_time,94024.2303290545
taskid,363,start_time,94024.2303290545
taskid,364,start_time,94024.2303290545
taskid,360,finish_time,94769.94032905446
taskid,365,start_time,94769.94032905446
taskid,362,finish_time,94821.15845405447
taskid,366,start_time,94821.15845405447
taskid,331,finish_time,94882.29993311112
taskid,367,start_time,94882.29993311112
taskid,363,finish_time,95074.23032905435
taskid,368,start_time,95074.23032905435
taskid,327,finish_time,95196.07708835258
taskid,369,start_time,95196.07708835258
taskid,359,finish_time,95357.34422530449
taskid,370,start_time,95357.34422530449
taskid,371,start_time,95357.34422530449
taskid,372,start_time,95357.34422530449
taskid,373,start_time,95357.34422530449
taskid,374,start_time,95357.34422530449
taskid,375,start_time,95357.34422530449
taskid,376,start_time,95357.34422530449
taskid,377,start_time,95357.34422530449
taskid,378,start_time,95357.34422530449
taskid,364,finish_time,95535.36232905427
taskid,379,start_time,95535.36232905427
taskid,324,finish_time,95560.7147633527
taskid,380,start_time,95560.7147633527
taskid,326,finish_time,95882.46361126946
taskid,381,start_time,95882.46361126946
taskid,376,finish_time,95925.36860030415
taskid,382,start_time,95925.36860030415
taskid,383,start_time,95925.36860030415
taskid,384,start_time,95925.36860030415
taskid,385,start_time,95925.36860030415
taskid,386,start_time,95925.36860030415
taskid,387,start_time,95925.36860030415
taskid,388,start_time,95925.36860030415
taskid,389,start_time,95925.36860030415
taskid,371,finish_time,95982.34422530507
taskid,390,start_time,95982.34422530507
taskid,379,finish_time,96369.97725822098
taskid,391,start_time,96369.97725822098
taskid,378,finish_time,96392.48987530425
taskid,328,finish_time,96447.474413352
taskid,333,finish_time,96456.71815811138
taskid,389,finish_time,96518.84277947081
taskid,375,finish_time,96543.89322530458
taskid,377,finish_time,96604.34422530475
taskid,374,finish_time,96654.20391280446
taskid,316,finish_time,96671.62894887099
taskid,392,start_time,96671.62894887099
taskid,393,start_time,96671.62894887099
taskid,394,start_time,96671.62894887099
taskid,395,start_time,96671.62894887099
taskid,396,start_time,96671.62894887099
taskid,397,start_time,96671.62894887099
taskid,398,start_time,96671.62894887099
taskid,399,start_time,96671.62894887099
taskid,367,finish_time,96684.69493311108
taskid,400,start_time,96684.69493311108
taskid,373,finish_time,96702.49922530472
taskid,401,start_time,96702.49922530472
taskid,380,finish_time,96807.71476335282
taskid,308,finish_time,96807.78936151568
taskid,402,start_time,96807.78936151568
taskid,403,start_time,96807.78936151568
taskid,368,finish_time,96876.62532905431
taskid,404,start_time,96876.62532905431
taskid,365,finish_time,97008.9403290544
taskid,366,finish_time,97060.15845405398
taskid,384,finish_time,97116.9658919707
taskid,329,finish_time,97130.00993311135
taskid,387,finish_time,97133.98424405424
taskid,392,finish_time,97184.96259887116
taskid,405,start_time,97184.96259887116
taskid,406,start_time,97184.96259887116
taskid,407,start_time,97184.96259887116
taskid,408,start_time,97184.96259887116
taskid,409,start_time,97184.96259887116
taskid,410,start_time,97184.96259887116
taskid,381,finish_time,97224.2678737694
taskid,411,start_time,97224.2678737694
taskid,388,finish_time,97244.36860030468
taskid,412,start_time,97244.36860030468
taskid,383,finish_time,97249.83860030459
taskid,369,finish_time,97435.07708835253
taskid,370,finish_time,97596.34422530443
taskid,413,start_time,97629.3966593997
taskid,394,finish_time,97694.62894887073
taskid,414,start_time,97821.0635576046
taskid,385,finish_time,97880.36860030415
taskid,382,finish_time,97907.36860030427
taskid,391,finish_time,97968.97725822122
taskid,415,start_time,97984.43736737625
taskid,397,finish_time,98164.0222572044
taskid,386,finish_time,98273.08572530406
taskid,330,finish_time,98292.2999331117
taskid,398,finish_time,98362.6345322043
taskid,399,finish_time,98366.52424887105
taskid,390,finish_time,98416.34422530458
taskid,400,finish_time,98482.25993311082
taskid,401,finish_time,98496.03922530523
taskid,361,finish_time,98612.63939155449
taskid,416,start_time,98612.63939155449
taskid,395,finish_time,98657.47319887092
taskid,403,finish_time,98743.78936151545
taskid,396,finish_time,98899.62894887058
taskid,414,finish_time,99374.06955760448
taskid,411,finish_time,99480.68987376941
taskid,408,finish_time,99822.77259887104
taskid,416,finish_time,99883.43980628422
taskid,417,start_time,99883.43980628422
taskid,418,start_time,99883.43980628422
taskid,419,start_time,99883.43980628422
taskid,420,start_time,99883.43980628422
taskid,412,finish_time,99942.28060030474
taskid,421,start_time,99942.28060030474
taskid,413,finish_time,100226.34856981639
taskid,422,start_time,100226.34856981639
taskid,420,finish_time,100357.57780628388
taskid,423,start_time,100357.57780628388
taskid,404,finish_time,100714.62532905463
taskid,424,start_time,100714.62532905463
taskid,334,finish_time,100769.60585811167
taskid,425,start_time,100769.60585811167
taskid,426,start_time,100769.60585811167
taskid,427,start_time,100769.60585811167
taskid,393,finish_time,100863.26394887065
taskid,419,finish_time,100957.43980628416
taskid,418,finish_time,100957.43980628416
taskid,410,finish_time,101064.86409887114
taskid,428,start_time,101084.70816571498
taskid,429,start_time,101133.82198270921
taskid,430,start_time,101225.14191251947
taskid,340,finish_time,101589.65075649905
taskid,406,finish_time,101660.24266137111
taskid,424,finish_time,102268.27532905468
taskid,431,start_time,102268.27532905468
taskid,423,finish_time,102355.04180628348
taskid,407,finish_time,102426.96259887128
taskid,425,finish_time,102699.60585811152
taskid,426,finish_time,102699.60585811152
taskid,427,finish_time,102699.60585811152
taskid,428,finish_time,103014.70816571484
taskid,429,finish_time,103063.82198270965
taskid,422,finish_time,103102.34856981688
taskid,432,start_time,103102.34856981688
taskid,409,finish_time,103362.9625988709
taskid,433,start_time,103362.9625988709
taskid,372,finish_time,103478.34422530426
taskid,434,start_time,103478.34422530426
taskid,415,finish_time,103580.43736737616
taskid,435,start_time,103580.43736737616
taskid,433,finish_time,103823.96194887096
taskid,436,start_time,103823.96194887096
taskid,348,finish_time,105029.47435175384
taskid,437,start_time,105029.47435175384
taskid,438,start_time,105029.47435175384
taskid,439,start_time,105029.47435175384
taskid,440,start_time,105029.47435175384
taskid,441,start_time,105029.47435175384
taskid,442,start_time,105029.47435175384
taskid,443,start_time,105029.47435175384
taskid,444,start_time,105029.47435175384
taskid,445,start_time,105040.12647272053
taskid,430,finish_time,105243.14191251964
taskid,445,finish_time,106069.12647271989
taskid,336,finish_time,106090.82175610714
taskid,132,finish_time,106097.19278220649
taskid,446,start_time,106097.19278220649
taskid,447,start_time,106097.19278220649
taskid,358,finish_time,106488.7139701628
taskid,448,start_time,106488.7139701628
taskid,449,start_time,106488.7139701628
taskid,450,start_time,106488.7139701628
taskid,451,start_time,106642.7400636906
taskid,439,finish_time,106680.42435175371
taskid,452,start_time,106695.91812138703
taskid,438,finish_time,106715.16708092061
taskid,441,finish_time,106716.68503925389
taskid,442,finish_time,106723.60892675405
taskid,453,start_time,106825.60975558723
taskid,443,finish_time,107030.44090175371
taskid,444,finish_time,107031.3414267536
taskid,447,finish_time,107095.3927822067
taskid,440,finish_time,107250.47435175434
taskid,449,finish_time,107407.30997016291
taskid,446,finish_time,107428.22883390015
taskid,452,finish_time,107463.14612138706
taskid,454,start_time,107463.99323526707
taskid,453,finish_time,107497.08468862272
taskid,448,finish_time,107593.94147016284
taskid,451,finish_time,107647.74006369074
taskid,450,finish_time,107726.71397016283
taskid,437,finish_time,107802.19082675404
taskid,455,start_time,107882.97906497374
taskid,436,finish_time,107988.96194887081
taskid,454,finish_time,108288.07800312493
taskid,456,start_time,108681.53763351265
taskid,457,start_time,108786.7981883252
taskid,455,finish_time,108852.5139404216
taskid,458,start_time,108852.5139404216
taskid,459,start_time,109400.85589028893
taskid,318,finish_time,109405.31968335036
taskid,460,start_time,109537.76615860766
taskid,461,start_time,109575.01865901609
taskid,405,finish_time,109580.40326432846
taskid,462,start_time,109583.95793475269
taskid,314,finish_time,109647.99642243855
taskid,458,finish_time,109675.30726780239
taskid,463,start_time,109895.81461893982
taskid,464,start_time,110085.57503226312
taskid,459,finish_time,110246.10589028902
taskid,465,start_time,110383.68693852912
taskid,460,finish_time,110503.96204860818
taskid,466,start_time,110717.48596311969
taskid,10,finish_time,110796.13988147338
taskid,467,start_time,110809.40480001271
taskid,468,start_time,110924.56195804678
taskid,469,start_time,110996.70209098545
taskid,457,finish_time,111240.99608654965
taskid,470,start_time,111286.9558849443
taskid,471,start_time,111471.38442198584
taskid,434,finish_time,111737.34422530464
taskid,431,finish_time,112117.56700669898
taskid,471,finish_time,112155.95621781917
taskid,472,start_time,112261.85028420265
taskid,341,finish_time,112575.29523001486
taskid,473,start_time,112817.77459141379
taskid,474,start_time,113066.17129883353
taskid,472,finish_time,113277.85028420256
taskid,473,finish_time,113676.70959141356
taskid,402,finish_time,113965.27429216389
taskid,474,finish_time,114077.17129883316
taskid,475,start_time,114514.48517984801
taskid,476,start_time,114658.6496731186
taskid,477,start_time,114694.23831874297
taskid,478,start_time,114761.10414927587
taskid,479,start_time,114895.12561082511
taskid,480,start_time,114974.1965243498
taskid,481,start_time,115341.48063637684
taskid,475,finish_time,115346.85517984795
taskid,482,start_time,115531.7763548494
taskid,477,finish_time,115619.07749374305
taskid,483,start_time,115798.57206756131
taskid,484,start_time,115871.53720261533
taskid,480,finish_time,115980.73502434968
taskid,482,finish_time,116248.04341734966
taskid,484,finish_time,116437.452202615
taskid,467,finish_time,116478.40480001032
taskid,485,start_time,116487.43797502288
taskid,486,start_time,116678.07814003243
taskid,487,start_time,116749.31834245544
taskid,225,finish_time,116860.03995853642
taskid,488,start_time,117254.86643858236
taskid,489,start_time,117353.41813114204
taskid,490,start_time,117421.87928523109
taskid,491,start_time,117434.08604494136
taskid,492,start_time,117558.14400497402
taskid,493,start_time,117692.20792003348
taskid,435,finish_time,117704.43736737625
taskid,494,start_time,117836.47602124223
taskid,495,start_time,117907.46528566837
taskid,278,finish_time,118048.11195027997
taskid,496,start_time,118054.98086837861
taskid,491,finish_time,118170.10401994157
taskid,497,start_time,118200.46901535624
taskid,498,start_time,118357.26656108486
taskid,499,start_time,118429.46859885086
taskid,500,start_time,118541.58221000808
taskid,501,start_time,118593.17776670308
taskid,502,start_time,118616.45538311255
taskid,503,start_time,118650.9642666961
taskid,432,finish_time,118734.32708118708
taskid,494,finish_time,118955.59698293566
taskid,495,finish_time,118970.46528566825
taskid,496,finish_time,119026.98086837844
taskid,504,start_time,119066.06988728228
taskid,505,start_time,119137.39549604163
taskid,506,start_time,119194.58014120933
taskid,507,start_time,119480.52823963173
taskid,476,finish_time,119600.73087311842
taskid,506,finish_time,119943.25814120955
taskid,505,finish_time,120014.50684604154
taskid,504,finish_time,120049.06988728246
taskid,507,finish_time,120238.85223963173
taskid,508,start_time,120324.54348924797
taskid,503,finish_time,120336.65699586287
taskid,502,finish_time,120409.1903831128
taskid,501,finish_time,120420.26764170303
taskid,497,finish_time,120427.46901535577
taskid,509,start_time,120460.12875590702
taskid,307,finish_time,120480.77538449409
taskid,498,finish_time,120584.2665610844
taskid,499,finish_time,120657.46859885118
taskid,510,start_time,120716.10292151659
taskid,500,finish_time,120769.5822100084
taskid,511,start_time,120849.39680288947
taskid,512,start_time,120974.98030832392
taskid,513,start_time,121064.40551956043
taskid,514,start_time,121156.33778188375
taskid,515,start_time,121254.98737638904
taskid,516,start_time,121318.81278473313
taskid,508,finish_time,121332.40348924804
taskid,509,finish_time,121475.54088090702
taskid,512,finish_time,121554.0147226092
taskid,511,finish_time,121795.0848445562
taskid,510,finish_time,121962.10292151621
taskid,513,finish_time,122180.40551956049
taskid,514,finish_time,122231.33778188389
taskid,517,start_time,122271.9000565666
taskid,518,start_time,122473.14908096174
taskid,519,start_time,122889.9228460121
taskid,520,start_time,123286.0811383692
taskid,521,start_time,123403.62093235375
taskid,522,start_time,123425.76510340431
taskid,485,finish_time,123449.62397502252
taskid,518,finish_time,123465.14908096171
taskid,488,finish_time,123604.9939010826
taskid,523,start_time,123622.33102130984
taskid,519,finish_time,123883.92284601218
taskid,520,finish_time,124112.01113836929
taskid,522,finish_time,124182.67912423766
taskid,481,finish_time,124288.25063637724
taskid,523,finish_time,124397.24875047647
taskid,524,start_time,124920.28357875778
taskid,525,start_time,124954.16758022661
taskid,525,finish_time,125705.42113667817
taskid,492,finish_time,125820.39121330745
taskid,478,finish_time,125891.54639927577
taskid,490,finish_time,126164.98428523116
taskid,526,start_time,126358.36692024705
taskid,527,start_time,126610.99133250216
taskid,528,start_time,126820.80638572377
taskid,483,finish_time,126828.5720675619
taskid,529,start_time,127193.8370704893
taskid,530,start_time,127437.80652813248
taskid,526,finish_time,127473.36692024836
taskid,531,start_time,127556.76119125306
taskid,487,finish_time,127676.60146745555
taskid,486,finish_time,127699.07814003191
taskid,527,finish_time,127701.99133250368
taskid,201,finish_time,127942.21900972989
taskid,532,start_time,128009.36421645421
taskid,533,start_time,128021.12951433081
taskid,529,finish_time,128153.01850798939
taskid,489,finish_time,128186.41813114178
taskid,530,finish_time,128604.77995938242
taskid,534,start_time,128686.27991383623
taskid,535,start_time,128885.18908012898
taskid,536,start_time,129022.45480409957
taskid,537,start_time,129337.24393566995
taskid,538,start_time,129425.69072070639
taskid,539,start_time,129439.01179109926
taskid,540,start_time,129510.0370782836
taskid,533,finish_time,129526.19000183053
taskid,541,start_time,129541.68794294744
taskid,531,finish_time,129545.27937875307
taskid,532,finish_time,129805.31921645417
taskid,542,start_time,130089.6079216695
taskid,493,finish_time,130127.2079200332
taskid,543,start_time,130176.29408546294
taskid,521,finish_time,130244.86093235429
taskid,544,start_time,130259.70572885123
taskid,545,start_time,130338.98348681728
taskid,546,start_time,130443.099638022
taskid,541,finish_time,130466.96194294764
taskid,540,finish_time,130513.87207828356
taskid,547,start_time,130759.56393731288
taskid,534,finish_time,130917.27991383644
taskid,335,finish_time,130956.91773311139
taskid,542,finish_time,131093.44292166946
taskid,543,finish_time,131101.5680854631
taskid,535,finish_time,131116.18908012917
taskid,544,finish_time,131176.05055385147
taskid,548,start_time,131235.46819465412
taskid,536,finish_time,131253.4548041
taskid,547,finish_time,131495.043224813
taskid,537,finish_time,131568.24393566998
taskid,548,finish_time,132333.46819465372
taskid,528,finish_time,132510.8063857239
taskid,545,finish_time,135063.25960724385
taskid,549,start_time,135063.25960724385
taskid,549,finish_time,136057.5419927281
taskid,550,start_time,136057.5419927281
taskid,551,start_time,136057.5419927281
taskid,200,finish_time,137132.2702278021
taskid,552,start_time,137132.2702278021
taskid,553,start_time,137132.2702278021
taskid,552,finish_time,137726.30161812482
taskid,524,finish_time,137885.32460732982
taskid,554,start_time,137885.32460732982
taskid,555,start_time,137885.32460732982
taskid,553,finish_time,138214.2702278025
taskid,546,finish_time,141820.99034084423
taskid,556,start_time,141820.99034084423
taskid,208,finish_time,141908.448003154
taskid,557,start_time,141908.448003154
taskid,558,start_time,141908.448003154
taskid,456,finish_time,142086.53173351352
taskid,559,start_time,142086.53173351352
taskid,560,start_time,142086.53173351352
taskid,551,finish_time,142089.70753141827
taskid,561,start_time,142089.70753141827
taskid,562,start_time,142089.70753141827
taskid,95,finish_time,143149.21777674346
taskid,563,start_time,143149.21777674346
taskid,564,start_time,143149.21777674346
taskid,562,finish_time,143305.70753141833
taskid,555,finish_time,143706.49122875868
taskid,565,start_time,143706.49122875868
taskid,352,finish_time,144011.93984679718
taskid,566,start_time,144011.93984679718
taskid,567,start_time,144011.93984679718
taskid,568,start_time,144011.93984679718
taskid,20,finish_time,144475.79035939314
taskid,568,finish_time,144897.14584679736
taskid,567,finish_time,145215.93984679683
taskid,550,finish_time,145791.2297732521
taskid,569,start_time,145791.2297732521
taskid,19,finish_time,147134.37367942592
taskid,570,start_time,147134.37367942592
taskid,571,start_time,147134.37367942592
taskid,561,finish_time,148129.80360820398
taskid,572,start_time,148129.80360820398
taskid,573,start_time,148129.80360820398
taskid,571,finish_time,148208.70000442636
taskid,572,finish_time,148793.80360821148
taskid,574,start_time,148793.80360821148
taskid,575,start_time,148793.80360821148
taskid,573,finish_time,148981.49360820334
taskid,565,finish_time,149298.6145954237
taskid,575,finish_time,149766.37060821176
taskid,557,finish_time,154254.74956565254
taskid,576,start_time,154254.74956565254
taskid,570,finish_time,154404.0837794324
taskid,577,start_time,154404.0837794324
taskid,23,finish_time,154744.3089429235
taskid,577,finish_time,155074.23435681325
taskid,569,finish_time,157000.7471482515
taskid,578,start_time,157000.7471482515
taskid,579,start_time,157000.7471482515
taskid,579,finish_time,157724.839233668
taskid,559,finish_time,158101.53173351294
taskid,580,start_time,158101.53173351294
taskid,581,start_time,158101.53173351294
taskid,578,finish_time,158134.69854583684
taskid,582,start_time,158134.69854583684
taskid,583,start_time,158134.69854583684
taskid,584,start_time,158134.69854583684
taskid,585,start_time,158134.69854583684
taskid,560,finish_time,158241.53173350275
taskid,586,start_time,158241.53173350275
taskid,563,finish_time,158564.88564341233
taskid,587,start_time,158564.88564341233
taskid,581,finish_time,158917.78965851304
taskid,588,start_time,158917.78965851304
taskid,583,finish_time,159208.6985458359
taskid,589,start_time,159208.6985458359
taskid,585,finish_time,159274.69854583684
taskid,590,start_time,159274.69854583684
taskid,564,finish_time,159612.98565174046
taskid,591,start_time,159612.98565174046
taskid,592,start_time,159612.98565174046
taskid,593,start_time,159612.98565174046
taskid,558,finish_time,159710.8434952369
taskid,594,start_time,159710.8434952369
taskid,595,start_time,159710.8434952369
taskid,596,start_time,159710.8434952369
taskid,588,finish_time,159868.0315751799
taskid,576,finish_time,160047.73538291448
taskid,597,start_time,160047.73538291448
taskid,598,start_time,160047.73538291448
taskid,599,start_time,160047.73538291448
taskid,600,start_time,160047.73538291448
taskid,601,start_time,160047.73538291448
taskid,301,finish_time,160249.47144209495
taskid,602,start_time,160249.47144209495
taskid,603,start_time,160249.47144209495
taskid,604,start_time,160249.47144209495
taskid,605,start_time,160249.47144209495
taskid,606,start_time,160249.47144209495
taskid,607,start_time,160249.47144209495
taskid,608,start_time,160249.47144209495
taskid,609,start_time,160249.47144209495
taskid,610,start_time,160249.47144209495
taskid,589,finish_time,160331.6985458352
taskid,611,start_time,160331.6985458352
taskid,593,finish_time,160750.9856517412
taskid,612,start_time,160750.9856517412
taskid,610,finish_time,161033.7654420943
taskid,613,start_time,161033.7654420943
taskid,609,finish_time,161096.33144209423
taskid,611,finish_time,161179.36354583548
taskid,566,finish_time,161209.04040429663
taskid,614,start_time,161209.04040429663
taskid,615,start_time,161209.04040429663
taskid,616,start_time,161209.04040429663
taskid,595,finish_time,161448.856745237
taskid,617,start_time,161448.856745237
taskid,8,finish_time,161688.48623839466
taskid,618,start_time,161688.48623839466
taskid,619,start_time,161688.48623839466
taskid,620,start_time,161688.48623839466
taskid,621,start_time,161688.48623839466
taskid,574,finish_time,161734.28260066255
taskid,622,start_time,161734.28260066255
taskid,623,start_time,161734.28260066255
taskid,624,start_time,161734.28260066255
taskid,625,start_time,161734.28260066255
taskid,626,start_time,161734.28260066255
taskid,627,start_time,161734.28260066255
taskid,612,finish_time,161800.98565174034
taskid,628,start_time,161800.98565174034
taskid,613,finish_time,162065.76544209558
taskid,629,start_time,162065.76544209558
taskid,615,finish_time,162126.7404042974
taskid,630,start_time,162126.7404042974
taskid,617,finish_time,162270.76174523696
taskid,631,start_time,162270.76174523696
taskid,620,finish_time,162505.561238396
taskid,632,start_time,162505.561238396
taskid,619,finish_time,162696.82266964458
taskid,633,start_time,162696.82266964458
taskid,621,finish_time,162771.48623839483
taskid,634,start_time,162771.48623839483
taskid,618,finish_time,162804.48623839472
taskid,635,start_time,162804.48623839472
taskid,625,finish_time,163211.26969441248
taskid,636,start_time,163211.26969441248
taskid,624,finish_time,163221.80316316255
taskid,637,start_time,163221.80316316255
taskid,628,finish_time,163597.92283924035
taskid,638,start_time,163597.92283924035
taskid,584,finish_time,163685.69854582293
taskid,639,start_time,163685.69854582293
taskid,640,start_time,163685.69854582293
taskid,641,start_time,163685.69854582293
taskid,642,start_time,163685.69854582293
taskid,643,start_time,163685.69854582293
taskid,644,start_time,163685.69854582293
taskid,645,start_time,163685.69854582293
taskid,646,start_time,163685.69854582293
taskid,582,finish_time,163791.23706583906
taskid,647,start_time,163791.23706583906
taskid,648,start_time,163791.23706583906
taskid,649,start_time,163791.23706583906
taskid,650,start_time,163791.23706583906
taskid,651,start_time,163791.23706583906
taskid,652,start_time,163791.23706583906
taskid,653,start_time,163791.23706583906
taskid,654,start_time,163791.23706583906
taskid,655,start_time,163791.23706583906
taskid,656,start_time,163791.23706583906
taskid,657,start_time,163791.23706583906
taskid,658,start_time,163791.23706583906
taskid,659,start_time,163791.23706583906
taskid,660,start_time,163791.23706583906
taskid,661,start_time,163791.23706583906
taskid,662,start_time,163791.23706583906
taskid,629,finish_time,163865.96237959544
taskid,663,start_time,163865.96237959544
taskid,630,finish_time,163901.76540429742
taskid,664,start_time,163901.76540429742
taskid,626,finish_time,163939.28260066285
taskid,665,start_time,163939.28260066285
taskid,627,finish_time,163939.28260066285
taskid,666,start_time,163939.28260066285
taskid,632,finish_time,164373.1434383959
taskid,667,start_time,164373.1434383959
taskid,616,finish_time,164470.04040429668
taskid,668,start_time,164470.04040429668
taskid,635,finish_time,164473.98623839425
taskid,669,start_time,164473.98623839425
taskid,633,finish_time,164486.33766964366
taskid,670,start_time,164486.33766964366
taskid,631,finish_time,164495.645670237
taskid,671,start_time,164495.645670237
taskid,596,finish_time,164503.0084952373
taskid,672,start_time,164503.0084952373
taskid,634,finish_time,165016.48623839542
taskid,673,start_time,165016.48623839542
taskid,657,finish_time,165292.9244908389
taskid,674,start_time,165292.9244908389
taskid,639,finish_time,165338.75397082284
taskid,675,start_time,165338.75397082284
taskid,640,finish_time,165356.6825458231
taskid,676,start_time,165356.6825458231
taskid,643,finish_time,165377.46310832282
taskid,677,start_time,165377.46310832282
taskid,636,finish_time,165420.26969441242
taskid,678,start_time,165420.26969441242
taskid,637,finish_time,165472.8031631629
taskid,679,start_time,165472.8031631629
taskid,659,finish_time,165484.61091583897
taskid,680,start_time,165484.61091583897
taskid,642,finish_time,165486.48354582326
taskid,681,start_time,165486.48354582326
taskid,646,finish_time,165492.92354582384
taskid,682,start_time,165492.92354582384
taskid,641,finish_time,165507.8987958231
taskid,683,start_time,165507.8987958231
taskid,653,finish_time,165535.37119083933
taskid,684,start_time,165535.37119083933
taskid,656,finish_time,165583.97206583916
taskid,685,start_time,165583.97206583916
taskid,638,finish_time,165614.1983142402
taskid,686,start_time,165614.1983142402
taskid,647,finish_time,165633.07706583972
taskid,687,start_time,165633.07706583972
taskid,652,finish_time,165633.07706583972
taskid,662,finish_time,165640.54221583862
taskid,649,finish_time,165702.01956583955
taskid,663,finish_time,165752.7845879289
taskid,665,finish_time,165783.89460066275
taskid,592,finish_time,165866.14515174064
taskid,664,finish_time,165902.99540429676
taskid,645,finish_time,165923.69854582282
taskid,688,start_time,165923.69854582282
taskid,644,finish_time,165933.69854582282
taskid,689,start_time,165933.69854582282
taskid,658,finish_time,166017.2370658394
taskid,690,start_time,166017.2370658394
taskid,661,finish_time,166017.2370658394
taskid,660,finish_time,166019.23706583778
taskid,654,finish_time,166079.23706583923
taskid,648,finish_time,166079.23706583923
taskid,650,finish_time,166080.2370658393
taskid,651,finish_time,166092.2370658394
taskid,591,finish_time,166142.98565174046
taskid,669,finish_time,166318.59823839416
taskid,666,finish_time,166402.1317256629
taskid,667,finish_time,166611.84858839607
taskid,671,finish_time,166710.6456702367
taskid,614,finish_time,166739.51777446314
taskid,691,start_time,166739.51777446314
taskid,672,finish_time,166742.9529327371
taskid,689,finish_time,166778.4423583229
taskid,687,finish_time,166826.0770658399
taskid,675,finish_time,166856.60102498933
taskid,670,finish_time,166951.1600571437
taskid,668,finish_time,166956.04040429558
taskid,677,finish_time,167057.35110832157
taskid,655,finish_time,167090.24459083867
taskid,607,finish_time,167120.39144209557
taskid,608,finish_time,167174.09231844038
taskid,692,start_time,167174.09231844038
taskid,676,finish_time,167181.61754582264
taskid,673,finish_time,167271.48623839658
taskid,678,finish_time,167296.1596444121
taskid,674,finish_time,167323.608365839
taskid,600,finish_time,167393.59089541447
taskid,681,finish_time,167444.24354582338
taskid,685,finish_time,167565.90006583906
taskid,682,finish_time,167891.92354582465
taskid,679,finish_time,167904.8031631633
taskid,680,finish_time,167916.6109158391
taskid,683,finish_time,167940.89879582298
taskid,684,finish_time,167977.37119083916
taskid,693,start_time,167977.37119083916
taskid,686,finish_time,167990.8576267399
taskid,694,start_time,167990.8576267399
taskid,590,finish_time,168099.65673333686
taskid,695,start_time,168099.65673333686
taskid,463,finish_time,168159.69804560745
taskid,696,start_time,168159.69804560745
taskid,697,start_time,168159.69804560745
taskid,462,finish_time,168220.279487017
taskid,698,start_time,168220.279487017
taskid,602,finish_time,169225.22144209506
taskid,599,finish_time,169278.4258204145
taskid,699,start_time,169278.4258204145
taskid,1,finish_time,169414.55785107048
taskid,700,start_time,169414.55785107048
taskid,586,finish_time,169426.76670754608
taskid,701,start_time,169426.76670754608
taskid,702,start_time,169426.76670754608
taskid,703,start_time,169426.76670754608
taskid,704,start_time,169426.76670754608
taskid,705,start_time,169426.76670754608
taskid,605,finish_time,169486.47144209623
taskid,606,finish_time,169672.8714420955
taskid,703,finish_time,169986.9776954492
taskid,587,finish_time,170118.8856434207
taskid,706,start_time,170118.8856434207
taskid,604,finish_time,170144.44014209497
taskid,704,finish_time,170318.65070754505
taskid,701,finish_time,170529.00930754596
taskid,698,finish_time,170859.1311889242
taskid,707,start_time,170859.1311889242
taskid,708,start_time,170859.1311889242
taskid,598,finish_time,170939.35375791474
taskid,601,finish_time,170985.73538291408
taskid,623,finish_time,171144.21847566264
taskid,603,finish_time,171334.47144209553
taskid,580,finish_time,171547.21800882037
taskid,709,start_time,171547.21800882037
taskid,710,start_time,171547.21800882037
taskid,711,start_time,171547.21800882037
taskid,712,start_time,171547.21800882037
taskid,713,start_time,171547.21800882037
taskid,709,finish_time,172309.81216688541
taskid,714,start_time,172309.81216688541
taskid,713,finish_time,172677.21800882037
taskid,715,start_time,172677.21800882037
taskid,712,finish_time,172681.21800881973
taskid,539,finish_time,173049.28624110424
taskid,710,finish_time,173840.66300882015
taskid,708,finish_time,173896.1311889243
taskid,88,finish_time,174387.3398572558
taskid,716,start_time,174387.3398572558
taskid,717,start_time,174387.3398572558
taskid,718,start_time,174387.3398572558
taskid,719,start_time,174387.3398572558
taskid,720,start_time,174387.3398572558
taskid,688,finish_time,174739.77330028833
taskid,721,start_time,174739.77330028833
taskid,722,start_time,174739.77330028833
taskid,720,finish_time,175032.94985725626
taskid,722,finish_time,175561.90930028821
taskid,723,start_time,175561.90930028821
taskid,721,finish_time,175580.37442528814
taskid,724,start_time,175580.37442528814
taskid,724,finish_time,176372.37442528855
taskid,725,start_time,176372.37442528855
taskid,705,finish_time,176392.76670754584
taskid,726,start_time,176392.76670754584
taskid,719,finish_time,177221.33985725575
taskid,727,start_time,177221.33985725575
taskid,702,finish_time,177553.9156242127
taskid,728,start_time,177553.9156242127
taskid,622,finish_time,177589.98608254318
taskid,729,start_time,177589.98608254318
taskid,725,finish_time,177634.61442528843
taskid,726,finish_time,177682.9602825463
taskid,700,finish_time,178069.12313416996
taskid,730,start_time,178069.12313416996
taskid,690,finish_time,178473.93306583964
taskid,699,finish_time,178862.5696627734
taskid,695,finish_time,180013.65673333738
taskid,692,finish_time,180117.16202677359
taskid,731,start_time,180117.16202677359
taskid,727,finish_time,180227.33985725493
taskid,693,finish_time,180476.65702171807
taskid,732,start_time,180476.65702171807
taskid,733,start_time,180476.65702171807
taskid,302,finish_time,180885.9950896328
taskid,734,start_time,180885.9950896328
taskid,735,start_time,180885.9950896328
taskid,736,start_time,180885.9950896328
taskid,737,start_time,180885.9950896328
taskid,738,start_time,180885.9950896328
taskid,714,finish_time,181072.81216688588
taskid,739,start_time,181072.81216688588
taskid,461,finish_time,181243.73479671392
taskid,740,start_time,181243.73479671392
taskid,737,finish_time,181774.2769646329
taskid,741,start_time,181774.2769646329
taskid,735,finish_time,182054.99508963275
taskid,740,finish_time,182184.77979671466
taskid,717,finish_time,183057.9948572555
taskid,739,finish_time,184116.8121668864
taskid,707,finish_time,184370.32871274528
taskid,742,start_time,184370.32871274528
taskid,743,start_time,184370.32871274528
taskid,597,finish_time,184396.20657807446
taskid,744,start_time,184396.20657807446
taskid,745,start_time,184396.20657807446
taskid,746,start_time,184396.20657807446
taskid,747,start_time,184396.20657807446
taskid,748,start_time,184396.20657807446
taskid,749,start_time,184396.20657807446
taskid,746,finish_time,185533.206578074
taskid,750,start_time,185533.206578074
taskid,745,finish_time,185560.2065780741
taskid,751,start_time,185560.2065780741
taskid,715,finish_time,185909.42679857358
taskid,752,start_time,185909.42679857358
taskid,753,start_time,185909.42679857358
taskid,754,start_time,185909.42679857358
taskid,755,start_time,185909.42679857358
taskid,756,start_time,185909.42679857358
taskid,757,start_time,185909.42679857358
taskid,758,start_time,185909.42679857358
taskid,759,start_time,185909.42679857358
taskid,760,start_time,185909.42679857358
taskid,761,start_time,185909.42679857358
taskid,762,start_time,185909.42679857358
taskid,763,start_time,185909.42679857358
taskid,764,start_time,185909.42679857358
taskid,765,start_time,185909.42679857358
taskid,728,finish_time,186281.72562421404
taskid,751,finish_time,186669.65337807397
taskid,749,finish_time,187976.20657807475
taskid,538,finish_time,188034.3681860635
taskid,752,finish_time,188180.19092357386
taskid,753,finish_time,188333.4267985738
taskid,748,finish_time,188496.20657807475
taskid,750,finish_time,188844.20304265743
taskid,716,finish_time,188956.36602337964
taskid,173,finish_time,189895.2639165837
taskid,470,finish_time,191097.21788494397
taskid,736,finish_time,192663.95008963405
taskid,729,finish_time,193371.98608254272
taskid,759,finish_time,193455.4967985723
taskid,754,finish_time,194337.49907357374
taskid,734,finish_time,194408.3504014474
taskid,738,finish_time,194679.99508963304
taskid,76,finish_time,194941.76951434495
taskid,766,start_time,194941.76951434495
taskid,764,finish_time,195082.01357357338
taskid,767,start_time,195082.01357357338
taskid,762,finish_time,195271.4267985731
taskid,756,finish_time,195531.76467357337
taskid,760,finish_time,195883.64169857337
taskid,763,finish_time,196836.4267985731
taskid,757,finish_time,196895.42679857422
taskid,761,finish_time,196937.42679857463
taskid,758,finish_time,196973.42679857265
taskid,755,finish_time,197303.76962357364
taskid,469,finish_time,197874.7170909848
taskid,258,finish_time,198441.0576071456
taskid,305,finish_time,199453.54971221683
taskid,768,start_time,199453.54971221683
taskid,769,start_time,199453.54971221683
taskid,770,start_time,199453.54971221683
taskid,771,start_time,199453.54971221683
taskid,765,finish_time,199548.4267985738
taskid,772,start_time,199548.4267985738
taskid,87,finish_time,199817.563699128
taskid,773,start_time,199817.563699128
taskid,771,finish_time,200254.31474971707
taskid,774,start_time,200254.31474971707
taskid,770,finish_time,200587.54971221794
taskid,775,start_time,200587.54971221794
taskid,774,finish_time,201405.42448096682
taskid,776,start_time,201405.42448096682
taskid,775,finish_time,201586.14126221865
taskid,7,finish_time,201674.8327738325
taskid,594,finish_time,201932.30656427157
taskid,777,start_time,201932.30656427157
taskid,742,finish_time,202433.32308700588
taskid,769,finish_time,202537.54971221765
taskid,776,finish_time,202556.42448096746
taskid,744,finish_time,206225.73436729974
taskid,778,start_time,206225.73436729974
taskid,779,start_time,206225.73436729974
taskid,780,start_time,206225.73436729974
taskid,781,start_time,206225.73436729974
taskid,780,finish_time,207092.3903673004
taskid,781,finish_time,207105.59936729973
taskid,4,finish_time,207830.71330654382
taskid,782,start_time,207830.71330654382
taskid,783,start_time,207830.71330654382
taskid,784,start_time,207830.71330654382
taskid,779,finish_time,208513.32036730033
taskid,245,finish_time,208514.42802348855
taskid,784,finish_time,208561.9932565437
taskid,783,finish_time,208982.71330654365
taskid,767,finish_time,211195.98334172874
taskid,785,start_time,211195.98334172874
taskid,768,finish_time,211476.9865408451
taskid,786,start_time,211476.9865408451
taskid,787,start_time,211476.9865408451
taskid,788,start_time,211476.9865408451
taskid,789,start_time,211476.9865408451
taskid,790,start_time,211476.9865408451
taskid,791,start_time,211476.9865408451
taskid,792,start_time,211476.9865408451
taskid,793,start_time,211476.9865408451
taskid,794,start_time,211476.9865408451
taskid,791,finish_time,212792.5432991785
taskid,790,finish_time,214018.98654084493
taskid,777,finish_time,214139.6802772467
taskid,795,start_time,214139.6802772467
taskid,796,start_time,214139.6802772467
taskid,797,start_time,214139.6802772467
taskid,787,finish_time,214195.81769084485
taskid,773,finish_time,214728.81707009661
taskid,798,start_time,214728.81707009661
taskid,799,start_time,214728.81707009661
taskid,800,start_time,214728.81707009661
taskid,801,start_time,214728.81707009661
taskid,802,start_time,214728.81707009661
taskid,788,finish_time,214779.98654084498
taskid,789,finish_time,215124.9865408447
taskid,797,finish_time,215196.68027724768
taskid,796,finish_time,215235.380652247
taskid,802,finish_time,215668.06464509637
taskid,799,finish_time,215687.8170700954
taskid,801,finish_time,215749.8170700961
taskid,803,start_time,215749.8170700961
taskid,800,finish_time,215806.81707009563
taskid,468,finish_time,218569.56195804744
taskid,747,finish_time,219628.45779235967
taskid,696,finish_time,219633.20063935747
taskid,792,finish_time,219692.81654084465
taskid,794,finish_time,219879.9598408454
taskid,778,finish_time,221019.35183039497
taskid,804,start_time,221019.35183039497
taskid,805,start_time,221019.35183039497
taskid,806,start_time,221019.35183039497
taskid,807,start_time,221019.35183039497
taskid,808,start_time,221019.35183039497
taskid,809,start_time,221019.35183039497
taskid,810,start_time,221019.35183039497
taskid,806,finish_time,221785.40190539506
taskid,811,start_time,221785.40190539506
taskid,807,finish_time,221862.9918303947
taskid,812,start_time,221862.9918303947
taskid,809,finish_time,222003.35183039375
taskid,813,start_time,222003.35183039375
taskid,805,finish_time,222035.35183039415
taskid,808,finish_time,222036.35183039508
taskid,811,finish_time,222709.541030395
taskid,793,finish_time,222863.98654084493
taskid,786,finish_time,222880.97082696817
taskid,814,start_time,222880.97082696817
taskid,815,start_time,222880.97082696817
taskid,812,finish_time,222896.99183039492
taskid,816,start_time,222896.99183039492
taskid,813,finish_time,223065.35183039328
taskid,817,start_time,223065.35183039328
taskid,816,finish_time,223694.99183039364
taskid,818,start_time,223694.99183039364
taskid,817,finish_time,223774.70753664305
taskid,819,start_time,223774.70753664305
taskid,818,finish_time,224477.05983039437
taskid,819,finish_time,224559.74353664185
taskid,785,finish_time,224912.86202608637
taskid,820,start_time,224912.86202608637
taskid,821,start_time,224912.86202608637
taskid,694,finish_time,226435.28937673982
taskid,300,finish_time,227038.50930244845
taskid,822,start_time,227038.50930244845
taskid,823,start_time,227038.50930244845
taskid,823,finish_time,228066.50930244746
taskid,803,finish_time,228075.61915670955
taskid,824,start_time,228075.61915670955
taskid,825,start_time,228075.61915670955
taskid,826,start_time,228075.61915670955
taskid,827,start_time,228075.61915670955
taskid,828,start_time,228075.61915670955
taskid,711,finish_time,228194.77865891604
taskid,829,start_time,228194.77865891604
taskid,830,start_time,228194.77865891604
taskid,831,start_time,228194.77865891604
taskid,824,finish_time,228805.9816096647
taskid,832,start_time,228805.9816096647
taskid,833,start_time,228805.9816096647
taskid,834,start_time,228805.9816096647
taskid,830,finish_time,228915.93942141582
taskid,831,finish_time,228926.05860891592
taskid,829,finish_time,228931.03943034445
taskid,835,start_time,228931.03943034445
taskid,827,finish_time,229123.61483795973
taskid,826,finish_time,229142.6191567091
taskid,825,finish_time,229174.6191567089
taskid,836,start_time,229174.6191567089
taskid,822,finish_time,229387.4310024459
taskid,837,start_time,229387.4310024459
taskid,834,finish_time,229635.54583883143
taskid,838,start_time,229635.54583883143
taskid,838,finish_time,230564.3522888317
taskid,839,start_time,230564.3522888317
taskid,839,finish_time,231629.3522888314
taskid,804,finish_time,232233.6755099771
taskid,840,start_time,232233.6755099771
taskid,841,start_time,232233.6755099771
taskid,842,start_time,232233.6755099771
taskid,836,finish_time,232831.66324074214
taskid,843,start_time,232831.66324074214
taskid,782,finish_time,233310.88361320947
taskid,844,start_time,233310.88361320947
taskid,842,finish_time,233332.67550997646
taskid,845,start_time,233332.67550997646
taskid,844,finish_time,233800.16455119342
taskid,846,start_time,233800.16455119342
taskid,814,finish_time,233856.47170116202
taskid,847,start_time,233856.47170116202
taskid,848,start_time,233856.47170116202
taskid,849,start_time,233856.47170116202
taskid,850,start_time,233856.47170116202
taskid,845,finish_time,234188.39050997666
taskid,843,finish_time,234914.8659062762
taskid,851,start_time,234914.8659062762
taskid,848,finish_time,235085.47170116167
taskid,841,finish_time,236000.68901663972
taskid,852,start_time,236000.68901663972
taskid,840,finish_time,236275.49317330972
taskid,853,start_time,236275.49317330972
taskid,854,start_time,236275.49317330972
taskid,833,finish_time,237298.40710966467
taskid,479,finish_time,237331.10004128868
taskid,855,start_time,237331.10004128868
taskid,856,start_time,237331.10004128868
taskid,857,start_time,237331.10004128868
taskid,858,start_time,237331.10004128868
taskid,859,start_time,237331.10004128868
taskid,860,start_time,237331.10004128868
taskid,861,start_time,237331.10004128868
taskid,862,start_time,237331.10004128868
taskid,863,start_time,237331.10004128868
taskid,864,start_time,237331.10004128868
taskid,865,start_time,237331.10004128868
taskid,866,start_time,237331.10004128868
taskid,867,start_time,237331.10004128868
taskid,868,start_time,237331.10004128868
taskid,869,start_time,237331.10004128868
taskid,870,start_time,237331.10004128868
taskid,853,finish_time,237679.00362511404
taskid,871,start_time,237679.00362511404
taskid,872,start_time,237679.00362511404
taskid,873,start_time,237679.00362511404
taskid,874,start_time,237679.00362511404
taskid,875,start_time,237679.00362511404
taskid,876,start_time,237679.00362511404
taskid,877,start_time,237679.00362511404
taskid,878,start_time,237679.00362511404
taskid,828,finish_time,237874.70878170975
taskid,879,start_time,237874.70878170975
taskid,852,finish_time,237940.60612330103
taskid,880,start_time,237940.60612330103
taskid,881,start_time,237940.60612330103
taskid,882,start_time,237940.60612330103
taskid,883,start_time,237940.60612330103
taskid,884,start_time,237940.60612330103
taskid,885,start_time,237940.60612330103
taskid,886,start_time,237940.60612330103
taskid,887,start_time,237940.60612330103
taskid,867,finish_time,238911.24178920532
taskid,869,finish_time,239118.8037912886
taskid,868,finish_time,239230.0950412881
taskid,858,finish_time,239260.99036628884
taskid,876,finish_time,239377.44162511436
taskid,857,finish_time,239401.6189787887
taskid,874,finish_time,239426.38895011396
taskid,865,finish_time,239441.03011628884
taskid,888,start_time,239441.03011628884
taskid,873,finish_time,239513.5986251143
taskid,889,start_time,239513.5986251143
taskid,875,finish_time,239513.5986251143
taskid,878,finish_time,239518.42862511438
taskid,887,finish_time,239528.11606080103
taskid,884,finish_time,239557.65228580078
taskid,863,finish_time,239654.10004128827
taskid,859,finish_time,239654.10004128827
taskid,856,finish_time,239654.10004128827
taskid,861,finish_time,239654.10004128827
taskid,890,start_time,239654.10004128827
taskid,862,finish_time,239657.10004128786
taskid,860,finish_time,239660.10004128804
taskid,864,finish_time,239670.1000412889
taskid,870,finish_time,239670.1000412889
taskid,866,finish_time,239674.1000412874
taskid,882,finish_time,239739.3867483011
taskid,880,finish_time,239848.45612330135
taskid,886,finish_time,239870.1911233008
taskid,772,finish_time,239875.35388083215
taskid,891,start_time,239875.35388083215
taskid,849,finish_time,239897.83570116162
taskid,885,finish_time,239931.97379830066
taskid,877,finish_time,239958.00362511515
taskid,872,finish_time,239962.0036251151
taskid,871,finish_time,240034.00362511317
taskid,879,finish_time,240170.70878171097
taskid,883,finish_time,240310.6061233016
taskid,881,finish_time,240337.60612330143
taskid,892,start_time,240337.60612330143
taskid,890,finish_time,240360.68358057478
taskid,893,start_time,240360.68358057478
taskid,837,finish_time,240696.17340244973
taskid,894,start_time,240696.17340244973
taskid,256,finish_time,243673.10760714492
taskid,821,finish_time,243806.95133880829
taskid,697,finish_time,245002.69804560792
taskid,847,finish_time,247194.51670116172
taskid,741,finish_time,247655.921774633
taskid,895,start_time,247655.921774633
taskid,896,start_time,247655.921774633
taskid,731,finish_time,248449.97664587875
taskid,897,start_time,248449.97664587875
taskid,895,finish_time,250923.4343615504
taskid,898,start_time,250923.4343615504
taskid,899,start_time,250923.4343615504
taskid,898,finish_time,251538.96220678874
taskid,900,start_time,251538.96220678874
taskid,901,start_time,251538.96220678874
taskid,899,finish_time,251583.5103680001
taskid,902,start_time,251583.5103680001
taskid,903,start_time,251583.5103680001
taskid,901,finish_time,252181.94789428878
taskid,904,start_time,252181.94789428878
taskid,820,finish_time,252423.80013619462
taskid,905,start_time,252423.80013619462
taskid,906,start_time,252423.80013619462
taskid,907,start_time,252423.80013619462
taskid,908,start_time,252423.80013619462
taskid,909,start_time,252423.80013619462
taskid,910,start_time,252423.80013619462
taskid,911,start_time,252423.80013619462
taskid,912,start_time,252423.80013619462
taskid,903,finish_time,252668.51036800127
taskid,913,start_time,252668.51036800127
taskid,904,finish_time,253887.3682942885
taskid,914,start_time,253887.3682942885
taskid,907,finish_time,254131.14213619469
taskid,915,start_time,254131.14213619469
taskid,912,finish_time,254131.14213619469
taskid,916,start_time,254131.14213619469
taskid,906,finish_time,254276.1051361935
taskid,917,start_time,254276.1051361935
taskid,913,finish_time,254439.4781680012
taskid,918,start_time,254439.4781680012
taskid,905,finish_time,254495.90816119482
taskid,919,start_time,254495.90816119482
taskid,908,finish_time,254703.3720736939
taskid,920,start_time,254703.3720736939
taskid,909,finish_time,254724.80013619468
taskid,921,start_time,254724.80013619468
taskid,910,finish_time,254724.80013619468
taskid,922,start_time,254724.80013619468
taskid,911,finish_time,254724.80013619468
taskid,923,start_time,254724.80013619468
taskid,914,finish_time,255819.7509442887
taskid,924,start_time,255819.7509442887
taskid,915,finish_time,255857.03413619485
taskid,925,start_time,255857.03413619485
taskid,918,finish_time,255997.51534716776
taskid,926,start_time,255997.51534716776
taskid,920,finish_time,256266.09810077702
taskid,927,start_time,256266.09810077702
taskid,922,finish_time,256281.497644528
taskid,928,start_time,256281.497644528
taskid,916,finish_time,256457.14213619387
taskid,929,start_time,256457.14213619387
taskid,917,finish_time,256602.1051361927
taskid,930,start_time,256602.1051361927
taskid,919,finish_time,256823.9081611947
taskid,931,start_time,256823.9081611947
taskid,923,finish_time,257038.80013619462
taskid,932,start_time,257038.80013619462
taskid,921,finish_time,257046.80013619363
taskid,933,start_time,257046.80013619363
taskid,924,finish_time,257739.67196928864
taskid,934,start_time,257739.67196928864
taskid,928,finish_time,257832.1666341115
taskid,935,start_time,257832.1666341115
taskid,925,finish_time,257938.1474111951
taskid,936,start_time,257938.1474111951
taskid,926,finish_time,258308.5153471681
taskid,937,start_time,258308.5153471681
taskid,930,finish_time,258320.57713619317
taskid,938,start_time,258320.57713619317
taskid,927,finish_time,258580.09810077783
taskid,939,start_time,258580.09810077783
taskid,929,finish_time,258780.14213619346
taskid,940,start_time,258780.14213619346
taskid,933,finish_time,258930.50013619417
taskid,941,start_time,258930.50013619417
taskid,931,finish_time,259122.1616986947
taskid,942,start_time,259122.1616986947
taskid,932,finish_time,259354.80013619555
taskid,943,start_time,259354.80013619555
taskid,934,finish_time,259497.46771928857
taskid,944,start_time,259497.46771928857
taskid,855,finish_time,260158.91935399015
taskid,945,start_time,260158.91935399015
taskid,946,start_time,260158.91935399015
taskid,947,start_time,260158.91935399015
taskid,948,start_time,260158.91935399015
taskid,949,start_time,260158.91935399015
taskid,950,start_time,260158.91935399015
taskid,951,start_time,260158.91935399015
taskid,952,start_time,260158.91935399015
taskid,938,finish_time,260169.6621361925
taskid,953,start_time,260169.6621361925
taskid,935,finish_time,260172.16663411207
taskid,936,finish_time,260254.14741119574
taskid,730,finish_time,260442.1220330305
taskid,954,start_time,260442.1220330305
taskid,955,start_time,260442.1220330305
taskid,956,start_time,260442.1220330305
taskid,957,start_time,260442.1220330305
taskid,937,finish_time,260608.5153471684
taskid,958,start_time,260608.5153471684
taskid,940,finish_time,260629.22713619279
taskid,959,start_time,260629.22713619279
taskid,942,finish_time,260826.53569869552
taskid,960,start_time,260826.53569869552
taskid,939,finish_time,260883.09810077655
taskid,961,start_time,260883.09810077655
taskid,954,finish_time,261103.5656330291
taskid,962,start_time,261103.5656330291
taskid,963,start_time,261103.5656330291
taskid,964,start_time,261103.5656330291
taskid,965,start_time,261103.5656330291
taskid,941,finish_time,261230.50013619388
taskid,943,finish_time,261661.8001361948
taskid,944,finish_time,261778.86607553842
taskid,950,finish_time,261845.4853539906
taskid,966,start_time,261845.4853539906
taskid,947,finish_time,261878.00716649022
taskid,967,start_time,261878.00716649022
taskid,945,finish_time,261976.60935399102
taskid,946,finish_time,261981.43935398993
taskid,948,finish_time,261987.07435399128
taskid,949,finish_time,261997.5393539895
taskid,952,finish_time,262415.91935399023
taskid,951,finish_time,262436.9193539907
taskid,953,finish_time,262610.98541119235
taskid,965,finish_time,262693.5656330287
taskid,967,finish_time,262838.8184789903
taskid,464,finish_time,263109.5750322643
taskid,465,finish_time,263401.6869385286
taskid,466,finish_time,263731.48596311966
taskid,958,finish_time,267671.9298159185
taskid,959,finish_time,268657.22713619296
taskid,743,finish_time,268870.8051953281
taskid,832,finish_time,269755.87984579924
taskid,960,finish_time,271105.5356986938
taskid,957,finish_time,271818.12203303125
taskid,968,start_time,271818.12203303125
taskid,966,finish_time,273520.7532706334
taskid,963,finish_time,274017.33363302925
taskid,962,finish_time,274093.85063302715
taskid,961,finish_time,275162.0981007769
taskid,964,finish_time,275593.44536636246
taskid,968,finish_time,277236.6310202062
taskid,969,start_time,277236.6310202062
taskid,970,start_time,277236.6310202062
taskid,971,start_time,277236.6310202062
taskid,972,start_time,277236.6310202062
taskid,973,start_time,277236.6310202062
taskid,974,start_time,277236.6310202062
taskid,894,finish_time,277553.2479331128
taskid,975,start_time,277553.2479331128
taskid,972,finish_time,278629.35920770565
taskid,976,start_time,278629.35920770565
taskid,971,finish_time,278711.6678952064
taskid,846,finish_time,278896.9644257771
taskid,977,start_time,278896.9644257771
taskid,732,finish_time,278916.3492507168
taskid,978,start_time,278916.3492507168
taskid,979,start_time,278916.3492507168
taskid,980,start_time,278916.3492507168
taskid,981,start_time,278916.3492507168
taskid,982,start_time,278916.3492507168
taskid,973,finish_time,278929.63102020434
taskid,969,finish_time,279374.5204437846
taskid,983,start_time,279374.5204437846
taskid,984,start_time,279374.5204437846
taskid,985,start_time,279374.5204437846
taskid,975,finish_time,279419.97734951123
taskid,986,start_time,279419.97734951123
taskid,987,start_time,279419.97734951123
taskid,988,start_time,279419.97734951123
taskid,989,start_time,279419.97734951123
taskid,982,finish_time,279562.3492507189
taskid,0,finish_time,280026.8563959587
taskid,976,finish_time,280030.99720770604
taskid,979,finish_time,280422.3492507177
taskid,988,finish_time,280726.9773495102
taskid,987,finish_time,280945.97734951216
taskid,989,finish_time,281071.977349509
taskid,990,start_time,281071.977349509
taskid,986,finish_time,281120.07499950903
taskid,991,start_time,281120.07499950903
taskid,985,finish_time,281417.52044378215
taskid,974,finish_time,281676.20602020813
taskid,990,finish_time,281814.4797968006
taskid,992,start_time,281814.4797968006
taskid,993,start_time,281814.4797968006
taskid,993,finish_time,282383.7977693018
taskid,994,start_time,282383.7977693018
taskid,995,start_time,282383.7977693018
taskid,897,finish_time,282773.915889024
taskid,996,start_time,282773.915889024
taskid,997,start_time,282773.915889024
taskid,992,finish_time,282790.9587030499
taskid,998,start_time,282790.9587030499
taskid,999,start_time,282790.9587030499
taskid,956,finish_time,283156.0020330292
taskid,810,finish_time,283303.85706077854
taskid,994,finish_time,283421.72371930163
taskid,733,finish_time,283569.19531490287
taskid,978,finish_time,284451.65992491203
taskid,998,finish_time,286180.81370305
taskid,999,finish_time,286228.36507805006
taskid,997,finish_time,286945.70095152425
taskid,981,finish_time,287797.538125717
taskid,902,finish_time,287924.4471678612
taskid,980,finish_time,289663.34925071517
taskid,995,finish_time,289776.87615680136
taskid,996,finish_time,290929.71195030556
taskid,955,finish_time,299195.62463754194
taskid,850,finish_time,302872.6091961621
taskid,554,finish_time,304675.0867062871
taskid,516,finish_time,305980.29316048214
taskid,517,finish_time,311265.3374532331
taskid,515,finish_time,314044.21988638886
taskid,835,finish_time,316111.85948336386
taskid,718,finish_time,319059.609417256
taskid,798,finish_time,330176.5767249464
taskid,795,finish_time,334647.4489897457
taskid,983,finish_time,338286.9733315031
taskid,706,finish_time,338522.323520016
taskid,888,finish_time,341924.34710748453
taskid,891,finish_time,345886.20174288575
taskid,892,finish_time,346180.56457349117
taskid,766,finish_time,363329.9903010076
taskid,991,finish_time,363644.22812672827
taskid,851,finish_time,368629.95930627256
taskid,970,finish_time,369523.4726238631
taskid,556,finish_time,373849.27364010044
taskid,977,finish_time,377522.1273007769
taskid,893,finish_time,383693.0226800172
taskid,896,finish_time,393156.34577463276
taskid,57,finish_time,393840.94791597535
taskid,984,finish_time,408057.44823733286
taskid,900,finish_time,425389.03881968063
taskid,691,finish_time,428338.1798407784
taskid,96,finish_time,447109.6270890711
taskid,214,finish_time,465774.5498525099
taskid,854,finish_time,470032.4931733099
taskid,815,finish_time,473525.3412588559
taskid,248,finish_time,493278.20666000544
taskid,181,finish_time,516109.67939307785
taskid,154,finish_time,612490.2320855616
taskid,417,finish_time,647297.6142362508
taskid,889,finish_time,654276.9573751146
taskid,215,finish_time,667214.2828125203
taskid,246,finish_time,667607.8949451621
taskid,254,finish_time,667690.698780186
taskid,345,finish_time,686396.3385939088
taskid,421,finish_time,744001.0511446596
taskid,723,finish_time,791607.8517166969
